0 verbose cli /usr/local/bin/node /usr/local/bin/npm
1 info using npm@10.9.8
2 info using node@v22.23.2
3 silly config load:file:/usr/local/lib/node_modules/npm/npmrc
4 silly config load:file:/firebase-home/.npmrc
5 silly config load:file:/usr/local/etc/npmrc
6 verbose title npm install firebase-tools@latest
7 verbose argv "install" "--global" "firebase-tools@latest"
8 verbose logfile logs-max:10 dir:/firebase-home/.npm/_logs/2026-08-03T16_23_59_492Z-
9 verbose logfile /firebase-home/.npm/_logs/2026-08-03T16_23_59_492Z-debug-0.log
10 silly packumentCache heap:2197815296 maxSize:549453824 maxEntrySize:274726912
11 silly logfile start cleaning logs, removing 1 files
12 silly packumentCache corgi:https://registry.npmjs.org/firebase-tools cache-miss
13 silly logfile done cleaning log files
14 http fetch GET 200 https://registry.npmjs.org/firebase-tools 369ms (cache revalidated)
15 silly packumentCache corgi:https://registry.npmjs.org/firebase-tools set size:1504331 disposed:false
16 silly idealTree buildDeps
17 silly fetch manifest firebase-tools@15.25.1
18 silly packumentCache full:https://registry.npmjs.org/firebase-tools cache-miss
19 http fetch GET 200 https://registry.npmjs.org/firebase-tools 239ms (cache revalidated)
20 silly packumentCache full:https://registry.npmjs.org/firebase-tools set size:2461582 disposed:false
21 silly placeDep ROOT firebase-tools@15.25.1 OK for:  want: 15.25.1
22 silly fetch manifest pg@^8.11.3
23 silly packumentCache full:https://registry.npmjs.org/pg cache-miss
24 silly fetch manifest ws@^8.21.1
25 silly packumentCache full:https://registry.npmjs.org/ws cache-miss
26 silly fetch manifest ajv@^8.17.1
27 silly packumentCache full:https://registry.npmjs.org/ajv cache-miss
28 silly fetch manifest ora@^5.4.1
29 silly packumentCache full:https://registry.npmjs.org/ora cache-miss
30 silly fetch manifest tar@^7.5.11
31 silly packumentCache full:https://registry.npmjs.org/tar cache-miss
32 silly fetch manifest tmp@^0.2.3
33 silly packumentCache full:https://registry.npmjs.org/tmp cache-miss
34 silly fetch manifest zod@^4.0.0
35 silly packumentCache full:https://registry.npmjs.org/zod cache-miss
36 silly fetch manifest cors@^2.8.5
37 silly packumentCache full:https://registry.npmjs.org/cors cache-miss
38 silly fetch manifest glob@^10.5.0
39 silly packumentCache full:https://registry.npmjs.org/glob cache-miss
40 silly fetch manifest mime@^2.5.2
41 silly packumentCache full:https://registry.npmjs.org/mime cache-miss
42 silly fetch manifest open@^6.3.0
43 silly packumentCache full:https://registry.npmjs.org/open cache-miss
44 http fetch GET 200 https://registry.npmjs.org/pg 217ms (cache revalidated)
45 silly packumentCache full:https://registry.npmjs.org/pg set size:479959 disposed:false
46 silly fetch manifest yaml@^2.8.3
47 silly packumentCache full:https://registry.npmjs.org/yaml cache-miss
48 http fetch GET 200 https://registry.npmjs.org/yaml 101ms (cache revalidated)
49 silly packumentCache full:https://registry.npmjs.org/yaml set size:385754 disposed:false
50 silly fetch manifest cjson@^0.3.1
51 silly packumentCache full:https://registry.npmjs.org/cjson cache-miss
52 http fetch GET 200 https://registry.npmjs.org/tar 341ms (cache revalidated)
53 silly packumentCache full:https://registry.npmjs.org/tar set size:591769 disposed:false
54 silly fetch manifest fuzzy@^0.1.3
55 silly packumentCache full:https://registry.npmjs.org/fuzzy cache-miss
56 http fetch GET 200 https://registry.npmjs.org/ajv 359ms (cache revalidated)
57 silly packumentCache full:https://registry.npmjs.org/ajv set size:1142658 disposed:false
58 silly fetch manifest lsofi@^2.0.0
59 silly packumentCache full:https://registry.npmjs.org/lsofi cache-miss
60 http fetch GET 200 https://registry.npmjs.org/zod 364ms (cache revalidated)
61 silly packumentCache full:https://registry.npmjs.org/zod set size:3552562 disposed:false
62 silly fetch manifest retry@^0.13.1
63 silly packumentCache full:https://registry.npmjs.org/retry cache-miss
64 http fetch GET 200 https://registry.npmjs.org/ws 411ms (cache revalidated)
65 silly packumentCache full:https://registry.npmjs.org/ws set size:426754 disposed:false
66 silly fetch manifest gaxios@^6.7.0
67 silly packumentCache full:https://registry.npmjs.org/gaxios cache-miss
68 http fetch GET 200 https://registry.npmjs.org/ora 413ms (cache revalidated)
69 silly packumentCache full:https://registry.npmjs.org/ora set size:147148 disposed:false
70 silly fetch manifest ignore@^7.0.4
71 silly packumentCache full:https://registry.npmjs.org/ignore cache-miss
72 http fetch GET 200 https://registry.npmjs.org/cors 417ms (cache revalidated)
73 silly packumentCache full:https://registry.npmjs.org/cors set size:77956 disposed:false
74 silly fetch manifest lodash@^4.18.0
75 silly packumentCache full:https://registry.npmjs.org/lodash cache-miss
76 http fetch GET 200 https://registry.npmjs.org/glob 426ms (cache revalidated)
77 silly packumentCache full:https://registry.npmjs.org/glob set size:469465 disposed:false
78 silly fetch manifest marked@^13.0.2
79 silly packumentCache full:https://registry.npmjs.org/marked cache-miss
80 http fetch GET 200 https://registry.npmjs.org/tmp 447ms (cache revalidated)
81 silly packumentCache full:https://registry.npmjs.org/tmp set size:79523 disposed:false
82 silly fetch manifest morgan@^1.10.0
83 silly packumentCache full:https://registry.npmjs.org/morgan cache-miss
84 http fetch GET 200 https://registry.npmjs.org/mime 432ms (cache revalidated)
85 silly packumentCache full:https://registry.npmjs.org/mime set size:119236 disposed:false
86 silly fetch manifest semver@^7.5.2
87 silly packumentCache full:https://registry.npmjs.org/semver cache-miss
88 http fetch GET 200 https://registry.npmjs.org/open 434ms (cache revalidated)
89 silly packumentCache full:https://registry.npmjs.org/open set size:136392 disposed:false
90 silly fetch manifest undici@^6.19.0
91 silly packumentCache full:https://registry.npmjs.org/undici cache-miss
92 http fetch GET 200 https://registry.npmjs.org/gaxios 143ms (cache revalidated)
93 silly packumentCache full:https://registry.npmjs.org/gaxios set size:359495 disposed:false
94 silly fetch manifest express@^4.16.4
95 silly packumentCache full:https://registry.npmjs.org/express cache-miss
96 http fetch GET 200 https://registry.npmjs.org/retry 164ms (cache revalidated)
97 silly packumentCache full:https://registry.npmjs.org/retry set size:31161 disposed:false
98 silly fetch manifest js-yaml@^4.2.0
99 silly packumentCache full:https://registry.npmjs.org/js-yaml cache-miss
100 http fetch GET 200 https://registry.npmjs.org/ignore 167ms (cache revalidated)
101 silly packumentCache full:https://registry.npmjs.org/ignore set size:240910 disposed:false
102 silly fetch manifest winston@^3.0.0
103 silly packumentCache full:https://registry.npmjs.org/winston cache-miss
104 http fetch GET 200 https://registry.npmjs.org/lodash 157ms (cache revalidated)
105 silly packumentCache full:https://registry.npmjs.org/lodash set size:247652 disposed:false
106 silly fetch manifest archiver@^7.0.0
107 silly packumentCache full:https://registry.npmjs.org/archiver cache-miss
108 http fetch GET 200 https://registry.npmjs.org/morgan 150ms (cache revalidated)
109 silly packumentCache full:https://registry.npmjs.org/morgan set size:78895 disposed:false
110 silly fetch manifest chokidar@^3.6.0
111 silly packumentCache full:https://registry.npmjs.org/chokidar cache-miss
112 http fetch GET 200 https://registry.npmjs.org/marked 158ms (cache revalidated)
113 silly packumentCache full:https://registry.npmjs.org/marked set size:757491 disposed:false
114 silly fetch manifest exegesis@^4.2.0
115 silly packumentCache full:https://registry.npmjs.org/exegesis cache-miss
116 http fetch GET 200 https://registry.npmjs.org/undici 155ms (cache revalidated)
117 silly packumentCache full:https://registry.npmjs.org/undici set size:1531430 disposed:false
118 silly fetch manifest fs-extra@^10.1.0
119 silly packumentCache full:https://registry.npmjs.org/fs-extra cache-miss
120 http fetch GET 200 https://registry.npmjs.org/semver 179ms (cache revalidated)
121 silly packumentCache full:https://registry.npmjs.org/semver set size:246069 disposed:false
122 silly fetch manifest pglite-2@npm:@electric-sql/pglite@0.2.17
123 silly packumentCache full:https://registry.npmjs.org/@electric-sql%2fpglite cache-miss
124 http fetch GET 200 https://registry.npmjs.org/cjson 359ms (cache revalidated)
125 silly packumentCache full:https://registry.npmjs.org/cjson set size:24554 disposed:false
126 silly fetch manifest progress@^2.0.3
127 silly packumentCache full:https://registry.npmjs.org/progress cache-miss
128 http fetch GET 200 https://registry.npmjs.org/fuzzy 342ms (cache revalidated)
129 silly packumentCache full:https://registry.npmjs.org/fuzzy set size:12033 disposed:false
130 silly fetch manifest colorette@^2.0.19
131 silly packumentCache full:https://registry.npmjs.org/colorette cache-miss
132 http fetch GET 200 https://registry.npmjs.org/lsofi 356ms (cache revalidated)
133 silly packumentCache full:https://registry.npmjs.org/lsofi set size:5929 disposed:false
134 silly fetch manifest commander@^5.1.0
135 silly packumentCache full:https://registry.npmjs.org/commander cache-miss
136 http fetch GET 200 https://registry.npmjs.org/js-yaml 204ms (cache revalidated)
137 silly packumentCache full:https://registry.npmjs.org/js-yaml set size:184624 disposed:false
138 silly fetch manifest cross-env@^7.0.3
139 silly packumentCache full:https://registry.npmjs.org/cross-env cache-miss
140 http fetch GET 200 https://registry.npmjs.org/express 219ms (cache revalidated)
141 silly packumentCache full:https://registry.npmjs.org/express set size:804956 disposed:false
142 silly fetch manifest csv-parse@^5.0.4
143 silly packumentCache full:https://registry.npmjs.org/csv-parse cache-miss
144 http fetch GET 200 https://registry.npmjs.org/chokidar 234ms (cache revalidated)
145 silly packumentCache full:https://registry.npmjs.org/chokidar set size:255902 disposed:false
146 silly fetch manifest form-data@^4.0.1
147 silly packumentCache full:https://registry.npmjs.org/form-data cache-miss
148 http fetch GET 200 https://registry.npmjs.org/winston 262ms (cache revalidated)
149 silly packumentCache full:https://registry.npmjs.org/winston set size:276467 disposed:false
150 silly fetch manifest minimatch@^3.0.4
151 silly packumentCache full:https://registry.npmjs.org/minimatch cache-miss
152 http fetch GET 200 https://registry.npmjs.org/archiver 261ms (cache revalidated)
153 silly packumentCache full:https://registry.npmjs.org/archiver set size:169973 disposed:false
154 silly fetch manifest async-lock@1.4.1
155 silly packumentCache full:https://registry.npmjs.org/async-lock cache-miss
156 http fetch GET 200 https://registry.npmjs.org/fs-extra 240ms (cache revalidated)
157 silly packumentCache full:https://registry.npmjs.org/fs-extra set size:239581 disposed:false
158 silly fetch manifest cli-table3@0.6.5
159 silly packumentCache full:https://registry.npmjs.org/cli-table3 cache-miss
160 http fetch GET 200 https://registry.npmjs.org/progress 204ms (cache revalidated)
161 silly packumentCache full:https://registry.npmjs.org/progress set size:34179 disposed:false
162 silly fetch manifest node-fetch@^2.6.7
163 silly packumentCache full:https://registry.npmjs.org/node-fetch cache-miss
164 http fetch GET 200 https://registry.npmjs.org/@electric-sql%2fpglite 255ms (cache revalidated)
165 silly packumentCache full:https://registry.npmjs.org/@electric-sql%2fpglite set size:344589 disposed:false
166 silly fetch manifest pg-gateway@^0.3.0-beta.4
167 silly packumentCache full:https://registry.npmjs.org/pg-gateway cache-miss
168 http fetch GET 200 https://registry.npmjs.org/colorette 244ms (cache revalidated)
169 silly packumentCache full:https://registry.npmjs.org/colorette set size:92733 disposed:false
170 silly fetch manifest portfinder@^1.0.32
171 silly packumentCache full:https://registry.npmjs.org/portfinder cache-miss
172 http fetch GET 200 https://registry.npmjs.org/commander 226ms (cache revalidated)
173 silly packumentCache full:https://registry.npmjs.org/commander set size:353115 disposed:false
174 silly fetch manifest ajv-formats@3.0.1
175 silly packumentCache full:https://registry.npmjs.org/ajv-formats cache-miss
176 http fetch GET 200 https://registry.npmjs.org/exegesis 373ms (cache revalidated)
177 silly packumentCache full:https://registry.npmjs.org/exegesis set size:289051 disposed:false
178 silly fetch manifest body-parser@^1.19.0
179 silly packumentCache full:https://registry.npmjs.org/body-parser cache-miss
180 http fetch GET 200 https://registry.npmjs.org/cross-env 311ms (cache revalidated)
181 silly packumentCache full:https://registry.npmjs.org/cross-env set size:151372 disposed:false
182 silly fetch manifest configstore@^5.0.1
183 silly packumentCache full:https://registry.npmjs.org/configstore cache-miss
184 http fetch GET 200 https://registry.npmjs.org/csv-parse 326ms (cache revalidated)
185 silly packumentCache full:https://registry.npmjs.org/csv-parse set size:598945 disposed:false
186 silly fetch manifest cross-spawn@^7.0.5
187 silly packumentCache full:https://registry.npmjs.org/cross-spawn cache-miss
188 http fetch GET 200 https://registry.npmjs.org/form-data 291ms (cache revalidated)
189 silly packumentCache full:https://registry.npmjs.org/form-data set size:153174 disposed:false
190 silly fetch manifest proxy-agent@^6.3.0
191 silly packumentCache full:https://registry.npmjs.org/proxy-agent cache-miss
192 http fetch GET 200 https://registry.npmjs.org/cli-table3 263ms (cache revalidated)
193 silly packumentCache full:https://registry.npmjs.org/cli-table3 set size:40139 disposed:false
194 silly fetch manifest stream-json@^1.7.3
195 silly packumentCache full:https://registry.npmjs.org/stream-json cache-miss
196 http fetch GET 200 https://registry.npmjs.org/async-lock 284ms (cache revalidated)
197 silly packumentCache full:https://registry.npmjs.org/async-lock set size:98301 disposed:false
198 silly fetch manifest superstatic@^10.0.0
199 silly packumentCache full:https://registry.npmjs.org/superstatic cache-miss
200 http fetch GET 200 https://registry.npmjs.org/minimatch 300ms (cache revalidated)
201 silly packumentCache full:https://registry.npmjs.org/minimatch set size:377924 disposed:false
202 silly fetch manifest triple-beam@^1.3.0
203 silly packumentCache full:https://registry.npmjs.org/triple-beam cache-miss
204 http fetch GET 200 https://registry.npmjs.org/node-fetch 290ms (cache revalidated)
205 silly packumentCache full:https://registry.npmjs.org/node-fetch set size:896010 disposed:false
206 silly fetch manifest jsonwebtoken@^9.0.2
207 silly packumentCache full:https://registry.npmjs.org/jsonwebtoken cache-miss
208 http fetch GET 200 https://registry.npmjs.org/pg-gateway 316ms (cache revalidated)
209 silly packumentCache full:https://registry.npmjs.org/pg-gateway set size:35105 disposed:false
210 silly fetch manifest stream-chain@^2.2.4
211 silly packumentCache full:https://registry.npmjs.org/stream-chain cache-miss
212 http fetch GET 200 https://registry.npmjs.org/portfinder 288ms (cache revalidated)
213 silly packumentCache full:https://registry.npmjs.org/portfinder set size:92930 disposed:false
214 silly fetch manifest sql-formatter@^15.3.0
215 silly packumentCache full:https://registry.npmjs.org/sql-formatter cache-miss
216 http fetch GET 200 https://registry.npmjs.org/ajv-formats 298ms (cache revalidated)
217 silly packumentCache full:https://registry.npmjs.org/ajv-formats set size:141264 disposed:false
218 silly fetch manifest tcp-port-used@^1.0.2
219 silly packumentCache full:https://registry.npmjs.org/tcp-port-used cache-miss
220 http fetch GET 200 https://registry.npmjs.org/body-parser 294ms (cache revalidated)
221 silly packumentCache full:https://registry.npmjs.org/body-parser set size:204559 disposed:false
222 silly fetch manifest marked-terminal@^7.0.0
223 silly packumentCache full:https://registry.npmjs.org/marked-terminal cache-miss
224 http fetch GET 200 https://registry.npmjs.org/configstore 241ms (cache revalidated)
225 silly packumentCache full:https://registry.npmjs.org/configstore set size:82080 disposed:false
226 silly fetch manifest abort-controller@^3.0.0
227 silly packumentCache full:https://registry.npmjs.org/abort-controller cache-miss
228 http fetch GET 200 https://registry.npmjs.org/cross-spawn 220ms (cache revalidated)
229 silly packumentCache full:https://registry.npmjs.org/cross-spawn set size:109066 disposed:false
230 silly fetch manifest exegesis-express@^4.0.0
231 silly packumentCache full:https://registry.npmjs.org/exegesis-express cache-miss
232 http fetch GET 200 https://registry.npmjs.org/stream-json 209ms (cache revalidated)
233 silly packumentCache full:https://registry.npmjs.org/stream-json set size:148044 disposed:false
234 silly fetch manifest @inquirer/prompts@^7.10.1
235 silly packumentCache full:https://registry.npmjs.org/@inquirer%2fprompts cache-miss
236 http fetch GET 200 https://registry.npmjs.org/proxy-agent 232ms (cache revalidated)
237 silly packumentCache full:https://registry.npmjs.org/proxy-agent set size:81277 disposed:false
238 silly fetch manifest winston-transport@^4.4.0
239 silly packumentCache full:https://registry.npmjs.org/winston-transport cache-miss
240 http fetch GET 200 https://registry.npmjs.org/jsonwebtoken 238ms (cache revalidated)
241 silly packumentCache full:https://registry.npmjs.org/jsonwebtoken set size:183413 disposed:false
242 silly fetch manifest @apphosting/common@^0.0.8
243 silly packumentCache full:https://registry.npmjs.org/@apphosting%2fcommon cache-miss
244 http fetch GET 200 https://registry.npmjs.org/tcp-port-used 174ms (cache revalidated)
245 silly packumentCache full:https://registry.npmjs.org/tcp-port-used set size:29388 disposed:false
246 silly fetch manifest libsodium-wrappers@^0.7.10
247 silly packumentCache full:https://registry.npmjs.org/libsodium-wrappers cache-miss
248 http fetch GET 200 https://registry.npmjs.org/superstatic 313ms (cache revalidated)
249 silly packumentCache full:https://registry.npmjs.org/superstatic set size:570455 disposed:false
250 silly fetch manifest google-auth-library@^9.11.0
251 silly packumentCache full:https://registry.npmjs.org/google-auth-library cache-miss
252 http fetch GET 200 https://registry.npmjs.org/triple-beam 318ms (cache revalidated)
253 silly packumentCache full:https://registry.npmjs.org/triple-beam set size:15133 disposed:false
254 silly fetch manifest universal-analytics@^0.5.3
255 silly packumentCache full:https://registry.npmjs.org/universal-analytics cache-miss
256 http fetch GET 200 https://registry.npmjs.org/sql-formatter 250ms (cache revalidated)
257 silly packumentCache full:https://registry.npmjs.org/sql-formatter set size:1132835 disposed:false
258 silly fetch manifest update-notifier-cjs@^5.1.6
259 silly packumentCache full:https://registry.npmjs.org/update-notifier-cjs cache-miss
260 http fetch GET 200 https://registry.npmjs.org/stream-chain 301ms (cache revalidated)
261 silly packumentCache full:https://registry.npmjs.org/stream-chain set size:109985 disposed:false
262 silly fetch manifest @electric-sql/pglite@^0.3.3
263 silly packumentCache full:https://registry.npmjs.org/@electric-sql%2fpglite cache-hit
264 silly fetch manifest @google-cloud/pubsub@^5.2.0
265 silly packumentCache full:https://registry.npmjs.org/@google-cloud%2fpubsub cache-miss
266 http fetch GET 200 https://registry.npmjs.org/marked-terminal 252ms (cache revalidated)
267 silly packumentCache full:https://registry.npmjs.org/marked-terminal set size:81779 disposed:false
268 silly fetch manifest @modelcontextprotocol/sdk@^1.24.0
269 silly packumentCache full:https://registry.npmjs.org/@modelcontextprotocol%2fsdk cache-miss
270 http fetch GET 200 https://registry.npmjs.org/abort-controller 231ms (cache revalidated)
271 silly packumentCache full:https://registry.npmjs.org/abort-controller set size:47272 disposed:false
272 silly fetch manifest @electric-sql/pglite-tools@^0.2.8
273 silly packumentCache full:https://registry.npmjs.org/@electric-sql%2fpglite-tools cache-miss
274 http fetch GET 200 https://registry.npmjs.org/@inquirer%2fprompts 242ms (cache revalidated)
275 silly packumentCache full:https://registry.npmjs.org/@inquirer%2fprompts set size:331361 disposed:false
276 silly fetch manifest @google-cloud/cloud-sql-connector@^1.3.3
277 silly packumentCache full:https://registry.npmjs.org/@google-cloud%2fcloud-sql-connector cache-miss
278 http fetch GET 200 https://registry.npmjs.org/exegesis-express 287ms (cache revalidated)
279 silly packumentCache full:https://registry.npmjs.org/exegesis-express set size:61313 disposed:false
280 http fetch GET 200 https://registry.npmjs.org/winston-transport 264ms (cache revalidated)
281 silly packumentCache full:https://registry.npmjs.org/winston-transport set size:60135 disposed:false
282 http fetch GET 200 https://registry.npmjs.org/universal-analytics 193ms (cache revalidated)
283 silly packumentCache full:https://registry.npmjs.org/universal-analytics set size:104106 disposed:false
284 http fetch GET 200 https://registry.npmjs.org/update-notifier-cjs 243ms (cache revalidated)
285 silly packumentCache full:https://registry.npmjs.org/update-notifier-cjs set size:28206 disposed:false
286 http fetch GET 200 https://registry.npmjs.org/libsodium-wrappers 313ms (cache revalidated)
287 silly packumentCache full:https://registry.npmjs.org/libsodium-wrappers set size:96083 disposed:false
288 http fetch GET 200 https://registry.npmjs.org/google-auth-library 281ms (cache revalidated)
289 silly packumentCache full:https://registry.npmjs.org/google-auth-library set size:737867 disposed:false
290 http fetch GET 200 https://registry.npmjs.org/@modelcontextprotocol%2fsdk 271ms (cache revalidated)
291 silly packumentCache full:https://registry.npmjs.org/@modelcontextprotocol%2fsdk set size:302290 disposed:false
292 http fetch GET 200 https://registry.npmjs.org/@apphosting%2fcommon 475ms (cache revalidated)
293 silly packumentCache full:https://registry.npmjs.org/@apphosting%2fcommon set size:66674 disposed:false
294 http fetch GET 200 https://registry.npmjs.org/@google-cloud%2fcloud-sql-connector 305ms (cache revalidated)
295 silly packumentCache full:https://registry.npmjs.org/@google-cloud%2fcloud-sql-connector set size:159814 disposed:false
296 http fetch GET 200 https://registry.npmjs.org/@google-cloud%2fpubsub 431ms (cache revalidated)
297 silly packumentCache full:https://registry.npmjs.org/@google-cloud%2fpubsub set size:740924 disposed:false
298 http fetch GET 200 https://registry.npmjs.org/@electric-sql%2fpglite-tools 449ms (cache revalidated)
299 silly packumentCache full:https://registry.npmjs.org/@electric-sql%2fpglite-tools set size:94133 disposed:false
300 silly fetch manifest pg-native@>=3.0.1
301 silly packumentCache full:https://registry.npmjs.org/pg-native cache-miss
302 http fetch GET 200 https://registry.npmjs.org/pg-native 118ms (cache revalidated)
303 silly packumentCache full:https://registry.npmjs.org/pg-native set size:92711 disposed:false
304 silly fetch manifest bufferutil@^4.0.1
305 silly packumentCache full:https://registry.npmjs.org/bufferutil cache-miss
306 http fetch GET 200 https://registry.npmjs.org/bufferutil 115ms (cache revalidated)
307 silly packumentCache full:https://registry.npmjs.org/bufferutil set size:52668 disposed:false
308 silly fetch manifest utf-8-validate@>=5.0.2
309 silly packumentCache full:https://registry.npmjs.org/utf-8-validate cache-miss
310 http fetch GET 200 https://registry.npmjs.org/utf-8-validate 374ms (cache revalidated)
311 silly packumentCache full:https://registry.npmjs.org/utf-8-validate set size:77012 disposed:false
312 silly fetch manifest encoding@^0.1.0
313 silly packumentCache full:https://registry.npmjs.org/encoding cache-miss
314 http fetch GET 200 https://registry.npmjs.org/encoding 105ms (cache revalidated)
315 silly packumentCache full:https://registry.npmjs.org/encoding set size:17833 disposed:false
316 silly fetch manifest @types/node@>=18
317 silly packumentCache full:https://registry.npmjs.org/@types%2fnode cache-miss
318 http fetch GET 200 https://registry.npmjs.org/@types%2fnode 164ms (cache revalidated)
319 silly packumentCache full:https://registry.npmjs.org/@types%2fnode set size:11084776 disposed:false
320 silly fetch manifest @cfworker/json-schema@^4.1.1
321 silly packumentCache full:https://registry.npmjs.org/@cfworker%2fjson-schema cache-miss
322 http fetch GET 200 https://registry.npmjs.org/@cfworker%2fjson-schema 118ms (cache revalidated)
323 silly packumentCache full:https://registry.npmjs.org/@cfworker%2fjson-schema set size:144207 disposed:false
324 silly placeDep node_modules/firebase-tools @apphosting/common@0.0.8 OK for: firebase-tools@15.25.1 want: ^0.0.8
325 silly placeDep node_modules/firebase-tools @electric-sql/pglite@0.3.16 OK for: firebase-tools@15.25.1 want: ^0.3.3
326 silly placeDep node_modules/firebase-tools @electric-sql/pglite-tools@0.2.21 OK for: firebase-tools@15.25.1 want: ^0.2.8
327 silly placeDep node_modules/firebase-tools @google-cloud/cloud-sql-connector@1.11.3 OK for: firebase-tools@15.25.1 want: ^1.3.3
328 silly placeDep node_modules/firebase-tools @google-cloud/pubsub@5.3.1 OK for: firebase-tools@15.25.1 want: ^5.2.0
329 silly placeDep node_modules/firebase-tools @inquirer/prompts@7.10.1 OK for: firebase-tools@15.25.1 want: ^7.10.1
330 silly placeDep node_modules/firebase-tools @modelcontextprotocol/sdk@1.30.0 OK for: firebase-tools@15.25.1 want: ^1.24.0
331 silly placeDep node_modules/firebase-tools abort-controller@3.0.0 OK for: firebase-tools@15.25.1 want: ^3.0.0
332 silly placeDep node_modules/firebase-tools ajv@8.20.0 OK for: firebase-tools@15.25.1 want: ^8.17.1
333 silly placeDep node_modules/firebase-tools ajv-formats@3.0.1 OK for: firebase-tools@15.25.1 want: 3.0.1
334 silly placeDep node_modules/firebase-tools archiver@7.0.1 OK for: firebase-tools@15.25.1 want: ^7.0.0
335 silly placeDep node_modules/firebase-tools async-lock@1.4.1 OK for: firebase-tools@15.25.1 want: 1.4.1
336 silly placeDep node_modules/firebase-tools body-parser@1.20.6 OK for: firebase-tools@15.25.1 want: ^1.19.0
337 silly placeDep node_modules/firebase-tools chokidar@3.6.0 OK for: firebase-tools@15.25.1 want: ^3.6.0
338 silly placeDep node_modules/firebase-tools cjson@0.3.3 OK for: firebase-tools@15.25.1 want: ^0.3.1
339 silly placeDep node_modules/firebase-tools cli-table3@0.6.5 OK for: firebase-tools@15.25.1 want: 0.6.5
340 silly placeDep node_modules/firebase-tools colorette@2.0.20 OK for: firebase-tools@15.25.1 want: ^2.0.19
341 silly placeDep node_modules/firebase-tools commander@5.1.0 OK for: firebase-tools@15.25.1 want: ^5.1.0
342 silly placeDep node_modules/firebase-tools configstore@5.0.1 OK for: firebase-tools@15.25.1 want: ^5.0.1
343 silly placeDep node_modules/firebase-tools cors@2.8.6 OK for: firebase-tools@15.25.1 want: ^2.8.5
344 silly placeDep node_modules/firebase-tools cross-env@7.0.3 OK for: firebase-tools@15.25.1 want: ^7.0.3
345 silly placeDep node_modules/firebase-tools cross-spawn@7.0.6 OK for: firebase-tools@15.25.1 want: ^7.0.5
346 silly placeDep node_modules/firebase-tools csv-parse@5.6.0 OK for: firebase-tools@15.25.1 want: ^5.0.4
347 silly placeDep node_modules/firebase-tools exegesis@4.3.0 OK for: firebase-tools@15.25.1 want: ^4.2.0
348 silly placeDep node_modules/firebase-tools exegesis-express@4.0.0 OK for: firebase-tools@15.25.1 want: ^4.0.0
349 silly placeDep node_modules/firebase-tools express@4.22.2 OK for: firebase-tools@15.25.1 want: ^4.16.4
350 silly placeDep node_modules/firebase-tools form-data@4.0.6 OK for: firebase-tools@15.25.1 want: ^4.0.1
351 silly placeDep node_modules/firebase-tools fs-extra@10.1.0 OK for: firebase-tools@15.25.1 want: ^10.1.0
352 silly placeDep node_modules/firebase-tools fuzzy@0.1.3 OK for: firebase-tools@15.25.1 want: ^0.1.3
353 silly placeDep node_modules/firebase-tools gaxios@6.7.1 OK for: firebase-tools@15.25.1 want: ^6.7.0
354 silly placeDep node_modules/firebase-tools glob@10.5.0 OK for: firebase-tools@15.25.1 want: ^10.5.0
355 silly placeDep node_modules/firebase-tools google-auth-library@9.15.1 OK for: firebase-tools@15.25.1 want: ^9.11.0
356 silly placeDep node_modules/firebase-tools ignore@7.0.6 OK for: firebase-tools@15.25.1 want: ^7.0.4
357 silly placeDep node_modules/firebase-tools js-yaml@4.3.1 OK for: firebase-tools@15.25.1 want: ^4.2.0
358 silly placeDep node_modules/firebase-tools jsonwebtoken@9.0.3 OK for: firebase-tools@15.25.1 want: ^9.0.2
359 silly placeDep node_modules/firebase-tools libsodium-wrappers@0.7.16 OK for: firebase-tools@15.25.1 want: ^0.7.10
360 silly placeDep node_modules/firebase-tools lodash@4.18.1 OK for: firebase-tools@15.25.1 want: ^4.18.0
361 silly placeDep node_modules/firebase-tools lsofi@2.0.0 OK for: firebase-tools@15.25.1 want: ^2.0.0
362 silly placeDep node_modules/firebase-tools marked@13.0.3 OK for: firebase-tools@15.25.1 want: ^13.0.2
363 silly placeDep node_modules/firebase-tools marked-terminal@7.3.0 OK for: firebase-tools@15.25.1 want: ^7.0.0
364 silly placeDep node_modules/firebase-tools mime@2.6.0 OK for: firebase-tools@15.25.1 want: ^2.5.2
365 silly placeDep node_modules/firebase-tools minimatch@3.1.5 OK for: firebase-tools@15.25.1 want: ^3.0.4
366 silly placeDep node_modules/firebase-tools morgan@1.11.0 OK for: firebase-tools@15.25.1 want: ^1.10.0
367 silly placeDep node_modules/firebase-tools node-fetch@2.7.0 OK for: firebase-tools@15.25.1 want: ^2.6.7
368 silly placeDep node_modules/firebase-tools open@6.4.0 OK for: firebase-tools@15.25.1 want: ^6.3.0
369 silly placeDep node_modules/firebase-tools ora@5.4.1 OK for: firebase-tools@15.25.1 want: ^5.4.1
370 silly placeDep node_modules/firebase-tools pg@8.22.0 OK for: firebase-tools@15.25.1 want: ^8.11.3
371 silly placeDep node_modules/firebase-tools pg-gateway@0.3.0-beta.4 OK for: firebase-tools@15.25.1 want: ^0.3.0-beta.4
372 silly placeDep node_modules/firebase-tools pglite-2@0.2.17 OK for: firebase-tools@15.25.1 want: npm:@electric-sql/pglite@0.2.17
373 silly placeDep node_modules/firebase-tools portfinder@1.0.38 OK for: firebase-tools@15.25.1 want: ^1.0.32
374 silly placeDep node_modules/firebase-tools progress@2.0.3 OK for: firebase-tools@15.25.1 want: ^2.0.3
375 silly placeDep node_modules/firebase-tools proxy-agent@6.5.0 OK for: firebase-tools@15.25.1 want: ^6.3.0
376 silly placeDep node_modules/firebase-tools retry@0.13.1 OK for: firebase-tools@15.25.1 want: ^0.13.1
377 silly placeDep node_modules/firebase-tools semver@7.8.5 OK for: firebase-tools@15.25.1 want: ^7.5.2
378 silly placeDep node_modules/firebase-tools sql-formatter@15.8.2 OK for: firebase-tools@15.25.1 want: ^15.3.0
379 silly placeDep node_modules/firebase-tools stream-chain@2.2.5 OK for: firebase-tools@15.25.1 want: ^2.2.4
380 silly placeDep node_modules/firebase-tools stream-json@1.9.1 OK for: firebase-tools@15.25.1 want: ^1.7.3
381 silly placeDep node_modules/firebase-tools superstatic@10.0.0 OK for: firebase-tools@15.25.1 want: ^10.0.0
382 silly placeDep node_modules/firebase-tools tar@7.5.22 OK for: firebase-tools@15.25.1 want: ^7.5.11
383 silly placeDep node_modules/firebase-tools tcp-port-used@1.0.3 OK for: firebase-tools@15.25.1 want: ^1.0.2
384 silly placeDep node_modules/firebase-tools tmp@0.2.7 OK for: firebase-tools@15.25.1 want: ^0.2.3
385 silly placeDep node_modules/firebase-tools triple-beam@1.4.1 OK for: firebase-tools@15.25.1 want: ^1.3.0
386 silly placeDep node_modules/firebase-tools undici@6.28.0 OK for: firebase-tools@15.25.1 want: ^6.19.0
387 silly placeDep node_modules/firebase-tools universal-analytics@0.5.4 OK for: firebase-tools@15.25.1 want: ^0.5.3
388 silly placeDep node_modules/firebase-tools update-notifier-cjs@5.1.7 OK for: firebase-tools@15.25.1 want: ^5.1.6
389 silly placeDep node_modules/firebase-tools winston@3.19.0 OK for: firebase-tools@15.25.1 want: ^3.0.0
390 silly placeDep node_modules/firebase-tools winston-transport@4.9.0 OK for: firebase-tools@15.25.1 want: ^4.4.0
391 silly placeDep node_modules/firebase-tools ws@8.21.1 OK for: firebase-tools@15.25.1 want: ^8.21.1
392 silly placeDep node_modules/firebase-tools yaml@2.9.0 OK for: firebase-tools@15.25.1 want: ^2.8.3
393 silly placeDep node_modules/firebase-tools zod@4.4.3 OK for: firebase-tools@15.25.1 want: ^4.0.0
394 silly fetch manifest gaxios@^7.1.4
395 silly packumentCache full:https://registry.npmjs.org/gaxios cache-hit
396 silly fetch manifest p-throttle@^8.1.0
397 silly packumentCache full:https://registry.npmjs.org/p-throttle cache-miss
398 silly fetch manifest google-auth-library@^10.6.2
399 silly packumentCache full:https://registry.npmjs.org/google-auth-library cache-hit
400 silly fetch manifest @googleapis/sqladmin@^37.0.0
401 silly packumentCache full:https://registry.npmjs.org/@googleapis%2fsqladmin cache-miss
402 silly fetch manifest @google-cloud/paginator@^6.0.0
403 silly packumentCache full:https://registry.npmjs.org/@google-cloud%2fpaginator cache-miss
404 silly fetch manifest @google-cloud/precise-date@^5.0.0
405 silly packumentCache full:https://registry.npmjs.org/@google-cloud%2fprecise-date cache-miss
406 silly fetch manifest @google-cloud/projectify@^5.0.0
407 silly packumentCache full:https://registry.npmjs.org/@google-cloud%2fprojectify cache-miss
408 silly fetch manifest @google-cloud/promisify@^5.0.0
409 silly packumentCache full:https://registry.npmjs.org/@google-cloud%2fpromisify cache-miss
410 silly fetch manifest @opentelemetry/api@~1.9.0
411 silly packumentCache full:https://registry.npmjs.org/@opentelemetry%2fapi cache-miss
412 silly fetch manifest @opentelemetry/core@^1.30.1
413 silly packumentCache full:https://registry.npmjs.org/@opentelemetry%2fcore cache-miss
414 silly fetch manifest @opentelemetry/semantic-conventions@~1.39.0
415 silly packumentCache full:https://registry.npmjs.org/@opentelemetry%2fsemantic-conventions cache-miss
416 silly fetch manifest arrify@^2.0.0
417 silly packumentCache full:https://registry.npmjs.org/arrify cache-miss
418 silly fetch manifest extend@^3.0.2
419 silly packumentCache full:https://registry.npmjs.org/extend cache-miss
420 http fetch GET 200 https://registry.npmjs.org/arrify 142ms (cache revalidated)
421 silly packumentCache full:https://registry.npmjs.org/arrify set size:11862 disposed:false
422 silly fetch manifest google-auth-library@^10.5.0
423 silly packumentCache full:https://registry.npmjs.org/google-auth-library cache-hit
424 silly fetch manifest google-gax@^5.0.5
425 silly packumentCache full:https://registry.npmjs.org/google-gax cache-miss
426 http fetch GET 200 https://registry.npmjs.org/extend 148ms (cache revalidated)
427 silly packumentCache full:https://registry.npmjs.org/extend set size:25974 disposed:false
428 silly fetch manifest google-logging-utils@^1.1.3
429 silly packumentCache full:https://registry.npmjs.org/google-logging-utils cache-miss
430 http fetch GET 200 https://registry.npmjs.org/@google-cloud%2fpaginator 173ms (cache revalidated)
431 silly packumentCache full:https://registry.npmjs.org/@google-cloud%2fpaginator set size:97180 disposed:false
432 silly fetch manifest heap-js@^2.6.0
433 silly packumentCache full:https://registry.npmjs.org/heap-js cache-miss
434 http fetch GET 200 https://registry.npmjs.org/@opentelemetry%2fsemantic-conventions 175ms (cache revalidated)
435 silly packumentCache full:https://registry.npmjs.org/@opentelemetry%2fsemantic-conventions set size:428824 disposed:false
436 silly fetch manifest is-stream-ended@^0.1.4
437 silly packumentCache full:https://registry.npmjs.org/is-stream-ended cache-miss
438 http fetch GET 200 https://registry.npmjs.org/@google-cloud%2fpromisify 190ms (cache revalidated)
439 silly packumentCache full:https://registry.npmjs.org/@google-cloud%2fpromisify set size:75979 disposed:false
440 silly fetch manifest lodash.snakecase@^4.1.1
441 silly packumentCache full:https://registry.npmjs.org/lodash.snakecase cache-miss
442 http fetch GET 200 https://registry.npmjs.org/@opentelemetry%2fcore 194ms (cache revalidated)
443 silly packumentCache full:https://registry.npmjs.org/@opentelemetry%2fcore set size:832723 disposed:false
444 silly fetch manifest long@^5.3.1
445 silly packumentCache full:https://registry.npmjs.org/long cache-miss
446 http fetch GET 200 https://registry.npmjs.org/@google-cloud%2fprojectify 212ms (cache revalidated)
447 silly packumentCache full:https://registry.npmjs.org/@google-cloud%2fprojectify set size:71811 disposed:false
448 silly fetch manifest p-defer@^3.0.0
449 silly packumentCache full:https://registry.npmjs.org/p-defer cache-miss
450 http fetch GET 200 https://registry.npmjs.org/p-throttle 241ms (cache revalidated)
451 silly packumentCache full:https://registry.npmjs.org/p-throttle set size:47894 disposed:false
452 silly fetch manifest @inquirer/input@^4.3.1
453 silly packumentCache full:https://registry.npmjs.org/@inquirer%2finput cache-miss
454 http fetch GET 200 https://registry.npmjs.org/@opentelemetry%2fapi 264ms (cache revalidated)
455 silly packumentCache full:https://registry.npmjs.org/@opentelemetry%2fapi set size:272967 disposed:false
456 silly fetch manifest @inquirer/editor@^4.2.23
457 silly packumentCache full:https://registry.npmjs.org/@inquirer%2feditor cache-miss
458 http fetch GET 200 https://registry.npmjs.org/@google-cloud%2fprecise-date 271ms (cache revalidated)
459 silly packumentCache full:https://registry.npmjs.org/@google-cloud%2fprecise-date set size:58219 disposed:false
460 silly fetch manifest @inquirer/expand@^4.0.23
461 silly packumentCache full:https://registry.npmjs.org/@inquirer%2fexpand cache-miss
462 http fetch GET 200 https://registry.npmjs.org/google-logging-utils 140ms (cache revalidated)
463 silly packumentCache full:https://registry.npmjs.org/google-logging-utils set size:28645 disposed:false
464 silly fetch manifest @inquirer/number@^3.0.23
465 silly packumentCache full:https://registry.npmjs.org/@inquirer%2fnumber cache-miss
466 http fetch GET 200 https://registry.npmjs.org/google-gax 153ms (cache revalidated)
467 silly packumentCache full:https://registry.npmjs.org/google-gax set size:2073092 disposed:false
468 silly fetch manifest @inquirer/search@^3.2.2
469 silly packumentCache full:https://registry.npmjs.org/@inquirer%2fsearch cache-miss
470 http fetch GET 200 https://registry.npmjs.org/lodash.snakecase 141ms (cache revalidated)
471 silly packumentCache full:https://registry.npmjs.org/lodash.snakecase set size:16878 disposed:false
472 silly fetch manifest @inquirer/select@^4.4.2
473 silly packumentCache full:https://registry.npmjs.org/@inquirer%2fselect cache-miss
474 http fetch GET 200 https://registry.npmjs.org/long 138ms (cache revalidated)
475 silly packumentCache full:https://registry.npmjs.org/long set size:80704 disposed:false
476 silly fetch manifest @inquirer/confirm@^5.1.21
477 silly packumentCache full:https://registry.npmjs.org/@inquirer%2fconfirm cache-miss
478 http fetch GET 200 https://registry.npmjs.org/@inquirer%2finput 123ms (cache revalidated)
479 silly packumentCache full:https://registry.npmjs.org/@inquirer%2finput set size:319406 disposed:false
480 silly fetch manifest @inquirer/rawlist@^4.1.11
481 silly packumentCache full:https://registry.npmjs.org/@inquirer%2frawlist cache-miss
482 http fetch GET 200 https://registry.npmjs.org/@inquirer%2fexpand 113ms (cache revalidated)
483 silly packumentCache full:https://registry.npmjs.org/@inquirer%2fexpand set size:322112 disposed:false
484 silly fetch manifest @inquirer/checkbox@^4.3.2
485 silly packumentCache full:https://registry.npmjs.org/@inquirer%2fcheckbox cache-miss
486 http fetch GET 200 https://registry.npmjs.org/is-stream-ended 211ms (cache revalidated)
487 silly packumentCache full:https://registry.npmjs.org/is-stream-ended set size:8902 disposed:false
488 silly fetch manifest @inquirer/password@^4.0.23
489 silly packumentCache full:https://registry.npmjs.org/@inquirer%2fpassword cache-miss
490 http fetch GET 200 https://registry.npmjs.org/p-defer 194ms (cache revalidated)
491 silly packumentCache full:https://registry.npmjs.org/p-defer set size:17545 disposed:false
492 silly fetch manifest zod@^3.25 || ^4.0
493 silly packumentCache full:https://registry.npmjs.org/zod cache-miss
494 http fetch GET 200 https://registry.npmjs.org/@googleapis%2fsqladmin 422ms (cache revalidated)
495 silly packumentCache full:https://registry.npmjs.org/@googleapis%2fsqladmin set size:135961 disposed:false
496 silly fetch manifest hono@^4.11.4
497 silly packumentCache full:https://registry.npmjs.org/hono cache-miss
498 http fetch GET 200 https://registry.npmjs.org/@inquirer%2fnumber 140ms (cache revalidated)
499 silly packumentCache full:https://registry.npmjs.org/@inquirer%2fnumber set size:142567 disposed:false
500 silly fetch manifest jose@^6.1.3
501 silly packumentCache full:https://registry.npmjs.org/jose cache-miss
502 http fetch GET 200 https://registry.npmjs.org/@inquirer%2fsearch 195ms (cache revalidated)
503 silly packumentCache full:https://registry.npmjs.org/@inquirer%2fsearch set size:142958 disposed:false
504 silly fetch manifest express@^5.2.1
505 silly packumentCache full:https://registry.npmjs.org/express cache-hit
506 silly fetch manifest raw-body@^3.0.0
507 silly packumentCache full:https://registry.npmjs.org/raw-body cache-miss
508 http fetch GET 200 https://registry.npmjs.org/@inquirer%2fconfirm 210ms (cache revalidated)
509 silly packumentCache full:https://registry.npmjs.org/@inquirer%2fconfirm set size:320882 disposed:false
510 silly fetch manifest ajv-formats@^3.0.1
511 silly packumentCache full:https://registry.npmjs.org/ajv-formats cache-hit
512 silly fetch manifest eventsource@^3.0.2
513 silly packumentCache full:https://registry.npmjs.org/eventsource cache-miss
514 http fetch GET 200 https://registry.npmjs.org/@inquirer%2fpassword 168ms (cache revalidated)
515 silly packumentCache full:https://registry.npmjs.org/@inquirer%2fpassword set size:318894 disposed:false
516 silly fetch manifest content-type@^1.0.5
517 silly packumentCache full:https://registry.npmjs.org/content-type cache-miss
518 http fetch GET 200 https://registry.npmjs.org/@inquirer%2frawlist 210ms (cache revalidated)
519 silly packumentCache full:https://registry.npmjs.org/@inquirer%2frawlist set size:288948 disposed:false
520 silly fetch manifest pkce-challenge@^5.0.0
521 silly packumentCache full:https://registry.npmjs.org/pkce-challenge cache-miss
522 http fetch GET 200 https://registry.npmjs.org/@inquirer%2fselect 253ms (cache revalidated)
523 silly packumentCache full:https://registry.npmjs.org/@inquirer%2fselect set size:335462 disposed:false
524 silly fetch manifest @hono/node-server@^1.19.9 || ^2.0.5
525 silly packumentCache full:https://registry.npmjs.org/@hono%2fnode-server cache-miss
526 http fetch GET 200 https://registry.npmjs.org/@inquirer%2fcheckbox 221ms (cache revalidated)
527 silly packumentCache full:https://registry.npmjs.org/@inquirer%2fcheckbox set size:346573 disposed:false
528 silly fetch manifest json-schema-typed@^8.0.2
529 silly packumentCache full:https://registry.npmjs.org/json-schema-typed cache-miss
530 http cache https://registry.npmjs.org/zod 243ms (cache hit)
531 silly packumentCache full:https://registry.npmjs.org/zod set size:3552562 disposed:false
532 silly fetch manifest eventsource-parser@^3.0.0
533 silly packumentCache full:https://registry.npmjs.org/eventsource-parser cache-miss
534 http fetch GET 200 https://registry.npmjs.org/heap-js 572ms (cache revalidated)
535 silly packumentCache full:https://registry.npmjs.org/heap-js set size:106897 disposed:false
536 silly fetch manifest express-rate-limit@^8.2.1
537 silly packumentCache full:https://registry.npmjs.org/express-rate-limit cache-miss
538 http fetch GET 200 https://registry.npmjs.org/@inquirer%2feditor 496ms (cache revalidated)
539 silly packumentCache full:https://registry.npmjs.org/@inquirer%2feditor set size:322894 disposed:false
540 silly fetch manifest zod-to-json-schema@^3.25.1
541 silly packumentCache full:https://registry.npmjs.org/zod-to-json-schema cache-miss
542 http fetch GET 200 https://registry.npmjs.org/hono 389ms (cache revalidated)
543 silly packumentCache full:https://registry.npmjs.org/hono set size:6010339 disposed:false
544 silly fetch manifest event-target-shim@^5.0.0
545 silly packumentCache full:https://registry.npmjs.org/event-target-shim cache-miss
546 http fetch GET 200 https://registry.npmjs.org/raw-body 361ms (cache revalidated)
547 silly packumentCache full:https://registry.npmjs.org/raw-body set size:120042 disposed:false
548 silly fetch manifest fast-deep-equal@^3.1.3
549 silly packumentCache full:https://registry.npmjs.org/fast-deep-equal cache-miss
550 http fetch GET 200 https://registry.npmjs.org/jose 378ms (cache revalidated)
551 silly packumentCache full:https://registry.npmjs.org/jose set size:1440823 disposed:false
552 silly fetch manifest fast-uri@^3.0.1
553 silly packumentCache full:https://registry.npmjs.org/fast-uri cache-miss
554 http fetch GET 200 https://registry.npmjs.org/pkce-challenge 374ms (cache revalidated)
555 silly packumentCache full:https://registry.npmjs.org/pkce-challenge set size:37734 disposed:false
556 silly fetch manifest json-schema-traverse@^1.0.0
557 silly packumentCache full:https://registry.npmjs.org/json-schema-traverse cache-miss
558 http fetch GET 200 https://registry.npmjs.org/content-type 410ms (cache revalidated)
559 silly packumentCache full:https://registry.npmjs.org/content-type set size:18994 disposed:false
560 silly fetch manifest require-from-string@^2.0.2
561 silly packumentCache full:https://registry.npmjs.org/require-from-string cache-miss
562 http fetch GET 200 https://registry.npmjs.org/@hono%2fnode-server 387ms (cache revalidated)
563 silly packumentCache full:https://registry.npmjs.org/@hono%2fnode-server set size:277956 disposed:false
564 silly fetch manifest async@^3.2.4
565 silly packumentCache full:https://registry.npmjs.org/async cache-miss
566 http fetch GET 200 https://registry.npmjs.org/eventsource 439ms (cache revalidated)
567 silly packumentCache full:https://registry.npmjs.org/eventsource set size:128214 disposed:false
568 silly fetch manifest tar-stream@^3.0.0
569 silly packumentCache full:https://registry.npmjs.org/tar-stream cache-miss
570 http fetch GET 200 https://registry.npmjs.org/json-schema-typed 379ms (cache revalidated)
571 silly packumentCache full:https://registry.npmjs.org/json-schema-typed set size:26165 disposed:false
572 silly fetch manifest zip-stream@^6.0.1
573 silly packumentCache full:https://registry.npmjs.org/zip-stream cache-miss
574 http fetch GET 200 https://registry.npmjs.org/eventsource-parser 337ms (cache revalidated)
575 silly packumentCache full:https://registry.npmjs.org/eventsource-parser set size:78018 disposed:false
576 silly fetch manifest buffer-crc32@^1.0.0
577 silly packumentCache full:https://registry.npmjs.org/buffer-crc32 cache-miss
578 http fetch GET 200 https://registry.npmjs.org/zod-to-json-schema 266ms (cache revalidated)
579 silly packumentCache full:https://registry.npmjs.org/zod-to-json-schema set size:309584 disposed:false
580 silly fetch manifest readdir-glob@^1.1.2
581 silly packumentCache full:https://registry.npmjs.org/readdir-glob cache-miss
582 http fetch GET 200 https://registry.npmjs.org/express-rate-limit 303ms (cache revalidated)
583 silly packumentCache full:https://registry.npmjs.org/express-rate-limit set size:452248 disposed:false
584 silly fetch manifest archiver-utils@^5.0.2
585 silly packumentCache full:https://registry.npmjs.org/archiver-utils cache-miss
586 http fetch GET 200 https://registry.npmjs.org/event-target-shim 215ms (cache revalidated)
587 silly packumentCache full:https://registry.npmjs.org/event-target-shim set size:103601 disposed:false
588 silly fetch manifest readable-stream@^4.0.0
589 silly packumentCache full:https://registry.npmjs.org/readable-stream cache-miss
590 http fetch GET 200 https://registry.npmjs.org/fast-deep-equal 236ms (cache revalidated)
591 silly packumentCache full:https://registry.npmjs.org/fast-deep-equal set size:48634 disposed:false
592 silly fetch manifest qs@~6.15.1
593 silly packumentCache full:https://registry.npmjs.org/qs cache-miss
594 http fetch GET 200 https://registry.npmjs.org/fast-uri 226ms (cache revalidated)
595 silly packumentCache full:https://registry.npmjs.org/fast-uri set size:91614 disposed:false
596 silly fetch manifest depd@2.0.0
597 silly packumentCache full:https://registry.npmjs.org/depd cache-miss
598 http fetch GET 200 https://registry.npmjs.org/async 189ms (cache revalidated)
599 silly packumentCache full:https://registry.npmjs.org/async set size:230482 disposed:false
600 silly fetch manifest bytes@~3.1.2
601 silly packumentCache full:https://registry.npmjs.org/bytes cache-miss
602 http fetch GET 200 https://registry.npmjs.org/require-from-string 206ms (cache revalidated)
603 silly packumentCache full:https://registry.npmjs.org/require-from-string set size:15128 disposed:false
604 silly fetch manifest debug@2.6.9
605 silly packumentCache full:https://registry.npmjs.org/debug cache-miss
606 http fetch GET 200 https://registry.npmjs.org/json-schema-traverse 241ms (cache revalidated)
607 silly packumentCache full:https://registry.npmjs.org/json-schema-traverse set size:23537 disposed:false
608 silly fetch manifest unpipe@~1.0.0
609 silly packumentCache full:https://registry.npmjs.org/unpipe cache-miss
610 http fetch GET 200 https://registry.npmjs.org/tar-stream 211ms (cache revalidated)
611 silly packumentCache full:https://registry.npmjs.org/tar-stream set size:137875 disposed:false
612 silly fetch manifest destroy@~1.2.0
613 silly packumentCache full:https://registry.npmjs.org/destroy cache-miss
614 http fetch GET 200 https://registry.npmjs.org/zip-stream 210ms (cache revalidated)
615 silly packumentCache full:https://registry.npmjs.org/zip-stream set size:109574 disposed:false
616 silly fetch manifest type-is@~1.6.18
617 silly packumentCache full:https://registry.npmjs.org/type-is cache-miss
618 http fetch GET 200 https://registry.npmjs.org/archiver-utils 176ms (cache revalidated)
619 silly packumentCache full:https://registry.npmjs.org/archiver-utils set size:31398 disposed:false
620 silly fetch manifest raw-body@~2.5.3
621 silly packumentCache full:https://registry.npmjs.org/raw-body cache-hit
622 silly fetch manifest iconv-lite@~0.4.24
623 silly packumentCache full:https://registry.npmjs.org/iconv-lite cache-miss
624 http fetch GET 200 https://registry.npmjs.org/readdir-glob 196ms (cache revalidated)
625 silly packumentCache full:https://registry.npmjs.org/readdir-glob set size:30196 disposed:false
626 silly fetch manifest http-errors@~2.0.1
627 silly packumentCache full:https://registry.npmjs.org/http-errors cache-miss
628 http fetch GET 200 https://registry.npmjs.org/buffer-crc32 240ms (cache revalidated)
629 silly packumentCache full:https://registry.npmjs.org/buffer-crc32 set size:58100 disposed:false
630 silly fetch manifest on-finished@~2.4.1
631 silly packumentCache full:https://registry.npmjs.org/on-finished cache-miss
632 http fetch GET 200 https://registry.npmjs.org/readable-stream 188ms (cache revalidated)
633 silly packumentCache full:https://registry.npmjs.org/readable-stream set size:261096 disposed:false
634 silly fetch manifest content-type@~1.0.5
635 silly packumentCache full:https://registry.npmjs.org/content-type cache-hit
636 silly fetch manifest braces@~3.0.2
637 silly packumentCache full:https://registry.npmjs.org/braces cache-miss
638 http fetch GET 200 https://registry.npmjs.org/depd 154ms (cache revalidated)
639 silly packumentCache full:https://registry.npmjs.org/depd set size:40182 disposed:false
640 silly fetch manifest is-glob@~4.0.1
641 silly packumentCache full:https://registry.npmjs.org/is-glob cache-miss
642 http fetch GET 200 https://registry.npmjs.org/qs 165ms (cache revalidated)
643 silly packumentCache full:https://registry.npmjs.org/qs set size:360318 disposed:false
644 silly fetch manifest anymatch@~3.1.2
645 silly packumentCache full:https://registry.npmjs.org/anymatch cache-miss
646 http fetch GET 200 https://registry.npmjs.org/bytes 150ms (cache revalidated)
647 silly packumentCache full:https://registry.npmjs.org/bytes set size:37018 disposed:false
648 silly fetch manifest readdirp@~3.6.0
649 silly packumentCache full:https://registry.npmjs.org/readdirp cache-miss
650 http fetch GET 200 https://registry.npmjs.org/debug 148ms (cache revalidated)
651 silly packumentCache full:https://registry.npmjs.org/debug set size:195840 disposed:false
652 silly fetch manifest glob-parent@~5.1.2
653 silly packumentCache full:https://registry.npmjs.org/glob-parent cache-miss
654 http fetch GET 200 https://registry.npmjs.org/type-is 154ms (cache revalidated)
655 silly packumentCache full:https://registry.npmjs.org/type-is set size:88614 disposed:false
656 silly fetch manifest is-binary-path@~2.1.0
657 silly packumentCache full:https://registry.npmjs.org/is-binary-path cache-miss
658 http fetch GET 200 https://registry.npmjs.org/unpipe 168ms (cache revalidated)
659 silly packumentCache full:https://registry.npmjs.org/unpipe set size:3609 disposed:false
660 silly fetch manifest normalize-path@~3.0.0
661 silly packumentCache full:https://registry.npmjs.org/normalize-path cache-miss
662 http fetch GET 200 https://registry.npmjs.org/destroy 170ms (cache revalidated)
663 silly packumentCache full:https://registry.npmjs.org/destroy set size:15738 disposed:false
664 silly fetch manifest fsevents@~2.3.2
665 silly packumentCache full:https://registry.npmjs.org/fsevents cache-miss
666 http fetch GET 200 https://registry.npmjs.org/anymatch 142ms (cache revalidated)
667 silly packumentCache full:https://registry.npmjs.org/anymatch set size:42974 disposed:false
668 silly fetch manifest json-parse-helpfulerror@^1.0.3
669 silly packumentCache full:https://registry.npmjs.org/json-parse-helpfulerror cache-miss
670 http fetch GET 200 https://registry.npmjs.org/is-glob 157ms (cache revalidated)
671 silly packumentCache full:https://registry.npmjs.org/is-glob set size:40530 disposed:false
672 silly fetch manifest string-width@^4.2.0
673 silly packumentCache full:https://registry.npmjs.org/string-width cache-miss
674 http fetch GET 200 https://registry.npmjs.org/on-finished 189ms (cache revalidated)
675 silly packumentCache full:https://registry.npmjs.org/on-finished set size:23212 disposed:false
676 silly fetch manifest @colors/colors@1.5.0
677 silly packumentCache full:https://registry.npmjs.org/@colors%2fcolors cache-miss
678 http fetch GET 200 https://registry.npmjs.org/braces 191ms (cache revalidated)
679 silly packumentCache full:https://registry.npmjs.org/braces set size:114529 disposed:false
680 silly fetch manifest dot-prop@^5.2.0
681 silly packumentCache full:https://registry.npmjs.org/dot-prop cache-miss
682 http fetch GET 200 https://registry.npmjs.org/glob-parent 162ms (cache revalidated)
683 silly packumentCache full:https://registry.npmjs.org/glob-parent set size:42445 disposed:false
684 silly fetch manifest make-dir@^3.0.0
685 silly packumentCache full:https://registry.npmjs.org/make-dir cache-miss
686 http fetch GET 200 https://registry.npmjs.org/readdirp 176ms (cache revalidated)
687 silly packumentCache full:https://registry.npmjs.org/readdirp set size:107589 disposed:false
688 silly fetch manifest graceful-fs@^4.1.2
689 silly packumentCache full:https://registry.npmjs.org/graceful-fs cache-miss
690 http fetch GET 200 https://registry.npmjs.org/normalize-path 197ms (cache revalidated)
691 silly packumentCache full:https://registry.npmjs.org/normalize-path set size:28713 disposed:false
692 silly fetch manifest xdg-basedir@^4.0.0
693 silly packumentCache full:https://registry.npmjs.org/xdg-basedir cache-miss
694 http fetch GET 200 https://registry.npmjs.org/is-binary-path 207ms (cache revalidated)
695 silly packumentCache full:https://registry.npmjs.org/is-binary-path set size:13475 disposed:false
696 silly fetch manifest unique-string@^2.0.0
697 silly packumentCache full:https://registry.npmjs.org/unique-string cache-miss
698 http fetch GET 200 https://registry.npmjs.org/fsevents 195ms (cache revalidated)
699 silly packumentCache full:https://registry.npmjs.org/fsevents set size:182472 disposed:false
700 silly fetch manifest write-file-atomic@^3.0.0
701 silly packumentCache full:https://registry.npmjs.org/write-file-atomic cache-miss
702 http fetch GET 200 https://registry.npmjs.org/dot-prop 163ms (cache revalidated)
703 silly packumentCache full:https://registry.npmjs.org/dot-prop set size:77505 disposed:false
704 silly fetch manifest object-assign@^4
705 silly packumentCache full:https://registry.npmjs.org/object-assign cache-miss
706 http fetch GET 200 https://registry.npmjs.org/@colors%2fcolors 186ms (cache revalidated)
707 silly packumentCache full:https://registry.npmjs.org/@colors%2fcolors set size:12042 disposed:false
708 silly fetch manifest vary@^1
709 silly packumentCache full:https://registry.npmjs.org/vary cache-miss
710 http fetch GET 200 https://registry.npmjs.org/make-dir 133ms (cache revalidated)
711 silly packumentCache full:https://registry.npmjs.org/make-dir set size:34889 disposed:false
712 silly fetch manifest cross-spawn@^7.0.1
713 silly packumentCache full:https://registry.npmjs.org/cross-spawn cache-hit
714 silly fetch manifest which@^2.0.1
715 silly packumentCache full:https://registry.npmjs.org/which cache-miss
716 http fetch GET 200 https://registry.npmjs.org/graceful-fs 138ms (cache revalidated)
717 silly packumentCache full:https://registry.npmjs.org/graceful-fs set size:124285 disposed:false
718 silly fetch manifest path-key@^3.1.0
719 silly packumentCache full:https://registry.npmjs.org/path-key cache-miss
720 http fetch GET 200 https://registry.npmjs.org/xdg-basedir 120ms (cache revalidated)
721 silly packumentCache full:https://registry.npmjs.org/xdg-basedir set size:19771 disposed:false
722 silly fetch manifest shebang-command@^2.0.0
723 silly packumentCache full:https://registry.npmjs.org/shebang-command cache-miss
724 http fetch GET 200 https://registry.npmjs.org/iconv-lite 468ms (cache revalidated)
725 silly packumentCache full:https://registry.npmjs.org/iconv-lite set size:126462 disposed:false
726 silly fetch manifest @apidevtools/json-schema-ref-parser@^9.0.3
727 silly packumentCache full:https://registry.npmjs.org/@apidevtools%2fjson-schema-ref-parser cache-miss
728 http fetch GET 200 https://registry.npmjs.org/http-errors 475ms (cache revalidated)
729 silly packumentCache full:https://registry.npmjs.org/http-errors set size:71987 disposed:false
730 silly fetch manifest ajv-formats@^2.1.0
731 silly packumentCache full:https://registry.npmjs.org/ajv-formats cache-hit
732 silly fetch manifest content-type@^1.0.4
733 silly packumentCache full:https://registry.npmjs.org/content-type cache-hit
734 silly fetch manifest deep-freeze@0.0.1
735 silly packumentCache full:https://registry.npmjs.org/deep-freeze cache-miss
736 http fetch GET 200 https://registry.npmjs.org/unique-string 141ms (cache revalidated)
737 silly packumentCache full:https://registry.npmjs.org/unique-string set size:8164 disposed:false
738 silly fetch manifest events-listener@^1.1.0
739 silly packumentCache full:https://registry.npmjs.org/events-listener cache-miss
740 http fetch GET 200 https://registry.npmjs.org/write-file-atomic 140ms (cache revalidated)
741 silly packumentCache full:https://registry.npmjs.org/write-file-atomic set size:82722 disposed:false
742 silly fetch manifest glob@^10.3.10
743 silly packumentCache full:https://registry.npmjs.org/glob cache-hit
744 silly fetch manifest json-ptr@^3.0.1
745 silly packumentCache full:https://registry.npmjs.org/json-ptr cache-miss
746 http fetch GET 200 https://registry.npmjs.org/json-parse-helpfulerror 302ms (cache revalidated)
747 silly packumentCache full:https://registry.npmjs.org/json-parse-helpfulerror set size:6012 disposed:false
748 silly fetch manifest lodash@^4.17.11
749 silly packumentCache full:https://registry.npmjs.org/lodash cache-hit
750 silly fetch manifest openapi3-ts@^3.1.1
751 silly packumentCache full:https://registry.npmjs.org/openapi3-ts cache-miss
752 http fetch GET 200 https://registry.npmjs.org/string-width 307ms (cache revalidated)
753 silly packumentCache full:https://registry.npmjs.org/string-width set size:72458 disposed:false
754 silly fetch manifest promise-breaker@^6.0.0
755 silly packumentCache full:https://registry.npmjs.org/promise-breaker cache-miss
756 http fetch GET 200 https://registry.npmjs.org/which 134ms (cache revalidated)
757 silly packumentCache full:https://registry.npmjs.org/which set size:70087 disposed:false
758 silly fetch manifest qs@^6.6.0
759 silly packumentCache full:https://registry.npmjs.org/qs cache-hit
760 silly fetch manifest raw-body@^2.3.3
761 silly packumentCache full:https://registry.npmjs.org/raw-body cache-hit
762 silly fetch manifest semver@^7.0.0
763 silly packumentCache full:https://registry.npmjs.org/semver cache-hit
764 silly fetch manifest etag@~1.8.1
765 silly packumentCache full:https://registry.npmjs.org/etag cache-miss
766 http fetch GET 200 https://registry.npmjs.org/vary 151ms (cache revalidated)
767 silly packumentCache full:https://registry.npmjs.org/vary set size:15994 disposed:false
768 silly fetch manifest send@~0.19.0
769 silly packumentCache full:https://registry.npmjs.org/send cache-miss
770 http fetch GET 200 https://registry.npmjs.org/object-assign 162ms (cache revalidated)
771 silly packumentCache full:https://registry.npmjs.org/object-assign set size:28988 disposed:false
772 silly fetch manifest vary@~1.1.2
773 silly packumentCache full:https://registry.npmjs.org/vary cache-hit
774 silly fetch manifest fresh@~0.5.2
775 silly packumentCache full:https://registry.npmjs.org/fresh cache-miss
776 http fetch GET 200 https://registry.npmjs.org/path-key 238ms (cache revalidated)
777 silly packumentCache full:https://registry.npmjs.org/path-key set size:16975 disposed:false
778 silly fetch manifest cookie@~0.7.1
779 silly packumentCache full:https://registry.npmjs.org/cookie cache-miss
780 http fetch GET 200 https://registry.npmjs.org/@apidevtools%2fjson-schema-ref-parser 203ms (cache revalidated)
781 silly packumentCache full:https://registry.npmjs.org/@apidevtools%2fjson-schema-ref-parser set size:311724 disposed:false
782 silly fetch manifest accepts@~1.3.8
783 silly packumentCache full:https://registry.npmjs.org/accepts cache-miss
784 http fetch GET 200 https://registry.npmjs.org/shebang-command 259ms (cache revalidated)
785 silly packumentCache full:https://registry.npmjs.org/shebang-command set size:8525 disposed:false
786 silly fetch manifest methods@~1.1.2
787 silly packumentCache full:https://registry.npmjs.org/methods cache-miss
788 http fetch GET 200 https://registry.npmjs.org/send 205ms (cache revalidated)
789 silly packumentCache full:https://registry.npmjs.org/send set size:152810 disposed:false
790 silly fetch manifest parseurl@~1.3.3
791 silly packumentCache full:https://registry.npmjs.org/parseurl cache-miss
792 http fetch GET 200 https://registry.npmjs.org/cookie 104ms (cache revalidated)
793 silly packumentCache full:https://registry.npmjs.org/cookie set size:78274 disposed:false
794 silly fetch manifest statuses@~2.0.1
795 silly packumentCache full:https://registry.npmjs.org/statuses cache-miss
796 http fetch GET 200 https://registry.npmjs.org/accepts 98ms (cache revalidated)
797 silly packumentCache full:https://registry.npmjs.org/accepts set size:77054 disposed:false
798 silly fetch manifest encodeurl@~2.0.0
799 silly packumentCache full:https://registry.npmjs.org/encodeurl cache-miss
800 http fetch GET 200 https://registry.npmjs.org/fresh 223ms (cache revalidated)
801 silly packumentCache full:https://registry.npmjs.org/fresh set size:25427 disposed:false
802 silly fetch manifest proxy-addr@~2.0.7
803 silly packumentCache full:https://registry.npmjs.org/proxy-addr cache-miss
804 http fetch GET 200 https://registry.npmjs.org/etag 236ms (cache revalidated)
805 silly packumentCache full:https://registry.npmjs.org/etag set size:30032 disposed:false
806 silly fetch manifest escape-html@~1.0.3
807 silly packumentCache full:https://registry.npmjs.org/escape-html cache-miss
808 http fetch GET 200 https://registry.npmjs.org/deep-freeze 331ms (cache revalidated)
809 silly packumentCache full:https://registry.npmjs.org/deep-freeze set size:3226 disposed:false
810 silly fetch manifest http-errors@~2.0.0
811 silly packumentCache full:https://registry.npmjs.org/http-errors cache-hit
812 silly fetch manifest safe-buffer@5.2.1
813 silly packumentCache full:https://registry.npmjs.org/safe-buffer cache-miss
814 http fetch GET 200 https://registry.npmjs.org/json-ptr 329ms (cache revalidated)
815 silly packumentCache full:https://registry.npmjs.org/json-ptr set size:1448490 disposed:false
816 silly fetch manifest utils-merge@1.0.1
817 silly packumentCache full:https://registry.npmjs.org/utils-merge cache-miss
818 http fetch GET 200 https://registry.npmjs.org/events-listener 363ms (cache revalidated)
819 silly packumentCache full:https://registry.npmjs.org/events-listener set size:11001 disposed:false
820 silly fetch manifest content-type@~1.0.4
821 silly packumentCache full:https://registry.npmjs.org/content-type cache-hit
822 silly fetch manifest finalhandler@~1.3.1
823 silly packumentCache full:https://registry.npmjs.org/finalhandler cache-miss
824 http fetch GET 200 https://registry.npmjs.org/openapi3-ts 361ms (cache revalidated)
825 silly packumentCache full:https://registry.npmjs.org/openapi3-ts set size:159478 disposed:false
826 silly fetch manifest range-parser@~1.2.1
827 silly packumentCache full:https://registry.npmjs.org/range-parser cache-miss
828 http fetch GET 200 https://registry.npmjs.org/methods 140ms (cache revalidated)
829 silly packumentCache full:https://registry.npmjs.org/methods set size:12600 disposed:false
830 silly fetch manifest serve-static@~1.16.2
831 silly packumentCache full:https://registry.npmjs.org/serve-static cache-miss
832 http fetch GET 200 https://registry.npmjs.org/promise-breaker 357ms (cache revalidated)
833 silly packumentCache full:https://registry.npmjs.org/promise-breaker set size:71308 disposed:false
834 silly fetch manifest array-flatten@1.1.1
835 silly packumentCache full:https://registry.npmjs.org/array-flatten cache-miss
836 http fetch GET 200 https://registry.npmjs.org/parseurl 137ms (cache revalidated)
837 silly packumentCache full:https://registry.npmjs.org/parseurl set size:24148 disposed:false
838 silly fetch manifest path-to-regexp@~0.1.12
839 silly packumentCache full:https://registry.npmjs.org/path-to-regexp cache-miss
840 http fetch GET 200 https://registry.npmjs.org/statuses 137ms (cache revalidated)
841 silly packumentCache full:https://registry.npmjs.org/statuses set size:37117 disposed:false
842 silly fetch manifest setprototypeof@1.2.0
843 silly packumentCache full:https://registry.npmjs.org/setprototypeof cache-miss
844 http fetch GET 200 https://registry.npmjs.org/escape-html 146ms (cache revalidated)
845 silly packumentCache full:https://registry.npmjs.org/escape-html set size:7345 disposed:false
846 silly fetch manifest cookie-signature@~1.0.6
847 silly packumentCache full:https://registry.npmjs.org/cookie-signature cache-miss
848 http fetch GET 200 https://registry.npmjs.org/proxy-addr 155ms (cache revalidated)
849 silly packumentCache full:https://registry.npmjs.org/proxy-addr set size:61619 disposed:false
850 silly fetch manifest merge-descriptors@1.0.3
851 silly packumentCache full:https://registry.npmjs.org/merge-descriptors cache-miss
852 http fetch GET 200 https://registry.npmjs.org/safe-buffer 141ms (cache revalidated)
853 silly packumentCache full:https://registry.npmjs.org/safe-buffer set size:41183 disposed:false
854 silly fetch manifest content-disposition@~0.5.4
855 silly packumentCache full:https://registry.npmjs.org/content-disposition cache-miss
856 http fetch GET 200 https://registry.npmjs.org/range-parser 122ms (cache revalidated)
857 silly packumentCache full:https://registry.npmjs.org/range-parser set size:24852 disposed:false
858 silly fetch manifest hasown@^2.0.4
859 silly packumentCache full:https://registry.npmjs.org/hasown cache-miss
860 http fetch GET 200 https://registry.npmjs.org/finalhandler 138ms (cache revalidated)
861 silly packumentCache full:https://registry.npmjs.org/finalhandler set size:79291 disposed:false
862 silly fetch manifest asynckit@^0.4.0
863 silly packumentCache full:https://registry.npmjs.org/asynckit cache-miss
864 http fetch GET 200 https://registry.npmjs.org/serve-static 127ms (cache revalidated)
865 silly packumentCache full:https://registry.npmjs.org/serve-static set size:150391 disposed:false
866 silly fetch manifest mime-types@^2.1.35
867 silly packumentCache full:https://registry.npmjs.org/mime-types cache-miss
868 http fetch GET 200 https://registry.npmjs.org/array-flatten 128ms (cache revalidated)
869 silly packumentCache full:https://registry.npmjs.org/array-flatten set size:24005 disposed:false
870 silly fetch manifest combined-stream@^1.0.8
871 silly packumentCache full:https://registry.npmjs.org/combined-stream cache-miss
872 http fetch GET 200 https://registry.npmjs.org/setprototypeof 118ms (cache revalidated)
873 silly packumentCache full:https://registry.npmjs.org/setprototypeof set size:14532 disposed:false
874 silly fetch manifest es-set-tostringtag@^2.1.0
875 silly packumentCache full:https://registry.npmjs.org/es-set-tostringtag cache-miss
876 http fetch GET 200 https://registry.npmjs.org/path-to-regexp 128ms (cache revalidated)
877 silly packumentCache full:https://registry.npmjs.org/path-to-regexp set size:216334 disposed:false
878 silly fetch manifest jsonfile@^6.0.1
879 silly packumentCache full:https://registry.npmjs.org/jsonfile cache-miss
880 http fetch GET 200 https://registry.npmjs.org/cookie-signature 113ms (cache revalidated)
881 silly packumentCache full:https://registry.npmjs.org/cookie-signature set size:21777 disposed:false
882 silly fetch manifest graceful-fs@^4.2.0
883 silly packumentCache full:https://registry.npmjs.org/graceful-fs cache-hit
884 silly fetch manifest universalify@^2.0.0
885 silly packumentCache full:https://registry.npmjs.org/universalify cache-miss
886 http fetch GET 200 https://registry.npmjs.org/merge-descriptors 115ms (cache revalidated)
887 silly packumentCache full:https://registry.npmjs.org/merge-descriptors set size:16527 disposed:false
888 silly fetch manifest uuid@^9.0.1
889 silly packumentCache full:https://registry.npmjs.org/uuid cache-miss
890 http fetch GET 200 https://registry.npmjs.org/content-disposition 112ms (cache revalidated)
891 silly packumentCache full:https://registry.npmjs.org/content-disposition set size:42862 disposed:false
892 silly fetch manifest is-stream@^2.0.0
893 silly packumentCache full:https://registry.npmjs.org/is-stream cache-miss
894 http fetch GET 200 https://registry.npmjs.org/hasown 118ms (cache revalidated)
895 silly packumentCache full:https://registry.npmjs.org/hasown set size:18361 disposed:false
896 silly fetch manifest node-fetch@^2.6.9
897 silly packumentCache full:https://registry.npmjs.org/node-fetch cache-hit
898 silly fetch manifest https-proxy-agent@^7.0.1
899 silly packumentCache full:https://registry.npmjs.org/https-proxy-agent cache-miss
900 http fetch GET 200 https://registry.npmjs.org/asynckit 121ms (cache revalidated)
901 silly packumentCache full:https://registry.npmjs.org/asynckit set size:18932 disposed:false
902 silly fetch manifest minipass@^7.1.2
903 silly packumentCache full:https://registry.npmjs.org/minipass cache-miss
904 http fetch GET 200 https://registry.npmjs.org/mime-types 118ms (cache revalidated)
905 silly packumentCache full:https://registry.npmjs.org/mime-types set size:139110 disposed:false
906 silly fetch manifest jackspeak@^3.1.2
907 silly packumentCache full:https://registry.npmjs.org/jackspeak cache-miss
908 http fetch GET 200 https://registry.npmjs.org/combined-stream 117ms (cache revalidated)
909 silly packumentCache full:https://registry.npmjs.org/combined-stream set size:40337 disposed:false
910 silly fetch manifest minimatch@^9.0.4
911 silly packumentCache full:https://registry.npmjs.org/minimatch cache-hit
912 silly fetch manifest path-scurry@^1.11.1
913 silly packumentCache full:https://registry.npmjs.org/path-scurry cache-miss
914 http fetch GET 200 https://registry.npmjs.org/jsonfile 109ms (cache revalidated)
915 silly packumentCache full:https://registry.npmjs.org/jsonfile set size:53210 disposed:false
916 silly fetch manifest foreground-child@^3.1.0
917 silly packumentCache full:https://registry.npmjs.org/foreground-child cache-miss
918 http fetch GET 200 https://registry.npmjs.org/es-set-tostringtag 124ms (cache revalidated)
919 silly packumentCache full:https://registry.npmjs.org/es-set-tostringtag set size:22094 disposed:false
920 silly fetch manifest package-json-from-dist@^1.0.0
921 silly packumentCache full:https://registry.npmjs.org/package-json-from-dist cache-miss
922 http fetch GET 200 https://registry.npmjs.org/universalify 115ms (cache revalidated)
923 silly packumentCache full:https://registry.npmjs.org/universalify set size:19431 disposed:false
924 silly fetch manifest jws@^4.0.0
925 silly packumentCache full:https://registry.npmjs.org/jws cache-miss
926 http fetch GET 200 https://registry.npmjs.org/uuid 121ms (cache revalidated)
927 silly packumentCache full:https://registry.npmjs.org/uuid set size:256419 disposed:false
928 silly fetch manifest gtoken@^7.0.0
929 silly packumentCache full:https://registry.npmjs.org/gtoken cache-miss
930 http fetch GET 200 https://registry.npmjs.org/minipass 104ms (cache revalidated)
931 silly packumentCache full:https://registry.npmjs.org/minipass set size:276925 disposed:false
932 silly fetch manifest base64-js@^1.3.0
933 silly packumentCache full:https://registry.npmjs.org/base64-js cache-miss
934 http fetch GET 200 https://registry.npmjs.org/path-scurry 112ms (cache revalidated)
935 silly packumentCache full:https://registry.npmjs.org/path-scurry set size:117612 disposed:false
936 silly fetch manifest gcp-metadata@^6.1.0
937 silly packumentCache full:https://registry.npmjs.org/gcp-metadata cache-miss
938 http fetch GET 200 https://registry.npmjs.org/jackspeak 123ms (cache revalidated)
939 silly packumentCache full:https://registry.npmjs.org/jackspeak set size:204267 disposed:false
940 silly fetch manifest ecdsa-sig-formatter@^1.0.11
941 silly packumentCache full:https://registry.npmjs.org/ecdsa-sig-formatter cache-miss
942 http fetch GET 200 https://registry.npmjs.org/https-proxy-agent 137ms (cache revalidated)
943 silly packumentCache full:https://registry.npmjs.org/https-proxy-agent set size:83792 disposed:false
944 silly fetch manifest argparse@^2.0.1
945 silly packumentCache full:https://registry.npmjs.org/argparse cache-miss
946 http fetch GET 200 https://registry.npmjs.org/utils-merge 425ms (cache revalidated)
947 silly packumentCache full:https://registry.npmjs.org/utils-merge set size:5237 disposed:false
948 silly fetch manifest ms@^2.1.1
949 silly packumentCache full:https://registry.npmjs.org/ms cache-miss
950 http fetch GET 200 https://registry.npmjs.org/package-json-from-dist 119ms (cache revalidated)
951 silly packumentCache full:https://registry.npmjs.org/package-json-from-dist set size:8854 disposed:false
952 silly fetch manifest jws@^4.0.1
953 silly packumentCache full:https://registry.npmjs.org/jws cache-miss
954 http fetch GET 200 https://registry.npmjs.org/jws 103ms (cache revalidated)
955 silly packumentCache full:https://registry.npmjs.org/jws set size:48740 disposed:false
956 silly fetch manifest semver@^7.5.4
957 silly packumentCache full:https://registry.npmjs.org/semver cache-hit
958 silly fetch manifest lodash.once@^4.0.0
959 silly packumentCache full:https://registry.npmjs.org/lodash.once cache-miss
960 http fetch GET 200 https://registry.npmjs.org/gtoken 123ms (cache revalidated)
961 silly packumentCache full:https://registry.npmjs.org/gtoken set size:155604 disposed:false
962 silly fetch manifest lodash.includes@^4.3.0
963 silly packumentCache full:https://registry.npmjs.org/lodash.includes cache-miss
964 http cache https://registry.npmjs.org/jws 54ms (cache hit)
965 silly packumentCache full:https://registry.npmjs.org/jws set size:48740 disposed:false
966 silly packumentCache full:https://registry.npmjs.org/jws dispose
967 silly fetch manifest lodash.isnumber@^3.0.3
968 silly packumentCache full:https://registry.npmjs.org/lodash.isnumber cache-miss
969 http fetch GET 200 https://registry.npmjs.org/base64-js 117ms (cache revalidated)
970 silly packumentCache full:https://registry.npmjs.org/base64-js set size:41270 disposed:false
971 silly fetch manifest lodash.isstring@^4.0.1
972 silly packumentCache full:https://registry.npmjs.org/lodash.isstring cache-miss
973 http fetch GET 200 https://registry.npmjs.org/foreground-child 214ms (cache revalidated)
974 silly packumentCache full:https://registry.npmjs.org/foreground-child set size:71503 disposed:false
975 silly fetch manifest lodash.isboolean@^3.0.3
976 silly packumentCache full:https://registry.npmjs.org/lodash.isboolean cache-miss
977 http fetch GET 200 https://registry.npmjs.org/ms 121ms (cache revalidated)
978 silly packumentCache full:https://registry.npmjs.org/ms set size:92208 disposed:false
979 silly fetch manifest lodash.isinteger@^4.0.4
980 silly packumentCache full:https://registry.npmjs.org/lodash.isinteger cache-miss
981 http fetch GET 200 https://registry.npmjs.org/argparse 130ms (cache revalidated)
982 silly packumentCache full:https://registry.npmjs.org/argparse set size:51348 disposed:false
983 silly fetch manifest lodash.isplainobject@^4.0.6
984 silly packumentCache full:https://registry.npmjs.org/lodash.isplainobject cache-miss
985 http fetch GET 200 https://registry.npmjs.org/lodash.includes 91ms (cache revalidated)
986 silly packumentCache full:https://registry.npmjs.org/lodash.includes set size:27594 disposed:false
987 silly fetch manifest libsodium@^0.7.16
988 silly packumentCache full:https://registry.npmjs.org/libsodium cache-miss
989 http fetch GET 200 https://registry.npmjs.org/lodash.once 128ms (cache revalidated)
990 silly packumentCache full:https://registry.npmjs.org/lodash.once set size:23407 disposed:false
991 silly fetch manifest ansi-escapes@^7.0.0
992 silly packumentCache full:https://registry.npmjs.org/ansi-escapes cache-miss
993 http fetch GET 200 https://registry.npmjs.org/lodash.isstring 95ms (cache revalidated)
994 silly packumentCache full:https://registry.npmjs.org/lodash.isstring set size:21368 disposed:false
995 silly fetch manifest ansi-regex@^6.1.0
996 silly packumentCache full:https://registry.npmjs.org/ansi-regex cache-miss
997 http fetch GET 200 https://registry.npmjs.org/lodash.isnumber 115ms (cache revalidated)
998 silly packumentCache full:https://registry.npmjs.org/lodash.isnumber set size:21368 disposed:false
999 silly fetch manifest chalk@^5.4.1
1000 silly packumentCache full:https://registry.npmjs.org/chalk cache-miss
1001 http fetch GET 200 https://registry.npmjs.org/is-stream 385ms (cache revalidated)
1002 silly packumentCache full:https://registry.npmjs.org/is-stream set size:18582 disposed:false
1003 silly fetch manifest cli-highlight@^2.1.11
1004 silly packumentCache full:https://registry.npmjs.org/cli-highlight cache-miss
1005 http fetch GET 200 https://registry.npmjs.org/lodash.isboolean 106ms (cache revalidated)
1006 silly packumentCache full:https://registry.npmjs.org/lodash.isboolean set size:21437 disposed:false
1007 silly fetch manifest node-emoji@^2.2.0
1008 silly packumentCache full:https://registry.npmjs.org/node-emoji cache-miss
1009 http fetch GET 200 https://registry.npmjs.org/encodeurl 712ms (cache revalidated)
1010 silly packumentCache full:https://registry.npmjs.org/encodeurl set size:12296 disposed:false
1011 silly fetch manifest supports-hyperlinks@^3.1.0
1012 silly packumentCache full:https://registry.npmjs.org/supports-hyperlinks cache-miss
1013 http fetch GET 200 https://registry.npmjs.org/lodash.isinteger 109ms (cache revalidated)
1014 silly packumentCache full:https://registry.npmjs.org/lodash.isinteger set size:10827 disposed:false
1015 silly fetch manifest brace-expansion@^1.1.7
1016 silly packumentCache full:https://registry.npmjs.org/brace-expansion cache-miss
1017 http fetch GET 200 https://registry.npmjs.org/lodash.isplainobject 111ms (cache revalidated)
1018 silly packumentCache full:https://registry.npmjs.org/lodash.isplainobject set size:38531 disposed:false
1019 silly fetch manifest basic-auth@~2.0.1
1020 silly packumentCache full:https://registry.npmjs.org/basic-auth cache-miss
1021 http fetch GET 200 https://registry.npmjs.org/ansi-escapes 101ms (cache revalidated)
1022 silly packumentCache full:https://registry.npmjs.org/ansi-escapes set size:70915 disposed:false
1023 silly fetch manifest depd@~2.0.0
1024 silly packumentCache full:https://registry.npmjs.org/depd cache-hit
1025 silly fetch manifest on-headers@~1.1.0
1026 silly packumentCache full:https://registry.npmjs.org/on-headers cache-miss
1027 http fetch GET 200 https://registry.npmjs.org/ansi-regex 116ms (cache revalidated)
1028 silly packumentCache full:https://registry.npmjs.org/ansi-regex set size:43572 disposed:false
1029 silly fetch manifest whatwg-url@^5.0.0
1030 silly packumentCache full:https://registry.npmjs.org/whatwg-url cache-miss
1031 http fetch GET 200 https://registry.npmjs.org/chalk 116ms (cache revalidated)
1032 silly packumentCache full:https://registry.npmjs.org/chalk set size:134775 disposed:false
1033 silly fetch manifest is-wsl@^1.1.0
1034 silly packumentCache full:https://registry.npmjs.org/is-wsl cache-miss
1035 http fetch GET 200 https://registry.npmjs.org/libsodium 177ms (cache revalidated)
1036 silly packumentCache full:https://registry.npmjs.org/libsodium set size:89062 disposed:false
1037 silly fetch manifest bl@^4.1.0
1038 silly packumentCache full:https://registry.npmjs.org/bl cache-miss
1039 http fetch GET 200 https://registry.npmjs.org/cli-highlight 143ms (cache revalidated)
1040 silly packumentCache full:https://registry.npmjs.org/cli-highlight set size:82544 disposed:false
1041 silly fetch manifest chalk@^4.1.0
1042 silly packumentCache full:https://registry.npmjs.org/chalk cache-hit
1043 silly fetch manifest wcwidth@^1.0.1
1044 silly packumentCache full:https://registry.npmjs.org/wcwidth cache-miss
1045 http fetch GET 200 https://registry.npmjs.org/brace-expansion 119ms (cache revalidated)
1046 silly packumentCache full:https://registry.npmjs.org/brace-expansion set size:101024 disposed:false
1047 silly fetch manifest cli-cursor@^3.1.0
1048 silly packumentCache full:https://registry.npmjs.org/cli-cursor cache-miss
1049 http fetch GET 200 https://registry.npmjs.org/on-headers 116ms (cache revalidated)
1050 silly packumentCache full:https://registry.npmjs.org/on-headers set size:13226 disposed:false
1051 silly fetch manifest strip-ansi@^6.0.0
1052 silly packumentCache full:https://registry.npmjs.org/strip-ansi cache-miss
1053 http fetch GET 200 https://registry.npmjs.org/ecdsa-sig-formatter 426ms (cache revalidated)
1054 silly packumentCache full:https://registry.npmjs.org/ecdsa-sig-formatter set size:23546 disposed:false
1055 silly fetch manifest log-symbols@^4.1.0
1056 silly packumentCache full:https://registry.npmjs.org/log-symbols cache-miss
1057 http fetch GET 200 https://registry.npmjs.org/whatwg-url 117ms (cache revalidated)
1058 silly packumentCache full:https://registry.npmjs.org/whatwg-url set size:177251 disposed:false
1059 silly fetch manifest cli-spinners@^2.5.0
1060 silly packumentCache full:https://registry.npmjs.org/cli-spinners cache-miss
1061 http fetch GET 200 https://registry.npmjs.org/node-emoji 214ms (cache revalidated)
1062 silly packumentCache full:https://registry.npmjs.org/node-emoji set size:88366 disposed:false
1063 silly fetch manifest is-interactive@^1.0.0
1064 silly packumentCache full:https://registry.npmjs.org/is-interactive cache-miss
1065 http fetch GET 200 https://registry.npmjs.org/gcp-metadata 450ms (cache revalidated)
1066 silly packumentCache full:https://registry.npmjs.org/gcp-metadata set size:200440 disposed:false
1067 silly fetch manifest is-unicode-supported@^0.1.0
1068 silly packumentCache full:https://registry.npmjs.org/is-unicode-supported cache-miss
1069 http fetch GET 200 https://registry.npmjs.org/is-wsl 131ms (cache revalidated)
1070 silly packumentCache full:https://registry.npmjs.org/is-wsl set size:20683 disposed:false
1071 silly fetch manifest pgpass@1.0.5
1072 silly packumentCache full:https://registry.npmjs.org/pgpass cache-miss
1073 http fetch GET 200 https://registry.npmjs.org/bl 144ms (cache revalidated)
1074 silly packumentCache full:https://registry.npmjs.org/bl set size:237796 disposed:false
1075 silly fetch manifest pg-pool@^3.14.0
1076 silly packumentCache full:https://registry.npmjs.org/pg-pool cache-miss
1077 http fetch GET 200 https://registry.npmjs.org/wcwidth 125ms (cache revalidated)
1078 silly packumentCache full:https://registry.npmjs.org/wcwidth set size:5904 disposed:false
1079 silly fetch manifest pg-types@2.2.0
1080 silly packumentCache full:https://registry.npmjs.org/pg-types cache-miss
1081 http fetch GET 200 https://registry.npmjs.org/cli-cursor 126ms (cache revalidated)
1082 silly packumentCache full:https://registry.npmjs.org/cli-cursor set size:18913 disposed:false
1083 silly fetch manifest pg-protocol@^1.15.0
1084 silly packumentCache full:https://registry.npmjs.org/pg-protocol cache-miss
1085 http fetch GET 200 https://registry.npmjs.org/strip-ansi 129ms (cache revalidated)
1086 silly packumentCache full:https://registry.npmjs.org/strip-ansi set size:44998 disposed:false
1087 silly fetch manifest pg-connection-string@^2.14.0
1088 silly packumentCache full:https://registry.npmjs.org/pg-connection-string cache-miss
1089 http fetch GET 200 https://registry.npmjs.org/basic-auth 266ms (cache updated)
1090 silly packumentCache full:https://registry.npmjs.org/basic-auth set size:undefined disposed:false
1091 silly fetch manifest pg-cloudflare@^1.4.0
1092 silly packumentCache full:https://registry.npmjs.org/pg-cloudflare cache-miss
1093 http fetch GET 200 https://registry.npmjs.org/is-interactive 131ms (cache revalidated)
1094 silly packumentCache full:https://registry.npmjs.org/is-interactive set size:10692 disposed:false
1095 silly fetch manifest async@^3.2.6
1096 silly packumentCache full:https://registry.npmjs.org/async cache-hit
1097 silly fetch manifest debug@^4.3.6
1098 silly packumentCache full:https://registry.npmjs.org/debug cache-hit
1099 silly fetch manifest debug@^4.3.4
1100 silly packumentCache full:https://registry.npmjs.org/debug cache-hit
1101 silly fetch manifest lru-cache@^7.14.1
1102 silly packumentCache full:https://registry.npmjs.org/lru-cache cache-miss
1103 http fetch GET 200 https://registry.npmjs.org/log-symbols 151ms (cache revalidated)
1104 silly packumentCache full:https://registry.npmjs.org/log-symbols set size:31977 disposed:false
1105 silly fetch manifest agent-base@^7.1.2
1106 silly packumentCache full:https://registry.npmjs.org/agent-base cache-miss
1107 http fetch GET 200 https://registry.npmjs.org/cli-spinners 149ms (cache revalidated)
1108 silly packumentCache full:https://registry.npmjs.org/cli-spinners set size:67473 disposed:false
1109 silly fetch manifest proxy-from-env@^1.1.0
1110 silly packumentCache full:https://registry.npmjs.org/proxy-from-env cache-miss
1111 http fetch GET 200 https://registry.npmjs.org/is-unicode-supported 146ms (cache revalidated)
1112 silly packumentCache full:https://registry.npmjs.org/is-unicode-supported set size:19461 disposed:false
1113 silly fetch manifest pac-proxy-agent@^7.1.0
1114 silly packumentCache full:https://registry.npmjs.org/pac-proxy-agent cache-miss
1115 http fetch GET 200 https://registry.npmjs.org/pg-connection-string 99ms (cache revalidated)
1116 silly packumentCache full:https://registry.npmjs.org/pg-connection-string set size:78715 disposed:false
1117 silly fetch manifest http-proxy-agent@^7.0.1
1118 silly packumentCache full:https://registry.npmjs.org/http-proxy-agent cache-miss
1119 http fetch GET 200 https://registry.npmjs.org/pg-pool 137ms (cache revalidated)
1120 silly packumentCache full:https://registry.npmjs.org/pg-pool set size:132010 disposed:false
1121 silly fetch manifest https-proxy-agent@^7.0.6
1122 silly packumentCache full:https://registry.npmjs.org/https-proxy-agent cache-hit
1123 silly fetch manifest socks-proxy-agent@^8.0.5
1124 silly packumentCache full:https://registry.npmjs.org/socks-proxy-agent cache-miss
1125 http fetch GET 200 https://registry.npmjs.org/pg-cloudflare 113ms (cache revalidated)
1126 silly packumentCache full:https://registry.npmjs.org/pg-cloudflare set size:22655 disposed:false
1127 silly fetch manifest nearley@^2.20.1
1128 silly packumentCache full:https://registry.npmjs.org/nearley cache-miss
1129 http fetch GET 200 https://registry.npmjs.org/pg-types 147ms (cache revalidated)
1130 silly packumentCache full:https://registry.npmjs.org/pg-types set size:51397 disposed:false
1131 silly fetch manifest is-url@^1.2.2
1132 silly packumentCache full:https://registry.npmjs.org/is-url cache-miss
1133 http fetch GET 200 https://registry.npmjs.org/pg-protocol 145ms (cache revalidated)
1134 silly packumentCache full:https://registry.npmjs.org/pg-protocol set size:55319 disposed:false
1135 silly fetch manifest router@^2.0.0
1136 silly packumentCache full:https://registry.npmjs.org/router cache-miss
1137 http fetch GET 200 https://registry.npmjs.org/pgpass 404ms (cache revalidated)
1138 silly packumentCache full:https://registry.npmjs.org/pgpass set size:28590 disposed:false
1139 silly fetch manifest connect@^3.7.0
1140 silly packumentCache full:https://registry.npmjs.org/connect cache-miss
1141 http fetch GET 200 https://registry.npmjs.org/proxy-from-env 293ms (cache revalidated)
1142 silly packumentCache full:https://registry.npmjs.org/proxy-from-env set size:21422 disposed:false
1143 silly fetch manifest destroy@^1.0.4
1144 silly packumentCache full:https://registry.npmjs.org/destroy cache-hit
1145 silly fetch manifest commander@^10.0.0
1146 silly packumentCache full:https://registry.npmjs.org/commander cache-hit
1147 silly fetch manifest join-path@^1.1.1
1148 silly packumentCache full:https://registry.npmjs.org/join-path cache-miss
1149 http fetch GET 200 https://registry.npmjs.org/pac-proxy-agent 294ms (cache revalidated)
1150 silly packumentCache full:https://registry.npmjs.org/pac-proxy-agent set size:69698 disposed:false
1151 silly fetch manifest minimatch@^6.1.6
1152 silly packumentCache full:https://registry.npmjs.org/minimatch cache-hit
1153 silly fetch manifest on-headers@^1.0.0
1154 silly packumentCache full:https://registry.npmjs.org/on-headers cache-hit
1155 silly fetch manifest compression@^1.7.0
1156 silly packumentCache full:https://registry.npmjs.org/compression cache-miss
1157 http fetch GET 200 https://registry.npmjs.org/agent-base 317ms (cache revalidated)
1158 silly packumentCache full:https://registry.npmjs.org/agent-base set size:72085 disposed:false
1159 silly fetch manifest on-finished@^2.2.0
1160 silly packumentCache full:https://registry.npmjs.org/on-finished cache-hit
1161 silly fetch manifest glob-slasher@^1.0.1
1162 silly packumentCache full:https://registry.npmjs.org/glob-slasher cache-miss
1163 http fetch GET 200 https://registry.npmjs.org/supports-hyperlinks 663ms (cache revalidated)
1164 silly packumentCache full:https://registry.npmjs.org/supports-hyperlinks set size:38477 disposed:false
1165 silly fetch manifest path-to-regexp@^1.9.0
1166 silly packumentCache full:https://registry.npmjs.org/path-to-regexp cache-hit
1167 silly fetch manifest basic-auth-connect@^1.1.0
1168 silly packumentCache full:https://registry.npmjs.org/basic-auth-connect cache-miss
1169 http fetch GET 200 https://registry.npmjs.org/lru-cache 332ms (cache revalidated)
1170 silly packumentCache full:https://registry.npmjs.org/lru-cache set size:460407 disposed:false
1171 silly fetch manifest re2@^1.17.7
1172 silly packumentCache full:https://registry.npmjs.org/re2 cache-miss
1173 http fetch GET 200 https://registry.npmjs.org/socks-proxy-agent 314ms (cache revalidated)
1174 silly packumentCache full:https://registry.npmjs.org/socks-proxy-agent set size:108698 disposed:false
1175 silly fetch manifest chownr@^3.0.0
1176 silly packumentCache full:https://registry.npmjs.org/chownr cache-miss
1177 http fetch GET 200 https://registry.npmjs.org/router 305ms (cache revalidated)
1178 silly packumentCache full:https://registry.npmjs.org/router set size:116499 disposed:false
1179 silly fetch manifest yallist@^5.0.0
1180 silly packumentCache full:https://registry.npmjs.org/yallist cache-miss
1181 http fetch GET 200 https://registry.npmjs.org/nearley 367ms (cache revalidated)
1182 silly packumentCache full:https://registry.npmjs.org/nearley set size:210822 disposed:false
1183 silly fetch manifest minizlib@^3.1.0
1184 silly packumentCache full:https://registry.npmjs.org/minizlib cache-miss
1185 http fetch GET 200 https://registry.npmjs.org/connect 162ms (cache revalidated)
1186 silly packumentCache full:https://registry.npmjs.org/connect set size:438385 disposed:false
1187 silly fetch manifest @isaacs/fs-minipass@^4.0.0
1188 silly packumentCache full:https://registry.npmjs.org/@isaacs%2ffs-minipass cache-miss
1189 http fetch GET 200 https://registry.npmjs.org/compression 155ms (cache revalidated)
1190 silly packumentCache full:https://registry.npmjs.org/compression set size:98424 disposed:false
1191 silly fetch manifest debug@4.3.1
1192 silly packumentCache full:https://registry.npmjs.org/debug cache-hit
1193 silly fetch manifest is2@2.0.1
1194 silly packumentCache full:https://registry.npmjs.org/is2 cache-miss
1195 http fetch GET 200 https://registry.npmjs.org/chownr 124ms (cache revalidated)
1196 silly packumentCache full:https://registry.npmjs.org/chownr set size:22157 disposed:false
1197 silly fetch manifest debug@^4.3.1
1198 silly packumentCache full:https://registry.npmjs.org/debug cache-hit
1199 silly fetch manifest uuid@^14.0.0
1200 silly packumentCache full:https://registry.npmjs.org/uuid cache-hit
1201 silly fetch manifest boxen@^5.0.0
1202 silly packumentCache full:https://registry.npmjs.org/boxen cache-miss
1203 http fetch GET 200 https://registry.npmjs.org/yallist 128ms (cache revalidated)
1204 silly packumentCache full:https://registry.npmjs.org/yallist set size:34610 disposed:false
1205 silly fetch manifest has-yarn@^2.1.0
1206 silly packumentCache full:https://registry.npmjs.org/has-yarn cache-miss
1207 http fetch GET 200 https://registry.npmjs.org/minizlib 101ms (cache revalidated)
1208 silly packumentCache full:https://registry.npmjs.org/minizlib set size:62862 disposed:false
1209 silly fetch manifest import-lazy@^2.1.0
1210 silly packumentCache full:https://registry.npmjs.org/import-lazy cache-miss
1211 http fetch GET 200 https://registry.npmjs.org/re2 219ms (cache revalidated)
1212 silly packumentCache full:https://registry.npmjs.org/re2 set size:255379 disposed:false
1213 silly fetch manifest is-ci@^2.0.0
1214 silly packumentCache full:https://registry.npmjs.org/is-ci cache-miss
1215 http fetch GET 200 https://registry.npmjs.org/glob-slasher 244ms (cache revalidated)
1216 silly packumentCache full:https://registry.npmjs.org/glob-slasher set size:4547 disposed:false
1217 silly fetch manifest is-installed-globally@^0.4.0
1218 silly packumentCache full:https://registry.npmjs.org/is-installed-globally cache-miss
1219 http fetch GET 200 https://registry.npmjs.org/@isaacs%2ffs-minipass 124ms (cache revalidated)
1220 silly packumentCache full:https://registry.npmjs.org/@isaacs%2ffs-minipass set size:7912 disposed:false
1221 silly fetch manifest is-npm@^5.0.0
1222 silly packumentCache full:https://registry.npmjs.org/is-npm cache-miss
1223 http fetch GET 200 https://registry.npmjs.org/join-path 277ms (cache revalidated)
1224 silly packumentCache full:https://registry.npmjs.org/join-path set size:6792 disposed:false
1225 silly fetch manifest is-yarn-global@^0.3.0
1226 silly packumentCache full:https://registry.npmjs.org/is-yarn-global cache-miss
1227 http fetch GET 200 https://registry.npmjs.org/basic-auth-connect 259ms (cache revalidated)
1228 silly packumentCache full:https://registry.npmjs.org/basic-auth-connect set size:5161 disposed:false
1229 silly fetch manifest isomorphic-fetch@^3.0.0
1230 silly packumentCache full:https://registry.npmjs.org/isomorphic-fetch cache-miss
1231 http fetch GET 200 https://registry.npmjs.org/boxen 108ms (cache revalidated)
1232 silly packumentCache full:https://registry.npmjs.org/boxen set size:96237 disposed:false
1233 silly fetch manifest pupa@^2.1.1
1234 silly packumentCache full:https://registry.npmjs.org/pupa cache-miss
1235 http fetch GET 200 https://registry.npmjs.org/has-yarn 116ms (cache revalidated)
1236 silly packumentCache full:https://registry.npmjs.org/has-yarn set size:12720 disposed:false
1237 silly fetch manifest registry-auth-token@^5.0.1
1238 silly packumentCache full:https://registry.npmjs.org/registry-auth-token cache-miss
1239 http fetch GET 200 https://registry.npmjs.org/http-proxy-agent 586ms (cache revalidated)
1240 silly packumentCache full:https://registry.npmjs.org/http-proxy-agent set size:57253 disposed:false
1241 silly fetch manifest registry-url@^5.1.0
1242 silly packumentCache full:https://registry.npmjs.org/registry-url cache-miss
1243 http fetch GET 200 https://registry.npmjs.org/import-lazy 125ms (cache revalidated)
1244 silly packumentCache full:https://registry.npmjs.org/import-lazy set size:9891 disposed:false
1245 silly fetch manifest semver-diff@^3.1.1
1246 silly packumentCache full:https://registry.npmjs.org/semver-diff cache-miss
1247 http fetch GET 200 https://registry.npmjs.org/is-url 600ms (cache revalidated)
1248 silly packumentCache full:https://registry.npmjs.org/is-url set size:11343 disposed:false
1249 silly fetch manifest async@^3.2.3
1250 silly packumentCache full:https://registry.npmjs.org/async cache-hit
1251 silly fetch manifest logform@^2.7.0
1252 silly packumentCache full:https://registry.npmjs.org/logform cache-miss
1253 http fetch GET 200 https://registry.npmjs.org/is2 205ms (cache revalidated)
1254 silly packumentCache full:https://registry.npmjs.org/is2 set size:60262 disposed:false
1255 silly fetch manifest one-time@^1.0.0
1256 silly packumentCache full:https://registry.npmjs.org/one-time cache-miss
1257 http fetch GET 200 https://registry.npmjs.org/is-ci 138ms (cache revalidated)
1258 silly packumentCache full:https://registry.npmjs.org/is-ci set size:35380 disposed:false
1259 silly fetch manifest stack-trace@0.0.x
1260 silly packumentCache full:https://registry.npmjs.org/stack-trace cache-miss
1261 http fetch GET 200 https://registry.npmjs.org/is-installed-globally 146ms (cache revalidated)
1262 silly packumentCache full:https://registry.npmjs.org/is-installed-globally set size:19693 disposed:false
1263 silly fetch manifest @colors/colors@^1.6.0
1264 silly packumentCache full:https://registry.npmjs.org/@colors%2fcolors cache-hit
1265 silly fetch manifest readable-stream@^3.4.0
1266 silly packumentCache full:https://registry.npmjs.org/readable-stream cache-hit
1267 silly fetch manifest @dabh/diagnostics@^2.0.8
1268 silly packumentCache full:https://registry.npmjs.org/@dabh%2fdiagnostics cache-miss
1269 http fetch GET 200 https://registry.npmjs.org/is-yarn-global 145ms (cache revalidated)
1270 silly packumentCache full:https://registry.npmjs.org/is-yarn-global set size:10545 disposed:false
1271 silly fetch manifest winston-transport@^4.9.0
1272 silly packumentCache full:https://registry.npmjs.org/winston-transport cache-hit
1273 silly fetch manifest safe-stable-stringify@^2.3.1
1274 silly packumentCache full:https://registry.npmjs.org/safe-stable-stringify cache-miss
1275 http fetch GET 200 https://registry.npmjs.org/is-npm 153ms (cache revalidated)
1276 silly packumentCache full:https://registry.npmjs.org/is-npm set size:19322 disposed:false
1277 silly fetch manifest logform@^2.7.0
1278 silly packumentCache full:https://registry.npmjs.org/logform cache-miss
1279 http fetch GET 200 https://registry.npmjs.org/pupa 152ms (cache revalidated)
1280 silly packumentCache full:https://registry.npmjs.org/pupa set size:27054 disposed:false
1281 silly fetch manifest readable-stream@^3.6.2
1282 silly packumentCache full:https://registry.npmjs.org/readable-stream cache-hit
1283 http fetch GET 200 https://registry.npmjs.org/registry-auth-token 149ms (cache revalidated)
1284 silly packumentCache full:https://registry.npmjs.org/registry-auth-token set size:64303 disposed:false
1285 http fetch GET 200 https://registry.npmjs.org/logform 124ms (cache revalidated)
1286 silly packumentCache full:https://registry.npmjs.org/logform set size:101534 disposed:false
1287 http fetch GET 200 https://registry.npmjs.org/semver-diff 132ms (cache revalidated)
1288 silly packumentCache full:https://registry.npmjs.org/semver-diff set size:20386 disposed:false
1289 http fetch GET 200 https://registry.npmjs.org/one-time 114ms (cache revalidated)
1290 silly packumentCache full:https://registry.npmjs.org/one-time set size:12254 disposed:false
1291 http fetch GET 200 https://registry.npmjs.org/stack-trace 107ms (cache revalidated)
1292 silly packumentCache full:https://registry.npmjs.org/stack-trace set size:26231 disposed:false
1293 http fetch GET 200 https://registry.npmjs.org/isomorphic-fetch 234ms (cache revalidated)
1294 silly packumentCache full:https://registry.npmjs.org/isomorphic-fetch set size:45618 disposed:false
1295 http fetch GET 200 https://registry.npmjs.org/logform 107ms (cache revalidated)
1296 silly packumentCache full:https://registry.npmjs.org/logform set size:101534 disposed:false
1297 silly packumentCache full:https://registry.npmjs.org/logform dispose
1298 http fetch GET 200 https://registry.npmjs.org/registry-url 228ms (cache revalidated)
1299 silly packumentCache full:https://registry.npmjs.org/registry-url set size:35136 disposed:false
1300 http fetch GET 200 https://registry.npmjs.org/safe-stable-stringify 124ms (cache revalidated)
1301 silly packumentCache full:https://registry.npmjs.org/safe-stable-stringify set size:45091 disposed:false
1302 http fetch GET 200 https://registry.npmjs.org/@dabh%2fdiagnostics 411ms (cache revalidated)
1303 silly packumentCache full:https://registry.npmjs.org/@dabh%2fdiagnostics set size:34310 disposed:false
1304 silly placeDep node_modules/firebase-tools @googleapis/sqladmin@37.0.0 OK for: @google-cloud/cloud-sql-connector@1.11.3 want: ^37.0.0
1305 silly placeDep node_modules/firebase-tools/node_modules/@google-cloud/cloud-sql-connector gaxios@7.3.0 OK for: @google-cloud/cloud-sql-connector@1.11.3 want: ^7.1.4
1306 silly placeDep node_modules/firebase-tools/node_modules/@google-cloud/cloud-sql-connector google-auth-library@10.9.1 OK for: @google-cloud/cloud-sql-connector@1.11.3 want: ^10.6.2
1307 silly placeDep node_modules/firebase-tools p-throttle@8.1.0 OK for: @google-cloud/cloud-sql-connector@1.11.3 want: ^8.1.0
1308 silly fetch manifest googleapis-common@^8.0.0
1309 silly packumentCache full:https://registry.npmjs.org/googleapis-common cache-miss
1310 silly fetch manifest node-fetch@^3.3.2
1311 silly packumentCache full:https://registry.npmjs.org/node-fetch cache-hit
1312 silly fetch manifest gcp-metadata@8.1.2
1313 silly packumentCache full:https://registry.npmjs.org/gcp-metadata cache-hit
1314 silly fetch manifest google-logging-utils@1.1.3
1315 silly packumentCache full:https://registry.npmjs.org/google-logging-utils cache-hit
1316 http fetch GET 200 https://registry.npmjs.org/googleapis-common 808ms (cache revalidated)
1317 silly packumentCache full:https://registry.npmjs.org/googleapis-common set size:237452 disposed:false
1318 silly placeDep node_modules/firebase-tools @google-cloud/paginator@6.1.0 OK for: @google-cloud/pubsub@5.3.1 want: ^6.0.0
1319 silly placeDep node_modules/firebase-tools @google-cloud/precise-date@5.2.0 OK for: @google-cloud/pubsub@5.3.1 want: ^5.0.0
1320 silly placeDep node_modules/firebase-tools @google-cloud/projectify@5.2.0 OK for: @google-cloud/pubsub@5.3.1 want: ^5.0.0
1321 silly placeDep node_modules/firebase-tools @google-cloud/promisify@5.1.0 OK for: @google-cloud/pubsub@5.3.1 want: ^5.0.0
1322 silly placeDep node_modules/firebase-tools @opentelemetry/api@1.9.1 OK for: @google-cloud/pubsub@5.3.1 want: ~1.9.0
1323 silly placeDep node_modules/firebase-tools @opentelemetry/core@1.30.1 OK for: @google-cloud/pubsub@5.3.1 want: ^1.30.1
1324 silly placeDep node_modules/firebase-tools @opentelemetry/semantic-conventions@1.39.0 OK for: @google-cloud/pubsub@5.3.1 want: ~1.39.0
1325 silly placeDep node_modules/firebase-tools arrify@2.0.1 OK for: @google-cloud/pubsub@5.3.1 want: ^2.0.0
1326 silly placeDep node_modules/firebase-tools extend@3.0.2 OK for: @google-cloud/pubsub@5.3.1 want: ^3.0.2
1327 silly placeDep node_modules/firebase-tools/node_modules/@google-cloud/pubsub google-auth-library@10.9.1 OK for: @google-cloud/pubsub@5.3.1 want: ^10.5.0
1328 silly placeDep node_modules/firebase-tools google-gax@5.0.8 OK for: @google-cloud/pubsub@5.3.1 want: ^5.0.5
1329 silly placeDep node_modules/firebase-tools google-logging-utils@1.2.0 OK for: @google-cloud/pubsub@5.3.1 want: ^1.1.3
1330 silly placeDep node_modules/firebase-tools heap-js@2.7.1 OK for: @google-cloud/pubsub@5.3.1 want: ^2.6.0
1331 silly placeDep node_modules/firebase-tools is-stream-ended@0.1.4 OK for: @google-cloud/pubsub@5.3.1 want: ^0.1.4
1332 silly placeDep node_modules/firebase-tools lodash.snakecase@4.1.1 OK for: @google-cloud/pubsub@5.3.1 want: ^4.1.1
1333 silly placeDep node_modules/firebase-tools long@5.3.2 OK for: @google-cloud/pubsub@5.3.1 want: ^5.3.1
1334 silly placeDep node_modules/firebase-tools p-defer@3.0.0 OK for: @google-cloud/pubsub@5.3.1 want: ^3.0.0
1335 silly fetch manifest @opentelemetry/semantic-conventions@1.28.0
1336 silly packumentCache full:https://registry.npmjs.org/@opentelemetry%2fsemantic-conventions cache-hit
1337 silly fetch manifest rimraf@^5.0.1
1338 silly packumentCache full:https://registry.npmjs.org/rimraf cache-miss
1339 silly fetch manifest duplexify@^4.1.3
1340 silly packumentCache full:https://registry.npmjs.org/duplexify cache-miss
1341 silly fetch manifest protobufjs@^7.5.4
1342 silly packumentCache full:https://registry.npmjs.org/protobufjs cache-miss
1343 silly fetch manifest object-hash@^3.0.0
1344 silly packumentCache full:https://registry.npmjs.org/object-hash cache-miss
1345 silly fetch manifest @grpc/grpc-js@^1.12.6
1346 silly packumentCache full:https://registry.npmjs.org/@grpc%2fgrpc-js cache-miss
1347 silly fetch manifest retry-request@^8.0.2
1348 silly packumentCache full:https://registry.npmjs.org/retry-request cache-miss
1349 silly fetch manifest @grpc/proto-loader@^0.8.0
1350 silly packumentCache full:https://registry.npmjs.org/@grpc%2fproto-loader cache-miss
1351 silly fetch manifest google-auth-library@10.5.0
1352 silly packumentCache full:https://registry.npmjs.org/google-auth-library cache-hit
1353 silly fetch manifest proto3-json-serializer@3.0.4
1354 silly packumentCache full:https://registry.npmjs.org/proto3-json-serializer cache-miss
1355 http fetch GET 200 https://registry.npmjs.org/rimraf 134ms (cache revalidated)
1356 silly packumentCache full:https://registry.npmjs.org/rimraf set size:212626 disposed:false
1357 http fetch GET 200 https://registry.npmjs.org/proto3-json-serializer 131ms (cache revalidated)
1358 silly packumentCache full:https://registry.npmjs.org/proto3-json-serializer set size:91023 disposed:false
1359 http fetch GET 200 https://registry.npmjs.org/duplexify 144ms (cache revalidated)
1360 silly packumentCache full:https://registry.npmjs.org/duplexify set size:73064 disposed:false
1361 http fetch GET 200 https://registry.npmjs.org/retry-request 140ms (cache revalidated)
1362 silly packumentCache full:https://registry.npmjs.org/retry-request set size:94976 disposed:false
1363 http fetch GET 200 https://registry.npmjs.org/protobufjs 149ms (cache revalidated)
1364 silly packumentCache full:https://registry.npmjs.org/protobufjs set size:768226 disposed:false
1365 http fetch GET 200 https://registry.npmjs.org/object-hash 156ms (cache revalidated)
1366 silly packumentCache full:https://registry.npmjs.org/object-hash set size:100564 disposed:false
1367 http fetch GET 200 https://registry.npmjs.org/@grpc%2fproto-loader 158ms (cache revalidated)
1368 silly packumentCache full:https://registry.npmjs.org/@grpc%2fproto-loader set size:218355 disposed:false
1369 http fetch GET 200 https://registry.npmjs.org/@grpc%2fgrpc-js 170ms (cache revalidated)
1370 silly packumentCache full:https://registry.npmjs.org/@grpc%2fgrpc-js set size:674221 disposed:false
1371 silly placeDep node_modules/firebase-tools googleapis-common@8.0.3 OK for: @googleapis/sqladmin@37.0.0 want: ^8.0.0
1372 silly fetch manifest qs@^6.7.0
1373 silly packumentCache full:https://registry.npmjs.org/qs cache-hit
1374 silly fetch manifest gaxios@7.1.3
1375 silly packumentCache full:https://registry.npmjs.org/gaxios cache-hit
1376 silly fetch manifest url-template@^2.0.8
1377 silly packumentCache full:https://registry.npmjs.org/url-template cache-miss
1378 http fetch GET 200 https://registry.npmjs.org/url-template 97ms (cache revalidated)
1379 silly packumentCache full:https://registry.npmjs.org/url-template set size:25205 disposed:false
1380 silly placeDep node_modules/firebase-tools @inquirer/checkbox@4.3.2 OK for: @inquirer/prompts@7.10.1 want: ^4.3.2
1381 silly placeDep node_modules/firebase-tools @inquirer/confirm@5.1.21 OK for: @inquirer/prompts@7.10.1 want: ^5.1.21
1382 silly placeDep node_modules/firebase-tools @inquirer/editor@4.2.23 OK for: @inquirer/prompts@7.10.1 want: ^4.2.23
1383 silly placeDep node_modules/firebase-tools @inquirer/expand@4.0.23 OK for: @inquirer/prompts@7.10.1 want: ^4.0.23
1384 silly placeDep node_modules/firebase-tools @inquirer/input@4.3.1 OK for: @inquirer/prompts@7.10.1 want: ^4.3.1
1385 silly placeDep node_modules/firebase-tools @inquirer/number@3.0.23 OK for: @inquirer/prompts@7.10.1 want: ^3.0.23
1386 silly placeDep node_modules/firebase-tools @inquirer/password@4.0.23 OK for: @inquirer/prompts@7.10.1 want: ^4.0.23
1387 silly placeDep node_modules/firebase-tools @inquirer/rawlist@4.1.11 OK for: @inquirer/prompts@7.10.1 want: ^4.1.11
1388 silly placeDep node_modules/firebase-tools @inquirer/search@3.2.2 OK for: @inquirer/prompts@7.10.1 want: ^3.2.2
1389 silly placeDep node_modules/firebase-tools @inquirer/select@4.4.2 OK for: @inquirer/prompts@7.10.1 want: ^4.4.2
1390 silly fetch manifest @inquirer/ansi@^1.0.2
1391 silly packumentCache full:https://registry.npmjs.org/@inquirer%2fansi cache-miss
1392 silly fetch manifest @inquirer/core@^10.3.2
1393 silly packumentCache full:https://registry.npmjs.org/@inquirer%2fcore cache-miss
1394 silly fetch manifest @inquirer/type@^3.0.10
1395 silly packumentCache full:https://registry.npmjs.org/@inquirer%2ftype cache-miss
1396 silly fetch manifest yoctocolors-cjs@^2.1.3
1397 silly packumentCache full:https://registry.npmjs.org/yoctocolors-cjs cache-miss
1398 silly fetch manifest @inquirer/figures@^1.0.15
1399 silly packumentCache full:https://registry.npmjs.org/@inquirer%2ffigures cache-miss
1400 silly fetch manifest @inquirer/core@^10.3.2
1401 silly packumentCache full:https://registry.npmjs.org/@inquirer%2fcore cache-miss
1402 silly fetch manifest @inquirer/type@^3.0.10
1403 silly packumentCache full:https://registry.npmjs.org/@inquirer%2ftype cache-miss
1404 silly fetch manifest @inquirer/core@^10.3.2
1405 silly packumentCache full:https://registry.npmjs.org/@inquirer%2fcore cache-miss
1406 silly fetch manifest @inquirer/type@^3.0.10
1407 silly packumentCache full:https://registry.npmjs.org/@inquirer%2ftype cache-miss
1408 silly fetch manifest @inquirer/external-editor@^1.0.3
1409 silly packumentCache full:https://registry.npmjs.org/@inquirer%2fexternal-editor cache-miss
1410 silly fetch manifest @inquirer/core@^10.3.2
1411 silly packumentCache full:https://registry.npmjs.org/@inquirer%2fcore cache-miss
1412 http fetch GET 200 https://registry.npmjs.org/yoctocolors-cjs 170ms (cache revalidated)
1413 silly packumentCache full:https://registry.npmjs.org/yoctocolors-cjs set size:12865 disposed:false
1414 silly fetch manifest @inquirer/type@^3.0.10
1415 silly packumentCache full:https://registry.npmjs.org/@inquirer%2ftype cache-miss
1416 http fetch GET 200 https://registry.npmjs.org/@inquirer%2fansi 180ms (cache revalidated)
1417 silly packumentCache full:https://registry.npmjs.org/@inquirer%2fansi set size:29199 disposed:false
1418 silly fetch manifest @inquirer/core@^10.3.2
1419 silly packumentCache full:https://registry.npmjs.org/@inquirer%2fcore cache-miss
1420 http fetch GET 200 https://registry.npmjs.org/@inquirer%2fcore 187ms (cache revalidated)
1421 silly packumentCache full:https://registry.npmjs.org/@inquirer%2fcore set size:353358 disposed:false
1422 silly fetch manifest @inquirer/type@^3.0.10
1423 silly packumentCache full:https://registry.npmjs.org/@inquirer%2ftype cache-miss
1424 http fetch GET 200 https://registry.npmjs.org/@inquirer%2ftype 189ms (cache revalidated)
1425 silly packumentCache full:https://registry.npmjs.org/@inquirer%2ftype set size:119899 disposed:false
1426 silly fetch manifest @inquirer/figures@^1.0.15
1427 silly packumentCache full:https://registry.npmjs.org/@inquirer%2ffigures cache-miss
1428 http fetch GET 200 https://registry.npmjs.org/@inquirer%2fcore 204ms (cache revalidated)
1429 silly packumentCache full:https://registry.npmjs.org/@inquirer%2fcore set size:353358 disposed:false
1430 silly packumentCache full:https://registry.npmjs.org/@inquirer%2fcore dispose
1431 silly fetch manifest @inquirer/figures@^1.0.15
1432 silly packumentCache full:https://registry.npmjs.org/@inquirer%2ffigures cache-miss
1433 http fetch GET 200 https://registry.npmjs.org/@inquirer%2fcore 217ms (cache revalidated)
1434 silly packumentCache full:https://registry.npmjs.org/@inquirer%2fcore set size:353358 disposed:true
1435 silly packumentCache full:https://registry.npmjs.org/@inquirer%2fcore dispose
1436 http fetch GET 200 https://registry.npmjs.org/@inquirer%2fcore 222ms (cache revalidated)
1437 silly packumentCache full:https://registry.npmjs.org/@inquirer%2fcore set size:353358 disposed:true
1438 silly packumentCache full:https://registry.npmjs.org/@inquirer%2fcore dispose
1439 http fetch GET 200 https://registry.npmjs.org/@inquirer%2fexternal-editor 226ms (cache revalidated)
1440 silly packumentCache full:https://registry.npmjs.org/@inquirer%2fexternal-editor set size:41046 disposed:false
1441 http fetch GET 200 https://registry.npmjs.org/@inquirer%2ftype 236ms (cache revalidated)
1442 silly packumentCache full:https://registry.npmjs.org/@inquirer%2ftype set size:119899 disposed:false
1443 silly packumentCache full:https://registry.npmjs.org/@inquirer%2ftype dispose
1444 http fetch GET 200 https://registry.npmjs.org/@inquirer%2ftype 236ms (cache revalidated)
1445 silly packumentCache full:https://registry.npmjs.org/@inquirer%2ftype set size:119899 disposed:true
1446 silly packumentCache full:https://registry.npmjs.org/@inquirer%2ftype dispose
1447 http fetch GET 200 https://registry.npmjs.org/@inquirer%2ffigures 264ms (cache revalidated)
1448 silly packumentCache full:https://registry.npmjs.org/@inquirer%2ffigures set size:57318 disposed:false
1449 http cache https://registry.npmjs.org/@inquirer%2ftype 105ms (cache hit)
1450 silly packumentCache full:https://registry.npmjs.org/@inquirer%2ftype set size:119899 disposed:true
1451 silly packumentCache full:https://registry.npmjs.org/@inquirer%2ftype dispose
1452 http cache https://registry.npmjs.org/@inquirer%2ftype 94ms (cache hit)
1453 silly packumentCache full:https://registry.npmjs.org/@inquirer%2ftype set size:119899 disposed:true
1454 silly packumentCache full:https://registry.npmjs.org/@inquirer%2ftype dispose
1455 http cache https://registry.npmjs.org/@inquirer%2fcore 108ms (cache hit)
1456 silly packumentCache full:https://registry.npmjs.org/@inquirer%2fcore set size:353358 disposed:true
1457 silly packumentCache full:https://registry.npmjs.org/@inquirer%2fcore dispose
1458 http fetch GET 200 https://registry.npmjs.org/@inquirer%2ffigures 166ms (cache revalidated)
1459 silly packumentCache full:https://registry.npmjs.org/@inquirer%2ffigures set size:57318 disposed:false
1460 silly packumentCache full:https://registry.npmjs.org/@inquirer%2ffigures dispose
1461 http fetch GET 200 https://registry.npmjs.org/@inquirer%2ffigures 148ms (cache revalidated)
1462 silly packumentCache full:https://registry.npmjs.org/@inquirer%2ffigures set size:57318 disposed:true
1463 silly packumentCache full:https://registry.npmjs.org/@inquirer%2ffigures dispose
1464 silly placeDep node_modules/firebase-tools @inquirer/ansi@1.0.2 OK for: @inquirer/checkbox@4.3.2 want: ^1.0.2
1465 silly placeDep node_modules/firebase-tools @inquirer/core@10.3.2 OK for: @inquirer/checkbox@4.3.2 want: ^10.3.2
1466 silly placeDep node_modules/firebase-tools @inquirer/figures@1.0.15 OK for: @inquirer/checkbox@4.3.2 want: ^1.0.15
1467 silly placeDep node_modules/firebase-tools @inquirer/type@3.0.10 OK for: @inquirer/checkbox@4.3.2 want: ^3.0.10
1468 silly placeDep node_modules/firebase-tools yoctocolors-cjs@2.1.3 OK for: @inquirer/checkbox@4.3.2 want: ^2.1.3
1469 silly fetch manifest cli-width@^4.1.0
1470 silly packumentCache full:https://registry.npmjs.org/cli-width cache-miss
1471 silly fetch manifest wrap-ansi@^6.2.0
1472 silly packumentCache full:https://registry.npmjs.org/wrap-ansi cache-miss
1473 silly fetch manifest mute-stream@^2.0.0
1474 silly packumentCache full:https://registry.npmjs.org/mute-stream cache-miss
1475 silly fetch manifest signal-exit@^4.1.0
1476 silly packumentCache full:https://registry.npmjs.org/signal-exit cache-miss
1477 http fetch GET 200 https://registry.npmjs.org/signal-exit 102ms (cache revalidated)
1478 silly packumentCache full:https://registry.npmjs.org/signal-exit set size:53489 disposed:false
1479 http fetch GET 200 https://registry.npmjs.org/mute-stream 105ms (cache revalidated)
1480 silly packumentCache full:https://registry.npmjs.org/mute-stream set size:24413 disposed:false
1481 http fetch GET 200 https://registry.npmjs.org/wrap-ansi 109ms (cache revalidated)
1482 silly packumentCache full:https://registry.npmjs.org/wrap-ansi set size:55299 disposed:false
1483 http fetch GET 200 https://registry.npmjs.org/cli-width 112ms (cache revalidated)
1484 silly packumentCache full:https://registry.npmjs.org/cli-width set size:24976 disposed:false
1485 silly placeDep node_modules/firebase-tools cli-width@4.1.0 OK for: @inquirer/core@10.3.2 want: ^4.1.0
1486 silly placeDep node_modules/firebase-tools mute-stream@2.0.0 OK for: @inquirer/core@10.3.2 want: ^2.0.0
1487 silly placeDep node_modules/firebase-tools signal-exit@4.1.0 OK for: @inquirer/core@10.3.2 want: ^4.1.0
1488 silly placeDep node_modules/firebase-tools wrap-ansi@6.2.0 OK for: @inquirer/core@10.3.2 want: ^6.2.0
1489 silly fetch manifest ansi-styles@^4.0.0
1490 silly packumentCache full:https://registry.npmjs.org/ansi-styles cache-miss
1491 silly fetch manifest string-width@^4.1.0
1492 silly packumentCache full:https://registry.npmjs.org/string-width cache-hit
1493 http fetch GET 200 https://registry.npmjs.org/ansi-styles 114ms (cache revalidated)
1494 silly packumentCache full:https://registry.npmjs.org/ansi-styles set size:71772 disposed:false
1495 silly placeDep node_modules/firebase-tools @inquirer/external-editor@1.0.3 OK for: @inquirer/editor@4.2.23 want: ^1.0.3
1496 silly fetch manifest chardet@^2.1.1
1497 silly packumentCache full:https://registry.npmjs.org/chardet cache-miss
1498 silly fetch manifest iconv-lite@^0.7.0
1499 silly packumentCache full:https://registry.npmjs.org/iconv-lite cache-hit
1500 http fetch GET 200 https://registry.npmjs.org/chardet 93ms (cache revalidated)
1501 silly packumentCache full:https://registry.npmjs.org/chardet set size:73855 disposed:false
1502 silly placeDep node_modules/firebase-tools chardet@2.2.0 OK for: @inquirer/external-editor@1.0.3 want: ^2.1.1
1503 silly placeDep node_modules/firebase-tools iconv-lite@0.7.3 OK for: @inquirer/external-editor@1.0.3 want: ^0.7.0
1504 silly fetch manifest safer-buffer@>= 2.1.2 < 3.0.0
1505 silly packumentCache full:https://registry.npmjs.org/safer-buffer cache-miss
1506 http fetch GET 200 https://registry.npmjs.org/safer-buffer 122ms (cache revalidated)
1507 silly packumentCache full:https://registry.npmjs.org/safer-buffer set size:18521 disposed:false
1508 silly placeDep node_modules/firebase-tools @hono/node-server@2.0.12 OK for: @modelcontextprotocol/sdk@1.30.0 want: ^1.19.9 || ^2.0.5
1509 silly placeDep node_modules/firebase-tools hono@4.12.34 OK for: @hono/node-server@2.0.12 want: ^4
1510 silly placeDep node_modules/firebase-tools content-type@1.0.5 OK for: @modelcontextprotocol/sdk@1.30.0 want: ^1.0.5
1511 silly placeDep node_modules/firebase-tools eventsource@3.0.7 OK for: @modelcontextprotocol/sdk@1.30.0 want: ^3.0.2
1512 silly placeDep node_modules/firebase-tools eventsource-parser@3.1.0 OK for: @modelcontextprotocol/sdk@1.30.0 want: ^3.0.0
1513 silly placeDep node_modules/firebase-tools/node_modules/@modelcontextprotocol/sdk express@5.2.1 OK for: @modelcontextprotocol/sdk@1.30.0 want: ^5.2.1
1514 silly placeDep node_modules/firebase-tools express-rate-limit@8.6.1 OK for: @modelcontextprotocol/sdk@1.30.0 want: ^8.2.1
1515 silly placeDep node_modules/firebase-tools jose@6.2.8 OK for: @modelcontextprotocol/sdk@1.30.0 want: ^6.1.3
1516 silly placeDep node_modules/firebase-tools json-schema-typed@8.0.2 OK for: @modelcontextprotocol/sdk@1.30.0 want: ^8.0.2
1517 silly placeDep node_modules/firebase-tools pkce-challenge@5.0.1 OK for: @modelcontextprotocol/sdk@1.30.0 want: ^5.0.0
1518 silly placeDep node_modules/firebase-tools raw-body@3.0.2 OK for: @modelcontextprotocol/sdk@1.30.0 want: ^3.0.0
1519 silly placeDep node_modules/firebase-tools zod-to-json-schema@3.25.2 OK for: @modelcontextprotocol/sdk@1.30.0 want: ^3.25.1
1520 silly fetch manifest eventsource-parser@^3.0.1
1521 silly packumentCache full:https://registry.npmjs.org/eventsource-parser cache-hit
1522 silly fetch manifest qs@^6.14.0
1523 silly packumentCache full:https://registry.npmjs.org/qs cache-hit
1524 silly fetch manifest depd@^2.0.0
1525 silly packumentCache full:https://registry.npmjs.org/depd cache-hit
1526 silly fetch manifest etag@^1.8.1
1527 silly packumentCache full:https://registry.npmjs.org/etag cache-hit
1528 silly fetch manifest once@^1.4.0
1529 silly packumentCache full:https://registry.npmjs.org/once cache-miss
1530 silly fetch manifest send@^1.1.0
1531 silly packumentCache full:https://registry.npmjs.org/send cache-hit
1532 silly fetch manifest vary@^1.1.2
1533 silly packumentCache full:https://registry.npmjs.org/vary cache-hit
1534 silly fetch manifest debug@^4.4.0
1535 silly packumentCache full:https://registry.npmjs.org/debug cache-hit
1536 silly fetch manifest fresh@^2.0.0
1537 silly packumentCache full:https://registry.npmjs.org/fresh cache-hit
1538 silly fetch manifest cookie@^0.7.1
1539 silly packumentCache full:https://registry.npmjs.org/cookie cache-hit
1540 silly fetch manifest router@^2.2.0
1541 silly packumentCache full:https://registry.npmjs.org/router cache-hit
1542 silly fetch manifest accepts@^2.0.0
1543 silly packumentCache full:https://registry.npmjs.org/accepts cache-hit
1544 silly fetch manifest type-is@^2.0.1
1545 silly packumentCache full:https://registry.npmjs.org/type-is cache-hit
1546 silly fetch manifest parseurl@^1.3.3
1547 silly packumentCache full:https://registry.npmjs.org/parseurl cache-hit
1548 silly fetch manifest statuses@^2.0.1
1549 silly packumentCache full:https://registry.npmjs.org/statuses cache-hit
1550 silly fetch manifest encodeurl@^2.0.0
1551 silly packumentCache full:https://registry.npmjs.org/encodeurl cache-hit
1552 silly fetch manifest mime-types@^3.0.0
1553 silly packumentCache full:https://registry.npmjs.org/mime-types cache-hit
1554 silly fetch manifest proxy-addr@^2.0.7
1555 silly packumentCache full:https://registry.npmjs.org/proxy-addr cache-hit
1556 silly fetch manifest body-parser@^2.2.1
1557 silly packumentCache full:https://registry.npmjs.org/body-parser cache-hit
1558 silly fetch manifest escape-html@^1.0.3
1559 silly packumentCache full:https://registry.npmjs.org/escape-html cache-hit
1560 silly fetch manifest http-errors@^2.0.0
1561 silly packumentCache full:https://registry.npmjs.org/http-errors cache-hit
1562 silly fetch manifest on-finished@^2.4.1
1563 silly packumentCache full:https://registry.npmjs.org/on-finished cache-hit
1564 silly fetch manifest finalhandler@^2.1.0
1565 silly packumentCache full:https://registry.npmjs.org/finalhandler cache-hit
1566 silly fetch manifest range-parser@^1.2.1
1567 silly packumentCache full:https://registry.npmjs.org/range-parser cache-hit
1568 silly fetch manifest serve-static@^2.2.0
1569 silly packumentCache full:https://registry.npmjs.org/serve-static cache-hit
1570 silly fetch manifest cookie-signature@^1.2.1
1571 silly packumentCache full:https://registry.npmjs.org/cookie-signature cache-hit
1572 silly fetch manifest merge-descriptors@^2.0.0
1573 silly packumentCache full:https://registry.npmjs.org/merge-descriptors cache-hit
1574 silly fetch manifest content-disposition@^1.0.0
1575 silly packumentCache full:https://registry.npmjs.org/content-disposition cache-hit
1576 silly fetch manifest debug@^4.4.3
1577 silly packumentCache full:https://registry.npmjs.org/debug cache-hit
1578 silly fetch manifest ip-address@^10.2.0
1579 silly packumentCache full:https://registry.npmjs.org/ip-address cache-miss
1580 http fetch GET 200 https://registry.npmjs.org/once 221ms (cache revalidated)
1581 silly packumentCache full:https://registry.npmjs.org/once set size:11752 disposed:false
1582 http fetch GET 200 https://registry.npmjs.org/ip-address 100ms (cache revalidated)
1583 silly packumentCache full:https://registry.npmjs.org/ip-address set size:192342 disposed:false
1584 silly placeDep node_modules/firebase-tools/node_modules/@opentelemetry/core @opentelemetry/semantic-conventions@1.28.0 OK for: @opentelemetry/core@1.30.1 want: 1.28.0
1585 silly placeDep node_modules/firebase-tools event-target-shim@5.0.1 OK for: abort-controller@3.0.0 want: ^5.0.0
1586 silly placeDep node_modules/firebase-tools fast-deep-equal@3.1.3 OK for: ajv@8.20.0 want: ^3.1.3
1587 silly placeDep node_modules/firebase-tools fast-uri@3.1.5 OK for: ajv@8.20.0 want: ^3.0.1
1588 silly placeDep node_modules/firebase-tools json-schema-traverse@1.0.0 OK for: ajv@8.20.0 want: ^1.0.0
1589 silly placeDep node_modules/firebase-tools require-from-string@2.0.2 OK for: ajv@8.20.0 want: ^2.0.2
1590 silly placeDep node_modules/firebase-tools archiver-utils@5.0.2 OK for: archiver@7.0.1 want: ^5.0.2
1591 silly placeDep node_modules/firebase-tools async@3.2.6 OK for: archiver@7.0.1 want: ^3.2.4
1592 silly placeDep node_modules/firebase-tools buffer-crc32@1.0.0 OK for: archiver@7.0.1 want: ^1.0.0
1593 silly placeDep node_modules/firebase-tools readable-stream@4.7.0 OK for: archiver@7.0.1 want: ^4.0.0
1594 silly placeDep node_modules/firebase-tools readdir-glob@1.1.3 OK for: archiver@7.0.1 want: ^1.1.2
1595 silly placeDep node_modules/firebase-tools tar-stream@3.2.0 OK for: archiver@7.0.1 want: ^3.0.0
1596 silly placeDep node_modules/firebase-tools zip-stream@6.0.1 OK for: archiver@7.0.1 want: ^6.0.1
1597 silly fetch manifest is-stream@^2.0.1
1598 silly packumentCache full:https://registry.npmjs.org/is-stream cache-hit
1599 silly fetch manifest lazystream@^1.0.0
1600 silly packumentCache full:https://registry.npmjs.org/lazystream cache-miss
1601 silly fetch manifest normalize-path@^3.0.0
1602 silly packumentCache full:https://registry.npmjs.org/normalize-path cache-hit
1603 silly fetch manifest buffer@^6.0.3
1604 silly packumentCache full:https://registry.npmjs.org/buffer cache-miss
1605 silly fetch manifest events@^3.3.0
1606 silly packumentCache full:https://registry.npmjs.org/events cache-miss
1607 silly fetch manifest process@^0.11.10
1608 silly packumentCache full:https://registry.npmjs.org/process cache-miss
1609 silly fetch manifest string_decoder@^1.3.0
1610 silly packumentCache full:https://registry.npmjs.org/string_decoder cache-miss
1611 silly fetch manifest minimatch@^5.1.0
1612 silly packumentCache full:https://registry.npmjs.org/minimatch cache-hit
1613 silly fetch manifest b4a@^1.6.4
1614 silly packumentCache full:https://registry.npmjs.org/b4a cache-miss
1615 silly fetch manifest bare-fs@^4.5.5
1616 silly packumentCache full:https://registry.npmjs.org/bare-fs cache-miss
1617 silly fetch manifest fast-fifo@^1.2.0
1618 silly packumentCache full:https://registry.npmjs.org/fast-fifo cache-miss
1619 silly fetch manifest streamx@^2.15.0
1620 silly packumentCache full:https://registry.npmjs.org/streamx cache-miss
1621 silly fetch manifest compress-commons@^6.0.2
1622 silly packumentCache full:https://registry.npmjs.org/compress-commons cache-miss
1623 http fetch GET 200 https://registry.npmjs.org/fast-fifo 154ms (cache revalidated)
1624 silly packumentCache full:https://registry.npmjs.org/fast-fifo set size:13855 disposed:false
1625 http fetch GET 200 https://registry.npmjs.org/bare-fs 160ms (cache revalidated)
1626 silly packumentCache full:https://registry.npmjs.org/bare-fs set size:186213 disposed:false
1627 http fetch GET 200 https://registry.npmjs.org/compress-commons 160ms (cache revalidated)
1628 silly packumentCache full:https://registry.npmjs.org/compress-commons set size:91385 disposed:false
1629 http fetch GET 200 https://registry.npmjs.org/buffer 174ms (cache revalidated)
1630 silly packumentCache full:https://registry.npmjs.org/buffer set size:280480 disposed:false
1631 http fetch GET 200 https://registry.npmjs.org/process 175ms (cache revalidated)
1632 silly packumentCache full:https://registry.npmjs.org/process set size:31260 disposed:false
1633 http fetch GET 200 https://registry.npmjs.org/lazystream 188ms (cache revalidated)
1634 silly packumentCache full:https://registry.npmjs.org/lazystream set size:14342 disposed:false
1635 http fetch GET 200 https://registry.npmjs.org/events 190ms (cache revalidated)
1636 silly packumentCache full:https://registry.npmjs.org/events set size:35240 disposed:false
1637 http fetch GET 200 https://registry.npmjs.org/streamx 234ms (cache revalidated)
1638 silly packumentCache full:https://registry.npmjs.org/streamx set size:167396 disposed:false
1639 http fetch GET 200 https://registry.npmjs.org/string_decoder 462ms (cache revalidated)
1640 silly packumentCache full:https://registry.npmjs.org/string_decoder set size:28441 disposed:false
1641 http fetch GET 200 https://registry.npmjs.org/b4a 5417ms (cache updated)
1642 silly packumentCache full:https://registry.npmjs.org/b4a set size:71632 disposed:false
1643 silly placeDep node_modules/firebase-tools graceful-fs@4.2.11 OK for: archiver-utils@5.0.2 want: ^4.2.0
1644 silly placeDep node_modules/firebase-tools is-stream@2.0.1 OK for: archiver-utils@5.0.2 want: ^2.0.1
1645 silly placeDep node_modules/firebase-tools lazystream@1.0.1 OK for: archiver-utils@5.0.2 want: ^1.0.0
1646 silly placeDep node_modules/firebase-tools normalize-path@3.0.0 OK for: archiver-utils@5.0.2 want: ^3.0.0
1647 silly fetch manifest readable-stream@^2.0.5
1648 silly packumentCache full:https://registry.npmjs.org/readable-stream cache-hit
1649 silly placeDep node_modules/firebase-tools bytes@3.1.2 OK for: body-parser@1.20.6 want: ~3.1.2
1650 silly placeDep node_modules/firebase-tools debug@2.6.9 OK for: body-parser@1.20.6 want: 2.6.9
1651 silly placeDep node_modules/firebase-tools depd@2.0.0 OK for: body-parser@1.20.6 want: 2.0.0
1652 silly placeDep node_modules/firebase-tools destroy@1.2.0 OK for: body-parser@1.20.6 want: ~1.2.0
1653 silly placeDep node_modules/firebase-tools http-errors@2.0.1 OK for: body-parser@1.20.6 want: ~2.0.1
1654 silly placeDep node_modules/firebase-tools/node_modules/body-parser iconv-lite@0.4.24 OK for: body-parser@1.20.6 want: ~0.4.24
1655 silly placeDep node_modules/firebase-tools on-finished@2.4.1 OK for: body-parser@1.20.6 want: ~2.4.1
1656 silly placeDep node_modules/firebase-tools qs@6.15.3 OK for: body-parser@1.20.6 want: ~6.15.1
1657 silly placeDep node_modules/firebase-tools/node_modules/body-parser raw-body@2.5.3 OK for: body-parser@1.20.6 want: ~2.5.3
1658 silly placeDep node_modules/firebase-tools type-is@1.6.18 OK for: body-parser@1.20.6 want: ~1.6.18
1659 silly placeDep node_modules/firebase-tools unpipe@1.0.0 OK for: body-parser@1.20.6 want: ~1.0.0
1660 silly fetch manifest ms@2.0.0
1661 silly packumentCache full:https://registry.npmjs.org/ms cache-hit
1662 silly fetch manifest inherits@~2.0.4
1663 silly packumentCache full:https://registry.npmjs.org/inherits cache-miss
1664 silly fetch manifest setprototypeof@~1.2.0
1665 silly packumentCache full:https://registry.npmjs.org/setprototypeof cache-hit
1666 silly fetch manifest statuses@~2.0.2
1667 silly packumentCache full:https://registry.npmjs.org/statuses cache-hit
1668 silly fetch manifest toidentifier@~1.0.1
1669 silly packumentCache full:https://registry.npmjs.org/toidentifier cache-miss
1670 silly fetch manifest safer-buffer@>= 2.1.2 < 3
1671 silly packumentCache full:https://registry.npmjs.org/safer-buffer cache-hit
1672 silly fetch manifest ee-first@1.1.1
1673 silly packumentCache full:https://registry.npmjs.org/ee-first cache-miss
1674 silly fetch manifest side-channel@^1.1.1
1675 silly packumentCache full:https://registry.npmjs.org/side-channel cache-miss
1676 silly fetch manifest es-define-property@^1.0.1
1677 silly packumentCache full:https://registry.npmjs.org/es-define-property cache-miss
1678 silly fetch manifest mime-types@~2.1.24
1679 silly packumentCache full:https://registry.npmjs.org/mime-types cache-hit
1680 silly fetch manifest media-typer@0.3.0
1681 silly packumentCache full:https://registry.npmjs.org/media-typer cache-miss
1682 http fetch GET 200 https://registry.npmjs.org/ee-first 225ms (cache revalidated)
1683 silly packumentCache full:https://registry.npmjs.org/ee-first set size:15327 disposed:false
1684 http fetch GET 200 https://registry.npmjs.org/media-typer 223ms (cache revalidated)
1685 silly packumentCache full:https://registry.npmjs.org/media-typer set size:22074 disposed:false
1686 http fetch GET 200 https://registry.npmjs.org/toidentifier 232ms (cache revalidated)
1687 silly packumentCache full:https://registry.npmjs.org/toidentifier set size:12006 disposed:false
1688 http fetch GET 200 https://registry.npmjs.org/inherits 238ms (cache revalidated)
1689 silly packumentCache full:https://registry.npmjs.org/inherits set size:12925 disposed:false
1690 http fetch GET 200 https://registry.npmjs.org/es-define-property 233ms (cache revalidated)
1691 silly packumentCache full:https://registry.npmjs.org/es-define-property set size:8542 disposed:false
1692 http fetch GET 200 https://registry.npmjs.org/side-channel 250ms (cache revalidated)
1693 silly packumentCache full:https://registry.npmjs.org/side-channel set size:27650 disposed:false
1694 silly placeDep node_modules/firebase-tools anymatch@3.1.3 OK for: chokidar@3.6.0 want: ~3.1.2
1695 silly placeDep node_modules/firebase-tools braces@3.0.3 OK for: chokidar@3.6.0 want: ~3.0.2
1696 silly placeDep node_modules/firebase-tools fsevents@2.3.3 OK for: chokidar@3.6.0 want: ~2.3.2
1697 silly placeDep node_modules/firebase-tools glob-parent@5.1.2 OK for: chokidar@3.6.0 want: ~5.1.2
1698 silly placeDep node_modules/firebase-tools is-binary-path@2.1.0 OK for: chokidar@3.6.0 want: ~2.1.0
1699 silly placeDep node_modules/firebase-tools is-glob@4.0.3 OK for: chokidar@3.6.0 want: ~4.0.1
1700 silly placeDep node_modules/firebase-tools readdirp@3.6.0 OK for: chokidar@3.6.0 want: ~3.6.0
1701 silly fetch manifest picomatch@^2.0.4
1702 silly packumentCache full:https://registry.npmjs.org/picomatch cache-miss
1703 silly fetch manifest fill-range@^7.1.1
1704 silly packumentCache full:https://registry.npmjs.org/fill-range cache-miss
1705 silly fetch manifest is-glob@^4.0.1
1706 silly packumentCache full:https://registry.npmjs.org/is-glob cache-hit
1707 silly fetch manifest binary-extensions@^2.0.0
1708 silly packumentCache full:https://registry.npmjs.org/binary-extensions cache-miss
1709 silly fetch manifest is-extglob@^2.1.1
1710 silly packumentCache full:https://registry.npmjs.org/is-extglob cache-miss
1711 silly fetch manifest picomatch@^2.2.1
1712 silly packumentCache full:https://registry.npmjs.org/picomatch cache-miss
1713 http fetch GET 200 https://registry.npmjs.org/is-extglob 128ms (cache revalidated)
1714 silly packumentCache full:https://registry.npmjs.org/is-extglob set size:11766 disposed:false
1715 http fetch GET 200 https://registry.npmjs.org/picomatch 129ms (cache revalidated)
1716 silly packumentCache full:https://registry.npmjs.org/picomatch set size:128942 disposed:false
1717 http fetch GET 200 https://registry.npmjs.org/fill-range 142ms (cache revalidated)
1718 silly packumentCache full:https://registry.npmjs.org/fill-range set size:90162 disposed:false
1719 http fetch GET 200 https://registry.npmjs.org/binary-extensions 146ms (cache revalidated)
1720 silly packumentCache full:https://registry.npmjs.org/binary-extensions set size:51551 disposed:false
1721 http fetch GET 200 https://registry.npmjs.org/picomatch 160ms (cache revalidated)
1722 silly packumentCache full:https://registry.npmjs.org/picomatch set size:128942 disposed:false
1723 silly packumentCache full:https://registry.npmjs.org/picomatch dispose
1724 silly placeDep node_modules/firebase-tools picomatch@2.3.2 OK for: anymatch@3.1.3 want: ^2.0.4
1725 silly placeDep node_modules/firebase-tools fill-range@7.1.1 OK for: braces@3.0.3 want: ^7.1.1
1726 silly fetch manifest to-regex-range@^5.0.1
1727 silly packumentCache full:https://registry.npmjs.org/to-regex-range cache-miss
1728 http fetch GET 200 https://registry.npmjs.org/to-regex-range 102ms (cache revalidated)
1729 silly packumentCache full:https://registry.npmjs.org/to-regex-range set size:61569 disposed:false
1730 silly placeDep node_modules/firebase-tools json-parse-helpfulerror@1.0.3 OK for: cjson@0.3.3 want: ^1.0.3
1731 silly fetch manifest jju@^1.1.0
1732 silly packumentCache full:https://registry.npmjs.org/jju cache-miss
1733 http fetch GET 200 https://registry.npmjs.org/jju 184ms (cache revalidated)
1734 silly packumentCache full:https://registry.npmjs.org/jju set size:37375 disposed:false
1735 silly placeDep node_modules/firebase-tools @colors/colors@1.5.0 OK for: cli-table3@0.6.5 want: 1.5.0
1736 silly placeDep node_modules/firebase-tools string-width@4.2.3 OK for: cli-table3@0.6.5 want: ^4.2.0
1737 silly fetch manifest strip-ansi@^6.0.1
1738 silly packumentCache full:https://registry.npmjs.org/strip-ansi cache-hit
1739 silly fetch manifest emoji-regex@^8.0.0
1740 silly packumentCache full:https://registry.npmjs.org/emoji-regex cache-miss
1741 silly fetch manifest is-fullwidth-code-point@^3.0.0
1742 silly packumentCache full:https://registry.npmjs.org/is-fullwidth-code-point cache-miss
1743 http fetch GET 200 https://registry.npmjs.org/is-fullwidth-code-point 101ms (cache revalidated)
1744 silly packumentCache full:https://registry.npmjs.org/is-fullwidth-code-point set size:14578 disposed:false
1745 http fetch GET 200 https://registry.npmjs.org/emoji-regex 104ms (cache revalidated)
1746 silly packumentCache full:https://registry.npmjs.org/emoji-regex set size:89064 disposed:false
1747 silly placeDep node_modules/firebase-tools dot-prop@5.3.0 OK for: configstore@5.0.1 want: ^5.2.0
1748 silly placeDep node_modules/firebase-tools make-dir@3.1.0 OK for: configstore@5.0.1 want: ^3.0.0
1749 silly placeDep node_modules/firebase-tools unique-string@2.0.0 OK for: configstore@5.0.1 want: ^2.0.0
1750 silly placeDep node_modules/firebase-tools write-file-atomic@3.0.3 OK for: configstore@5.0.1 want: ^3.0.0
1751 silly placeDep node_modules/firebase-tools xdg-basedir@4.0.0 OK for: configstore@5.0.1 want: ^4.0.0
1752 silly fetch manifest is-obj@^2.0.0
1753 silly packumentCache full:https://registry.npmjs.org/is-obj cache-miss
1754 silly fetch manifest semver@^6.0.0
1755 silly packumentCache full:https://registry.npmjs.org/semver cache-hit
1756 silly fetch manifest crypto-random-string@^2.0.0
1757 silly packumentCache full:https://registry.npmjs.org/crypto-random-string cache-miss
1758 silly fetch manifest imurmurhash@^0.1.4
1759 silly packumentCache full:https://registry.npmjs.org/imurmurhash cache-miss
1760 silly fetch manifest signal-exit@^3.0.2
1761 silly packumentCache full:https://registry.npmjs.org/signal-exit cache-hit
1762 silly fetch manifest is-typedarray@^1.0.0
1763 silly packumentCache full:https://registry.npmjs.org/is-typedarray cache-miss
1764 silly fetch manifest typedarray-to-buffer@^3.1.5
1765 silly packumentCache full:https://registry.npmjs.org/typedarray-to-buffer cache-miss
1766 http fetch GET 200 https://registry.npmjs.org/is-obj 129ms (cache revalidated)
1767 silly packumentCache full:https://registry.npmjs.org/is-obj set size:9560 disposed:false
1768 http fetch GET 200 https://registry.npmjs.org/imurmurhash 129ms (cache revalidated)
1769 silly packumentCache full:https://registry.npmjs.org/imurmurhash set size:35819 disposed:false
1770 http fetch GET 200 https://registry.npmjs.org/is-typedarray 129ms (cache revalidated)
1771 silly packumentCache full:https://registry.npmjs.org/is-typedarray set size:3992 disposed:false
1772 http fetch GET 200 https://registry.npmjs.org/typedarray-to-buffer 202ms (cache revalidated)
1773 silly packumentCache full:https://registry.npmjs.org/typedarray-to-buffer set size:38803 disposed:false
1774 http fetch GET 200 https://registry.npmjs.org/crypto-random-string 225ms (cache revalidated)
1775 silly packumentCache full:https://registry.npmjs.org/crypto-random-string set size:32874 disposed:false
1776 silly placeDep node_modules/firebase-tools object-assign@4.1.1 OK for: cors@2.8.6 want: ^4
1777 silly placeDep node_modules/firebase-tools vary@1.1.2 OK for: cors@2.8.6 want: ^1
1778 silly placeDep node_modules/firebase-tools path-key@3.1.1 OK for: cross-spawn@7.0.6 want: ^3.1.0
1779 silly placeDep node_modules/firebase-tools shebang-command@2.0.0 OK for: cross-spawn@7.0.6 want: ^2.0.0
1780 silly placeDep node_modules/firebase-tools which@2.0.2 OK for: cross-spawn@7.0.6 want: ^2.0.1
1781 silly fetch manifest shebang-regex@^3.0.0
1782 silly packumentCache full:https://registry.npmjs.org/shebang-regex cache-miss
1783 silly fetch manifest isexe@^2.0.0
1784 silly packumentCache full:https://registry.npmjs.org/isexe cache-miss
1785 http fetch GET 200 https://registry.npmjs.org/shebang-regex 107ms (cache revalidated)
1786 silly packumentCache full:https://registry.npmjs.org/shebang-regex set size:9763 disposed:false
1787 http fetch GET 200 https://registry.npmjs.org/isexe 113ms (cache revalidated)
1788 silly packumentCache full:https://registry.npmjs.org/isexe set size:31756 disposed:false
1789 silly placeDep node_modules/firebase-tools ms@2.0.0 OK for: debug@2.6.9 want: 2.0.0
1790 silly placeDep node_modules/firebase-tools is-obj@2.0.0 OK for: dot-prop@5.3.0 want: ^2.0.0
1791 silly placeDep node_modules/firebase-tools @apidevtools/json-schema-ref-parser@9.1.2 OK for: exegesis@4.3.0 want: ^9.0.3
1792 silly placeDep node_modules/firebase-tools/node_modules/exegesis ajv-formats@2.1.1 OK for: exegesis@4.3.0 want: ^2.1.0
1793 silly placeDep node_modules/firebase-tools deep-freeze@0.0.1 OK for: exegesis@4.3.0 want: 0.0.1
1794 silly placeDep node_modules/firebase-tools events-listener@1.1.0 OK for: exegesis@4.3.0 want: ^1.1.0
1795 silly placeDep node_modules/firebase-tools json-ptr@3.1.1 OK for: exegesis@4.3.0 want: ^3.0.1
1796 silly placeDep node_modules/firebase-tools openapi3-ts@3.2.0 OK for: exegesis@4.3.0 want: ^3.1.1
1797 silly placeDep node_modules/firebase-tools promise-breaker@6.0.0 OK for: exegesis@4.3.0 want: ^6.0.0
1798 silly placeDep node_modules/firebase-tools/node_modules/exegesis raw-body@2.5.3 OK for: exegesis@4.3.0 want: ^2.3.3
1799 silly fetch manifest call-me-maybe@^1.0.1
1800 silly packumentCache full:https://registry.npmjs.org/call-me-maybe cache-miss
1801 silly fetch manifest @jsdevtools/ono@^7.1.3
1802 silly packumentCache full:https://registry.npmjs.org/@jsdevtools%2fono cache-miss
1803 silly fetch manifest @types/json-schema@^7.0.6
1804 silly packumentCache full:https://registry.npmjs.org/@types%2fjson-schema cache-miss
1805 http fetch GET 200 https://registry.npmjs.org/call-me-maybe 91ms (cache revalidated)
1806 silly packumentCache full:https://registry.npmjs.org/call-me-maybe set size:11485 disposed:false
1807 http fetch GET 200 https://registry.npmjs.org/@types%2fjson-schema 107ms (cache revalidated)
1808 silly packumentCache full:https://registry.npmjs.org/@types%2fjson-schema set size:44704 disposed:false
1809 http fetch GET 200 https://registry.npmjs.org/@jsdevtools%2fono 332ms (cache revalidated)
1810 silly packumentCache full:https://registry.npmjs.org/@jsdevtools%2fono set size:45695 disposed:false
1811 silly placeDep node_modules/firebase-tools @jsdevtools/ono@7.1.3 OK for: @apidevtools/json-schema-ref-parser@9.1.2 want: ^7.1.3
1812 silly placeDep node_modules/firebase-tools @types/json-schema@7.0.15 OK for: @apidevtools/json-schema-ref-parser@9.1.2 want: ^7.0.6
1813 silly placeDep node_modules/firebase-tools call-me-maybe@1.0.2 OK for: @apidevtools/json-schema-ref-parser@9.1.2 want: ^1.0.1
1814 silly placeDep node_modules/firebase-tools accepts@1.3.8 OK for: express@4.22.2 want: ~1.3.8
1815 silly placeDep node_modules/firebase-tools array-flatten@1.1.1 OK for: express@4.22.2 want: 1.1.1
1816 silly placeDep node_modules/firebase-tools content-disposition@0.5.4 OK for: express@4.22.2 want: ~0.5.4
1817 silly placeDep node_modules/firebase-tools cookie@0.7.2 OK for: express@4.22.2 want: ~0.7.1
1818 silly placeDep node_modules/firebase-tools cookie-signature@1.0.7 OK for: express@4.22.2 want: ~1.0.6
1819 silly placeDep node_modules/firebase-tools encodeurl@2.0.0 OK for: express@4.22.2 want: ~2.0.0
1820 silly placeDep node_modules/firebase-tools escape-html@1.0.3 OK for: express@4.22.2 want: ~1.0.3
1821 silly placeDep node_modules/firebase-tools etag@1.8.1 OK for: express@4.22.2 want: ~1.8.1
1822 silly placeDep node_modules/firebase-tools finalhandler@1.3.2 OK for: express@4.22.2 want: ~1.3.1
1823 silly placeDep node_modules/firebase-tools fresh@0.5.2 OK for: express@4.22.2 want: ~0.5.2
1824 silly placeDep node_modules/firebase-tools merge-descriptors@1.0.3 OK for: express@4.22.2 want: 1.0.3
1825 silly placeDep node_modules/firebase-tools methods@1.1.2 OK for: express@4.22.2 want: ~1.1.2
1826 silly placeDep node_modules/firebase-tools parseurl@1.3.3 OK for: express@4.22.2 want: ~1.3.3
1827 silly placeDep node_modules/firebase-tools path-to-regexp@0.1.13 OK for: express@4.22.2 want: ~0.1.12
1828 silly placeDep node_modules/firebase-tools proxy-addr@2.0.7 OK for: express@4.22.2 want: ~2.0.7
1829 silly placeDep node_modules/firebase-tools range-parser@1.2.1 OK for: express@4.22.2 want: ~1.2.1
1830 silly placeDep node_modules/firebase-tools safe-buffer@5.2.1 OK for: express@4.22.2 want: 5.2.1
1831 silly placeDep node_modules/firebase-tools send@0.19.2 OK for: express@4.22.2 want: ~0.19.0
1832 silly placeDep node_modules/firebase-tools serve-static@1.16.3 OK for: express@4.22.2 want: ~1.16.2
1833 silly placeDep node_modules/firebase-tools setprototypeof@1.2.0 OK for: express@4.22.2 want: 1.2.0
1834 silly placeDep node_modules/firebase-tools statuses@2.0.2 OK for: express@4.22.2 want: ~2.0.1
1835 silly placeDep node_modules/firebase-tools utils-merge@1.0.1 OK for: express@4.22.2 want: 1.0.1
1836 silly fetch manifest mime-types@~2.1.34
1837 silly packumentCache full:https://registry.npmjs.org/mime-types cache-hit
1838 silly fetch manifest negotiator@0.6.3
1839 silly packumentCache full:https://registry.npmjs.org/negotiator cache-miss
1840 silly fetch manifest forwarded@0.2.0
1841 silly packumentCache full:https://registry.npmjs.org/forwarded cache-miss
1842 silly fetch manifest ipaddr.js@1.9.1
1843 silly packumentCache full:https://registry.npmjs.org/ipaddr.js cache-miss
1844 silly fetch manifest ms@2.1.3
1845 silly packumentCache full:https://registry.npmjs.org/ms cache-hit
1846 silly fetch manifest mime@1.6.0
1847 silly packumentCache full:https://registry.npmjs.org/mime cache-hit
1848 http fetch GET 200 https://registry.npmjs.org/forwarded 121ms (cache revalidated)
1849 silly packumentCache full:https://registry.npmjs.org/forwarded set size:11229 disposed:false
1850 http fetch GET 200 https://registry.npmjs.org/negotiator 129ms (cache revalidated)
1851 silly packumentCache full:https://registry.npmjs.org/negotiator set size:48046 disposed:false
1852 http fetch GET 200 https://registry.npmjs.org/ipaddr.js 125ms (cache revalidated)
1853 silly packumentCache full:https://registry.npmjs.org/ipaddr.js set size:69549 disposed:false
1854 silly placeDep node_modules/firebase-tools mime-types@2.1.35 OK for: accepts@1.3.8 want: ~2.1.34
1855 silly placeDep node_modules/firebase-tools negotiator@0.6.3 OK for: accepts@1.3.8 want: 0.6.3
1856 silly fetch manifest mime-db@1.52.0
1857 silly packumentCache full:https://registry.npmjs.org/mime-db cache-miss
1858 http fetch GET 200 https://registry.npmjs.org/mime-db 134ms (cache revalidated)
1859 silly packumentCache full:https://registry.npmjs.org/mime-db set size:164953 disposed:false
1860 silly placeDep node_modules/firebase-tools/node_modules/express-rate-limit debug@4.4.3 OK for: express-rate-limit@8.6.1 want: ^4.4.3
1861 silly placeDep node_modules/firebase-tools ip-address@10.4.0 OK for: express-rate-limit@8.6.1 want: ^10.2.0
1862 silly fetch manifest ms@^2.1.3
1863 silly packumentCache full:https://registry.npmjs.org/ms cache-hit
1864 silly placeDep node_modules/firebase-tools to-regex-range@5.0.1 OK for: fill-range@7.1.1 want: ^5.0.1
1865 silly fetch manifest is-number@^7.0.0
1866 silly packumentCache full:https://registry.npmjs.org/is-number cache-miss
1867 http fetch GET 200 https://registry.npmjs.org/is-number 130ms (cache revalidated)
1868 silly packumentCache full:https://registry.npmjs.org/is-number set size:36183 disposed:false
1869 silly placeDep node_modules/firebase-tools asynckit@0.4.0 OK for: form-data@4.0.6 want: ^0.4.0
1870 silly placeDep node_modules/firebase-tools combined-stream@1.0.8 OK for: form-data@4.0.6 want: ^1.0.8
1871 silly placeDep node_modules/firebase-tools es-set-tostringtag@2.1.0 OK for: form-data@4.0.6 want: ^2.1.0
1872 silly placeDep node_modules/firebase-tools hasown@2.0.4 OK for: form-data@4.0.6 want: ^2.0.4
1873 silly fetch manifest delayed-stream@~1.0.0
1874 silly packumentCache full:https://registry.npmjs.org/delayed-stream cache-miss
1875 silly fetch manifest es-errors@^1.3.0
1876 silly packumentCache full:https://registry.npmjs.org/es-errors cache-miss
1877 silly fetch manifest get-intrinsic@^1.2.6
1878 silly packumentCache full:https://registry.npmjs.org/get-intrinsic cache-miss
1879 silly fetch manifest has-tostringtag@^1.0.2
1880 silly packumentCache full:https://registry.npmjs.org/has-tostringtag cache-miss
1881 silly fetch manifest hasown@^2.0.2
1882 silly packumentCache full:https://registry.npmjs.org/hasown cache-hit
1883 silly fetch manifest function-bind@^1.1.2
1884 silly packumentCache full:https://registry.npmjs.org/function-bind cache-miss
1885 http fetch GET 200 https://registry.npmjs.org/get-intrinsic 105ms (cache revalidated)
1886 silly packumentCache full:https://registry.npmjs.org/get-intrinsic set size:60985 disposed:false
1887 http fetch GET 200 https://registry.npmjs.org/function-bind 100ms (cache revalidated)
1888 silly packumentCache full:https://registry.npmjs.org/function-bind set size:15733 disposed:false
1889 http fetch GET 200 https://registry.npmjs.org/delayed-stream 114ms (cache revalidated)
1890 silly packumentCache full:https://registry.npmjs.org/delayed-stream set size:15820 disposed:false
1891 http fetch GET 200 https://registry.npmjs.org/es-errors 120ms (cache revalidated)
1892 silly packumentCache full:https://registry.npmjs.org/es-errors set size:16918 disposed:false
1893 http fetch GET 200 https://registry.npmjs.org/has-tostringtag 194ms (cache revalidated)
1894 silly packumentCache full:https://registry.npmjs.org/has-tostringtag set size:13945 disposed:false
1895 silly placeDep node_modules/firebase-tools delayed-stream@1.0.0 OK for: combined-stream@1.0.8 want: ~1.0.0
1896 silly placeDep node_modules/firebase-tools es-errors@1.3.0 OK for: es-set-tostringtag@2.1.0 want: ^1.3.0
1897 silly placeDep node_modules/firebase-tools get-intrinsic@1.3.0 OK for: es-set-tostringtag@2.1.0 want: ^1.2.6
1898 silly placeDep node_modules/firebase-tools has-tostringtag@1.0.2 OK for: es-set-tostringtag@2.1.0 want: ^1.0.2
1899 silly fetch manifest gopd@^1.2.0
1900 silly packumentCache full:https://registry.npmjs.org/gopd cache-miss
1901 silly fetch manifest get-proto@^1.0.1
1902 silly packumentCache full:https://registry.npmjs.org/get-proto cache-miss
1903 silly fetch manifest has-symbols@^1.1.0
1904 silly packumentCache full:https://registry.npmjs.org/has-symbols cache-miss
1905 silly fetch manifest es-object-atoms@^1.1.1
1906 silly packumentCache full:https://registry.npmjs.org/es-object-atoms cache-miss
1907 silly fetch manifest math-intrinsics@^1.1.0
1908 silly packumentCache full:https://registry.npmjs.org/math-intrinsics cache-miss
1909 silly fetch manifest call-bind-apply-helpers@^1.0.2
1910 silly packumentCache full:https://registry.npmjs.org/call-bind-apply-helpers cache-miss
1911 silly fetch manifest has-symbols@^1.0.3
1912 silly packumentCache full:https://registry.npmjs.org/has-symbols cache-miss
1913 http fetch GET 200 https://registry.npmjs.org/has-symbols 122ms (cache revalidated)
1914 silly packumentCache full:https://registry.npmjs.org/has-symbols set size:21550 disposed:false
1915 http fetch GET 200 https://registry.npmjs.org/has-symbols 120ms (cache revalidated)
1916 silly packumentCache full:https://registry.npmjs.org/has-symbols set size:21550 disposed:false
1917 silly packumentCache full:https://registry.npmjs.org/has-symbols dispose
1918 http fetch GET 200 https://registry.npmjs.org/gopd 128ms (cache revalidated)
1919 silly packumentCache full:https://registry.npmjs.org/gopd set size:11483 disposed:false
1920 http fetch GET 200 https://registry.npmjs.org/es-object-atoms 131ms (cache revalidated)
1921 silly packumentCache full:https://registry.npmjs.org/es-object-atoms set size:18278 disposed:false
1922 http fetch GET 200 https://registry.npmjs.org/get-proto 135ms (cache revalidated)
1923 silly packumentCache full:https://registry.npmjs.org/get-proto set size:8300 disposed:false
1924 http fetch GET 200 https://registry.npmjs.org/call-bind-apply-helpers 138ms (cache revalidated)
1925 silly packumentCache full:https://registry.npmjs.org/call-bind-apply-helpers set size:12744 disposed:false
1926 http fetch GET 200 https://registry.npmjs.org/math-intrinsics 143ms (cache revalidated)
1927 silly packumentCache full:https://registry.npmjs.org/math-intrinsics set size:9265 disposed:false
1928 silly placeDep node_modules/firebase-tools jsonfile@6.2.1 OK for: fs-extra@10.1.0 want: ^6.0.1
1929 silly placeDep node_modules/firebase-tools universalify@2.0.1 OK for: fs-extra@10.1.0 want: ^2.0.0
1930 silly placeDep node_modules/firebase-tools https-proxy-agent@7.0.6 OK for: gaxios@6.7.1 want: ^7.0.1
1931 silly placeDep node_modules/firebase-tools uuid@9.0.1 OK for: gaxios@6.7.1 want: ^9.0.1
1932 silly fetch manifest debug@4
1933 silly packumentCache full:https://registry.npmjs.org/debug cache-hit
1934 silly placeDep node_modules/firebase-tools call-bind-apply-helpers@1.0.2 OK for: get-intrinsic@1.3.0 want: ^1.0.2
1935 silly placeDep node_modules/firebase-tools es-define-property@1.0.1 OK for: get-intrinsic@1.3.0 want: ^1.0.1
1936 silly placeDep node_modules/firebase-tools es-object-atoms@1.1.2 OK for: get-intrinsic@1.3.0 want: ^1.1.1
1937 silly placeDep node_modules/firebase-tools function-bind@1.1.2 OK for: get-intrinsic@1.3.0 want: ^1.1.2
1938 silly placeDep node_modules/firebase-tools get-proto@1.0.1 OK for: get-intrinsic@1.3.0 want: ^1.0.1
1939 silly placeDep node_modules/firebase-tools gopd@1.2.0 OK for: get-intrinsic@1.3.0 want: ^1.2.0
1940 silly placeDep node_modules/firebase-tools has-symbols@1.1.0 OK for: get-intrinsic@1.3.0 want: ^1.1.0
1941 silly placeDep node_modules/firebase-tools math-intrinsics@1.1.0 OK for: get-intrinsic@1.3.0 want: ^1.1.0
1942 silly fetch manifest dunder-proto@^1.0.1
1943 silly packumentCache full:https://registry.npmjs.org/dunder-proto cache-miss
1944 http fetch GET 200 https://registry.npmjs.org/dunder-proto 96ms (cache revalidated)
1945 silly packumentCache full:https://registry.npmjs.org/dunder-proto set size:8256 disposed:false
1946 silly placeDep node_modules/firebase-tools dunder-proto@1.0.1 OK for: get-proto@1.0.1 want: ^1.0.1
1947 silly placeDep node_modules/firebase-tools foreground-child@3.3.1 OK for: glob@10.5.0 want: ^3.1.0
1948 silly placeDep node_modules/firebase-tools jackspeak@3.4.3 OK for: glob@10.5.0 want: ^3.1.2
1949 silly placeDep node_modules/firebase-tools/node_modules/glob minimatch@9.0.9 OK for: glob@10.5.0 want: ^9.0.4
1950 silly placeDep node_modules/firebase-tools minipass@7.1.3 OK for: glob@10.5.0 want: ^7.1.2
1951 silly placeDep node_modules/firebase-tools package-json-from-dist@1.0.1 OK for: glob@10.5.0 want: ^1.0.0
1952 silly placeDep node_modules/firebase-tools path-scurry@1.11.1 OK for: glob@10.5.0 want: ^1.11.1
1953 silly fetch manifest @isaacs/cliui@^8.0.2
1954 silly packumentCache full:https://registry.npmjs.org/@isaacs%2fcliui cache-miss
1955 silly fetch manifest @pkgjs/parseargs@^0.11.0
1956 silly packumentCache full:https://registry.npmjs.org/@pkgjs%2fparseargs cache-miss
1957 silly fetch manifest brace-expansion@^2.0.2
1958 silly packumentCache full:https://registry.npmjs.org/brace-expansion cache-hit
1959 silly fetch manifest lru-cache@^10.2.0
1960 silly packumentCache full:https://registry.npmjs.org/lru-cache cache-hit
1961 http fetch GET 200 https://registry.npmjs.org/@pkgjs%2fparseargs 209ms (cache revalidated)
1962 silly packumentCache full:https://registry.npmjs.org/@pkgjs%2fparseargs set size:51085 disposed:false
1963 http fetch GET 200 https://registry.npmjs.org/@isaacs%2fcliui 213ms (cache revalidated)
1964 silly packumentCache full:https://registry.npmjs.org/@isaacs%2fcliui set size:12263 disposed:false
1965 silly placeDep node_modules/firebase-tools base64-js@1.5.1 OK for: google-auth-library@9.15.1 want: ^1.3.0
1966 silly placeDep node_modules/firebase-tools ecdsa-sig-formatter@1.0.11 OK for: google-auth-library@9.15.1 want: ^1.0.11
1967 silly placeDep node_modules/firebase-tools gcp-metadata@6.1.1 OK for: google-auth-library@9.15.1 want: ^6.1.0
1968 silly placeDep node_modules/firebase-tools gtoken@7.1.0 OK for: google-auth-library@9.15.1 want: ^7.0.0
1969 silly placeDep node_modules/firebase-tools jws@4.0.1 OK for: google-auth-library@9.15.1 want: ^4.0.0
1970 silly fetch manifest json-bigint@^1.0.0
1971 silly packumentCache full:https://registry.npmjs.org/json-bigint cache-miss
1972 silly fetch manifest google-logging-utils@^0.0.2
1973 silly packumentCache full:https://registry.npmjs.org/google-logging-utils cache-hit
1974 silly fetch manifest jwa@^2.0.1
1975 silly packumentCache full:https://registry.npmjs.org/jwa cache-miss
1976 http fetch GET 200 https://registry.npmjs.org/json-bigint 96ms (cache revalidated)
1977 silly packumentCache full:https://registry.npmjs.org/json-bigint set size:36963 disposed:false
1978 http fetch GET 200 https://registry.npmjs.org/jwa 107ms (cache revalidated)
1979 silly packumentCache full:https://registry.npmjs.org/jwa set size:39720 disposed:false
1980 silly placeDep node_modules/firebase-tools/node_modules/gcp-metadata google-logging-utils@0.0.2 OK for: gcp-metadata@6.1.1 want: ^0.0.2
1981 silly placeDep node_modules/firebase-tools json-bigint@1.0.0 OK for: gcp-metadata@6.1.1 want: ^1.0.0
1982 silly fetch manifest bignumber.js@^9.0.0
1983 silly packumentCache full:https://registry.npmjs.org/bignumber.js cache-miss
1984 http fetch GET 200 https://registry.npmjs.org/bignumber.js 111ms (cache revalidated)
1985 silly packumentCache full:https://registry.npmjs.org/bignumber.js set size:149332 disposed:false
1986 silly placeDep node_modules/firebase-tools @grpc/grpc-js@1.14.4 OK for: google-gax@5.0.8 want: ^1.12.6
1987 silly placeDep node_modules/firebase-tools @grpc/proto-loader@0.8.1 OK for: google-gax@5.0.8 want: ^0.8.0
1988 silly placeDep node_modules/firebase-tools duplexify@4.1.3 OK for: google-gax@5.0.8 want: ^4.1.3
1989 silly placeDep node_modules/firebase-tools/node_modules/google-gax google-auth-library@10.5.0 OK for: google-gax@5.0.8 want: 10.5.0
1990 silly placeDep node_modules/firebase-tools/node_modules/google-gax google-logging-utils@1.1.3 OK for: google-gax@5.0.8 want: 1.1.3
1991 silly placeDep node_modules/firebase-tools/node_modules/google-gax node-fetch@3.3.2 OK for: google-gax@5.0.8 want: ^3.3.2
1992 silly placeDep node_modules/firebase-tools object-hash@3.0.0 OK for: google-gax@5.0.8 want: ^3.0.0
1993 silly placeDep node_modules/firebase-tools proto3-json-serializer@3.0.4 OK for: google-gax@5.0.8 want: 3.0.4
1994 silly placeDep node_modules/firebase-tools protobufjs@7.6.5 OK for: google-gax@5.0.8 want: ^7.5.4
1995 silly placeDep node_modules/firebase-tools retry-request@8.0.4 OK for: google-gax@5.0.8 want: ^8.0.2
1996 silly placeDep node_modules/firebase-tools rimraf@5.0.10 OK for: google-gax@5.0.8 want: ^5.0.1
1997 silly fetch manifest @js-sdsl/ordered-map@^4.4.2
1998 silly packumentCache full:https://registry.npmjs.org/@js-sdsl%2fordered-map cache-miss
1999 silly fetch manifest lodash.camelcase@^4.3.0
2000 silly packumentCache full:https://registry.npmjs.org/lodash.camelcase cache-miss
2001 silly fetch manifest protobufjs@^7.5.5
2002 silly packumentCache full:https://registry.npmjs.org/protobufjs cache-hit
2003 silly fetch manifest yargs@^17.7.2
2004 silly packumentCache full:https://registry.npmjs.org/yargs cache-miss
2005 silly fetch manifest end-of-stream@^1.4.1
2006 silly packumentCache full:https://registry.npmjs.org/end-of-stream cache-miss
2007 silly fetch manifest inherits@^2.0.3
2008 silly packumentCache full:https://registry.npmjs.org/inherits cache-hit
2009 silly fetch manifest readable-stream@^3.1.1
2010 silly packumentCache full:https://registry.npmjs.org/readable-stream cache-hit
2011 silly fetch manifest stream-shift@^1.0.2
2012 silly packumentCache full:https://registry.npmjs.org/stream-shift cache-miss
2013 silly fetch manifest gaxios@^7.0.0
2014 silly packumentCache full:https://registry.npmjs.org/gaxios cache-hit
2015 silly fetch manifest gtoken@^8.0.0
2016 silly packumentCache full:https://registry.npmjs.org/gtoken cache-hit
2017 silly fetch manifest gcp-metadata@^8.0.0
2018 silly packumentCache full:https://registry.npmjs.org/gcp-metadata cache-hit
2019 silly fetch manifest data-uri-to-buffer@^4.0.0
2020 silly packumentCache full:https://registry.npmjs.org/data-uri-to-buffer cache-miss
2021 silly fetch manifest fetch-blob@^3.1.4
2022 silly packumentCache full:https://registry.npmjs.org/fetch-blob cache-miss
2023 silly fetch manifest formdata-polyfill@^4.0.10
2024 silly packumentCache full:https://registry.npmjs.org/formdata-polyfill cache-miss
2025 silly fetch manifest protobufjs@^7.4.0
2026 silly packumentCache full:https://registry.npmjs.org/protobufjs cache-hit
2027 silly fetch manifest @types/node@>=13.7.0
2028 silly packumentCache full:https://registry.npmjs.org/@types%2fnode cache-miss
2029 silly fetch manifest @protobufjs/path@^1.1.2
2030 silly packumentCache full:https://registry.npmjs.org/@protobufjs%2fpath cache-miss
2031 silly fetch manifest @protobufjs/pool@^1.1.0
2032 silly packumentCache full:https://registry.npmjs.org/@protobufjs%2fpool cache-miss
2033 http cache https://registry.npmjs.org/@types%2fnode 176ms (cache hit)
2034 silly packumentCache full:https://registry.npmjs.org/@types%2fnode set size:11084776 disposed:false
2035 silly fetch manifest @protobufjs/utf8@^1.1.1
2036 silly packumentCache full:https://registry.npmjs.org/@protobufjs%2futf8 cache-miss
2037 http fetch GET 200 https://registry.npmjs.org/stream-shift 326ms (cache revalidated)
2038 silly packumentCache full:https://registry.npmjs.org/stream-shift set size:8066 disposed:false
2039 silly fetch manifest @protobufjs/fetch@^1.1.1
2040 silly packumentCache full:https://registry.npmjs.org/@protobufjs%2ffetch cache-miss
2041 http fetch GET 200 https://registry.npmjs.org/lodash.camelcase 345ms (cache revalidated)
2042 silly packumentCache full:https://registry.npmjs.org/lodash.camelcase set size:16993 disposed:false
2043 silly fetch manifest @protobufjs/float@^1.0.2
2044 silly packumentCache full:https://registry.npmjs.org/@protobufjs%2ffloat cache-miss
2045 http fetch GET 200 https://registry.npmjs.org/yargs 348ms (cache revalidated)
2046 silly packumentCache full:https://registry.npmjs.org/yargs set size:759965 disposed:false
2047 silly fetch manifest @protobufjs/base64@^1.1.2
2048 silly packumentCache full:https://registry.npmjs.org/@protobufjs%2fbase64 cache-miss
2049 http fetch GET 200 https://registry.npmjs.org/formdata-polyfill 333ms (cache revalidated)
2050 silly packumentCache full:https://registry.npmjs.org/formdata-polyfill set size:94446 disposed:false
2051 silly fetch manifest @protobufjs/codegen@^2.0.5
2052 silly packumentCache full:https://registry.npmjs.org/@protobufjs%2fcodegen cache-miss
2053 http fetch GET 200 https://registry.npmjs.org/data-uri-to-buffer 342ms (cache revalidated)
2054 silly packumentCache full:https://registry.npmjs.org/data-uri-to-buffer set size:48018 disposed:false
2055 silly fetch manifest @protobufjs/aspromise@^1.1.2
2056 silly packumentCache full:https://registry.npmjs.org/@protobufjs%2faspromise cache-miss
2057 http fetch GET 200 https://registry.npmjs.org/end-of-stream 365ms (cache revalidated)
2058 silly packumentCache full:https://registry.npmjs.org/end-of-stream set size:27842 disposed:false
2059 silly fetch manifest @protobufjs/eventemitter@^1.1.1
2060 silly packumentCache full:https://registry.npmjs.org/@protobufjs%2feventemitter cache-miss
2061 http fetch GET 200 https://registry.npmjs.org/fetch-blob 346ms (cache revalidated)
2062 silly packumentCache full:https://registry.npmjs.org/fetch-blob set size:73704 disposed:false
2063 silly fetch manifest teeny-request@^10.0.0
2064 silly packumentCache full:https://registry.npmjs.org/teeny-request cache-miss
2065 http fetch GET 200 https://registry.npmjs.org/@js-sdsl%2fordered-map 378ms (cache revalidated)
2066 silly packumentCache full:https://registry.npmjs.org/@js-sdsl%2fordered-map set size:63788 disposed:false
2067 http fetch GET 200 https://registry.npmjs.org/@protobufjs%2fpool 339ms (cache revalidated)
2068 silly packumentCache full:https://registry.npmjs.org/@protobufjs%2fpool set size:10727 disposed:false
2069 http fetch GET 200 https://registry.npmjs.org/@protobufjs%2fpath 393ms (cache revalidated)
2070 silly packumentCache full:https://registry.npmjs.org/@protobufjs%2fpath set size:10241 disposed:false
2071 http fetch GET 200 https://registry.npmjs.org/@protobufjs%2ffloat 194ms (cache revalidated)
2072 silly packumentCache full:https://registry.npmjs.org/@protobufjs%2ffloat set size:9957 disposed:false
2073 http fetch GET 200 https://registry.npmjs.org/teeny-request 171ms (cache revalidated)
2074 silly packumentCache full:https://registry.npmjs.org/teeny-request set size:180957 disposed:false
2075 http fetch GET 200 https://registry.npmjs.org/@protobufjs%2fbase64 193ms (cache revalidated)
2076 silly packumentCache full:https://registry.npmjs.org/@protobufjs%2fbase64 set size:14176 disposed:false
2077 http fetch GET 200 https://registry.npmjs.org/@protobufjs%2feventemitter 189ms (cache revalidated)
2078 silly packumentCache full:https://registry.npmjs.org/@protobufjs%2feventemitter set size:13173 disposed:false
2079 http fetch GET 200 https://registry.npmjs.org/@protobufjs%2faspromise 209ms (cache revalidated)
2080 silly packumentCache full:https://registry.npmjs.org/@protobufjs%2faspromise set size:11438 disposed:false
2081 http fetch GET 200 https://registry.npmjs.org/@protobufjs%2fcodegen 216ms (cache revalidated)
2082 silly packumentCache full:https://registry.npmjs.org/@protobufjs%2fcodegen set size:23820 disposed:false
2083 http fetch GET 200 https://registry.npmjs.org/@protobufjs%2futf8 293ms (cache revalidated)
2084 silly packumentCache full:https://registry.npmjs.org/@protobufjs%2futf8 set size:17318 disposed:false
2085 http fetch GET 200 https://registry.npmjs.org/@protobufjs%2ffetch 309ms (cache revalidated)
2086 silly packumentCache full:https://registry.npmjs.org/@protobufjs%2ffetch set size:12023 disposed:false
2087 silly placeDep node_modules/firebase-tools @js-sdsl/ordered-map@4.4.2 OK for: @grpc/grpc-js@1.14.4 want: ^4.4.2
2088 silly placeDep node_modules/firebase-tools lodash.camelcase@4.3.0 OK for: @grpc/proto-loader@0.8.1 want: ^4.3.0
2089 silly placeDep node_modules/firebase-tools yargs@17.7.3 OK for: @grpc/proto-loader@0.8.1 want: ^17.7.2
2090 silly fetch manifest y18n@^5.0.5
2091 silly packumentCache full:https://registry.npmjs.org/y18n cache-miss
2092 silly fetch manifest cliui@^8.0.1
2093 silly packumentCache full:https://registry.npmjs.org/cliui cache-miss
2094 silly fetch manifest escalade@^3.1.1
2095 silly packumentCache full:https://registry.npmjs.org/escalade cache-miss
2096 silly fetch manifest yargs-parser@^21.1.1
2097 silly packumentCache full:https://registry.npmjs.org/yargs-parser cache-miss
2098 silly fetch manifest get-caller-file@^2.0.5
2099 silly packumentCache full:https://registry.npmjs.org/get-caller-file cache-miss
2100 silly fetch manifest require-directory@^2.1.1
2101 silly packumentCache full:https://registry.npmjs.org/require-directory cache-miss
2102 http fetch GET 200 https://registry.npmjs.org/y18n 120ms (cache revalidated)
2103 silly packumentCache full:https://registry.npmjs.org/y18n set size:76155 disposed:false
2104 http fetch GET 200 https://registry.npmjs.org/yargs-parser 118ms (cache revalidated)
2105 silly packumentCache full:https://registry.npmjs.org/yargs-parser set size:238630 disposed:false
2106 http fetch GET 200 https://registry.npmjs.org/get-caller-file 124ms (cache revalidated)
2107 silly packumentCache full:https://registry.npmjs.org/get-caller-file set size:26456 disposed:false
2108 http fetch GET 200 https://registry.npmjs.org/escalade 135ms (cache revalidated)
2109 silly packumentCache full:https://registry.npmjs.org/escalade set size:33724 disposed:false
2110 http fetch GET 200 https://registry.npmjs.org/cliui 142ms (cache revalidated)
2111 silly packumentCache full:https://registry.npmjs.org/cliui set size:69089 disposed:false
2112 http fetch GET 200 https://registry.npmjs.org/require-directory 204ms (cache revalidated)
2113 silly packumentCache full:https://registry.npmjs.org/require-directory set size:26866 disposed:false
2114 silly placeDep node_modules/firebase-tools end-of-stream@1.4.5 OK for: duplexify@4.1.3 want: ^1.4.1
2115 silly placeDep node_modules/firebase-tools inherits@2.0.4 OK for: duplexify@4.1.3 want: ^2.0.3
2116 silly placeDep node_modules/firebase-tools/node_modules/duplexify readable-stream@3.6.2 OK for: duplexify@4.1.3 want: ^3.1.1
2117 silly placeDep node_modules/firebase-tools stream-shift@1.0.3 OK for: duplexify@4.1.3 want: ^1.0.2
2118 silly fetch manifest string_decoder@^1.1.1
2119 silly packumentCache full:https://registry.npmjs.org/string_decoder cache-hit
2120 silly fetch manifest util-deprecate@^1.0.1
2121 silly packumentCache full:https://registry.npmjs.org/util-deprecate cache-miss
2122 http fetch GET 200 https://registry.npmjs.org/util-deprecate 110ms (cache revalidated)
2123 silly packumentCache full:https://registry.npmjs.org/util-deprecate set size:6674 disposed:false
2124 silly placeDep node_modules/firebase-tools once@1.4.0 OK for: end-of-stream@1.4.5 want: ^1.4.0
2125 silly fetch manifest wrappy@1
2126 silly packumentCache full:https://registry.npmjs.org/wrappy cache-miss
2127 http fetch GET 200 https://registry.npmjs.org/wrappy 109ms (cache revalidated)
2128 silly packumentCache full:https://registry.npmjs.org/wrappy set size:7682 disposed:false
2129 silly placeDep node_modules/firebase-tools/node_modules/googleapis-common gaxios@7.1.3 OK for: googleapis-common@8.0.3 want: 7.1.3
2130 silly placeDep node_modules/firebase-tools/node_modules/googleapis-common google-auth-library@10.5.0 OK for: googleapis-common@8.0.3 want: 10.5.0
2131 silly placeDep node_modules/firebase-tools/node_modules/googleapis-common google-logging-utils@1.1.3 OK for: googleapis-common@8.0.3 want: 1.1.3
2132 silly placeDep node_modules/firebase-tools url-template@2.0.8 OK for: googleapis-common@8.0.3 want: ^2.0.8
2133 silly placeDep node_modules/firebase-tools toidentifier@1.0.1 OK for: http-errors@2.0.1 want: ~1.0.1
2134 silly placeDep node_modules/firebase-tools agent-base@7.1.4 OK for: https-proxy-agent@7.0.6 want: ^7.1.2
2135 silly placeDep node_modules/firebase-tools/node_modules/https-proxy-agent debug@4.4.3 OK for: https-proxy-agent@7.0.6 want: 4
2136 silly placeDep node_modules/firebase-tools safer-buffer@2.1.2 OK for: iconv-lite@0.7.3 want: >= 2.1.2 < 3.0.0
2137 silly placeDep node_modules/firebase-tools binary-extensions@2.3.0 OK for: is-binary-path@2.1.0 want: ^2.0.0
2138 silly placeDep node_modules/firebase-tools is-extglob@2.1.1 OK for: is-glob@4.0.3 want: ^2.1.1
2139 silly placeDep node_modules/firebase-tools @isaacs/cliui@8.0.2 OK for: jackspeak@3.4.3 want: ^8.0.2
2140 silly placeDep node_modules/firebase-tools @pkgjs/parseargs@0.11.0 OK for: jackspeak@3.4.3 want: ^0.11.0
2141 silly fetch manifest wrap-ansi@^8.1.0
2142 silly packumentCache full:https://registry.npmjs.org/wrap-ansi cache-hit
2143 silly fetch manifest strip-ansi@^7.0.1
2144 silly packumentCache full:https://registry.npmjs.org/strip-ansi cache-hit
2145 silly fetch manifest string-width@^5.1.2
2146 silly packumentCache full:https://registry.npmjs.org/string-width cache-hit
2147 silly fetch manifest wrap-ansi-cjs@npm:wrap-ansi@^7.0.0
2148 silly packumentCache full:https://registry.npmjs.org/wrap-ansi cache-hit
2149 silly fetch manifest strip-ansi-cjs@npm:strip-ansi@^6.0.1
2150 silly packumentCache full:https://registry.npmjs.org/strip-ansi cache-hit
2151 silly fetch manifest string-width-cjs@npm:string-width@^4.2.0
2152 silly packumentCache full:https://registry.npmjs.org/string-width cache-hit
2153 silly placeDep node_modules/firebase-tools/node_modules/@isaacs/cliui string-width@5.1.2 OK for: @isaacs/cliui@8.0.2 want: ^5.1.2
2154 silly placeDep node_modules/firebase-tools string-width-cjs@4.2.3 OK for: @isaacs/cliui@8.0.2 want: npm:string-width@^4.2.0
2155 silly placeDep node_modules/firebase-tools strip-ansi@7.2.0 OK for: @isaacs/cliui@8.0.2 want: ^7.0.1
2156 silly placeDep node_modules/firebase-tools strip-ansi-cjs@6.0.1 OK for: @isaacs/cliui@8.0.2 want: npm:strip-ansi@^6.0.1
2157 silly placeDep node_modules/firebase-tools/node_modules/@isaacs/cliui wrap-ansi@8.1.0 OK for: @isaacs/cliui@8.0.2 want: ^8.1.0
2158 silly placeDep node_modules/firebase-tools wrap-ansi-cjs@7.0.0 OK for: @isaacs/cliui@8.0.2 want: npm:wrap-ansi@^7.0.0
2159 silly fetch manifest emoji-regex@^9.2.2
2160 silly packumentCache full:https://registry.npmjs.org/emoji-regex cache-hit
2161 silly fetch manifest eastasianwidth@^0.2.0
2162 silly packumentCache full:https://registry.npmjs.org/eastasianwidth cache-miss
2163 silly fetch manifest ansi-regex@^6.2.2
2164 silly packumentCache full:https://registry.npmjs.org/ansi-regex cache-hit
2165 silly fetch manifest ansi-regex@^5.0.1
2166 silly packumentCache full:https://registry.npmjs.org/ansi-regex cache-hit
2167 silly fetch manifest ansi-styles@^6.1.0
2168 silly packumentCache full:https://registry.npmjs.org/ansi-styles cache-hit
2169 http fetch GET 200 https://registry.npmjs.org/eastasianwidth 113ms (cache revalidated)
2170 silly packumentCache full:https://registry.npmjs.org/eastasianwidth set size:7890 disposed:false
2171 silly placeDep node_modules/firebase-tools argparse@2.0.1 OK for: js-yaml@4.3.1 want: ^2.0.1
2172 silly placeDep node_modules/firebase-tools bignumber.js@9.3.1 OK for: json-bigint@1.0.0 want: ^9.0.0
2173 silly placeDep node_modules/firebase-tools jju@1.4.0 OK for: json-parse-helpfulerror@1.0.3 want: ^1.1.0
2174 silly placeDep node_modules/firebase-tools lodash.includes@4.3.0 OK for: jsonwebtoken@9.0.3 want: ^4.3.0
2175 silly placeDep node_modules/firebase-tools lodash.isboolean@3.0.3 OK for: jsonwebtoken@9.0.3 want: ^3.0.3
2176 silly placeDep node_modules/firebase-tools lodash.isinteger@4.0.4 OK for: jsonwebtoken@9.0.3 want: ^4.0.4
2177 silly placeDep node_modules/firebase-tools lodash.isnumber@3.0.3 OK for: jsonwebtoken@9.0.3 want: ^3.0.3
2178 silly placeDep node_modules/firebase-tools lodash.isplainobject@4.0.6 OK for: jsonwebtoken@9.0.3 want: ^4.0.6
2179 silly placeDep node_modules/firebase-tools lodash.isstring@4.0.1 OK for: jsonwebtoken@9.0.3 want: ^4.0.1
2180 silly placeDep node_modules/firebase-tools lodash.once@4.1.1 OK for: jsonwebtoken@9.0.3 want: ^4.0.0
2181 silly placeDep node_modules/firebase-tools/node_modules/jsonwebtoken ms@2.1.3 OK for: jsonwebtoken@9.0.3 want: ^2.1.1
2182 silly placeDep node_modules/firebase-tools jwa@2.0.1 OK for: jws@4.0.1 want: ^2.0.1
2183 silly fetch manifest buffer-equal-constant-time@^1.0.1
2184 silly packumentCache full:https://registry.npmjs.org/buffer-equal-constant-time cache-miss
2185 http fetch GET 200 https://registry.npmjs.org/buffer-equal-constant-time 89ms (cache revalidated)
2186 silly packumentCache full:https://registry.npmjs.org/buffer-equal-constant-time set size:4390 disposed:false
2187 silly placeDep node_modules/firebase-tools buffer-equal-constant-time@1.0.1 OK for: jwa@2.0.1 want: ^1.0.1
2188 silly placeDep node_modules/firebase-tools/node_modules/lazystream readable-stream@2.3.8 OK for: lazystream@1.0.1 want: ^2.0.5
2189 silly fetch manifest isarray@~1.0.0
2190 silly packumentCache full:https://registry.npmjs.org/isarray cache-miss
2191 silly fetch manifest safe-buffer@~5.1.1
2192 silly packumentCache full:https://registry.npmjs.org/safe-buffer cache-hit
2193 silly fetch manifest core-util-is@~1.0.0
2194 silly packumentCache full:https://registry.npmjs.org/core-util-is cache-miss
2195 silly fetch manifest string_decoder@~1.1.1
2196 silly packumentCache full:https://registry.npmjs.org/string_decoder cache-hit
2197 silly fetch manifest util-deprecate@~1.0.1
2198 silly packumentCache full:https://registry.npmjs.org/util-deprecate cache-hit
2199 silly fetch manifest process-nextick-args@~2.0.0
2200 silly packumentCache full:https://registry.npmjs.org/process-nextick-args cache-miss
2201 http fetch GET 200 https://registry.npmjs.org/process-nextick-args 107ms (cache revalidated)
2202 silly packumentCache full:https://registry.npmjs.org/process-nextick-args set size:15428 disposed:false
2203 http fetch GET 200 https://registry.npmjs.org/core-util-is 111ms (cache revalidated)
2204 silly packumentCache full:https://registry.npmjs.org/core-util-is set size:7163 disposed:false
2205 http fetch GET 200 https://registry.npmjs.org/isarray 116ms (cache revalidated)
2206 silly packumentCache full:https://registry.npmjs.org/isarray set size:17392 disposed:false
2207 silly placeDep node_modules/firebase-tools libsodium@0.7.16 OK for: libsodium-wrappers@0.7.16 want: ^0.7.16
2208 silly placeDep node_modules/firebase-tools/node_modules/make-dir semver@6.3.1 OK for: make-dir@3.1.0 want: ^6.0.0
2209 silly placeDep node_modules/firebase-tools ansi-escapes@7.3.0 OK for: marked-terminal@7.3.0 want: ^7.0.0
2210 silly placeDep node_modules/firebase-tools ansi-regex@6.2.2 OK for: marked-terminal@7.3.0 want: ^6.1.0
2211 silly placeDep node_modules/firebase-tools chalk@5.6.2 OK for: marked-terminal@7.3.0 want: ^5.4.1
2212 silly placeDep node_modules/firebase-tools cli-highlight@2.1.11 OK for: marked-terminal@7.3.0 want: ^2.1.11
2213 silly placeDep node_modules/firebase-tools node-emoji@2.2.0 OK for: marked-terminal@7.3.0 want: ^2.2.0
2214 silly placeDep node_modules/firebase-tools supports-hyperlinks@3.2.0 OK for: marked-terminal@7.3.0 want: ^3.1.0
2215 silly fetch manifest environment@^1.0.0
2216 silly packumentCache full:https://registry.npmjs.org/environment cache-miss
2217 silly fetch manifest chalk@^4.0.0
2218 silly packumentCache full:https://registry.npmjs.org/chalk cache-hit
2219 silly fetch manifest highlight.js@^10.7.1
2220 silly packumentCache full:https://registry.npmjs.org/highlight.js cache-miss
2221 silly fetch manifest mz@^2.4.0
2222 silly packumentCache full:https://registry.npmjs.org/mz cache-miss
2223 silly fetch manifest parse5@^5.1.1
2224 silly packumentCache full:https://registry.npmjs.org/parse5 cache-miss
2225 silly fetch manifest parse5-htmlparser2-tree-adapter@^6.0.0
2226 silly packumentCache full:https://registry.npmjs.org/parse5-htmlparser2-tree-adapter cache-miss
2227 silly fetch manifest yargs@^16.0.0
2228 silly packumentCache full:https://registry.npmjs.org/yargs cache-hit
2229 silly fetch manifest @sindresorhus/is@^4.6.0
2230 silly packumentCache full:https://registry.npmjs.org/@sindresorhus%2fis cache-miss
2231 silly fetch manifest char-regex@^1.0.2
2232 silly packumentCache full:https://registry.npmjs.org/char-regex cache-miss
2233 silly fetch manifest emojilib@^2.4.0
2234 silly packumentCache full:https://registry.npmjs.org/emojilib cache-miss
2235 silly fetch manifest skin-tone@^2.0.0
2236 silly packumentCache full:https://registry.npmjs.org/skin-tone cache-miss
2237 silly fetch manifest has-flag@^4.0.0
2238 silly packumentCache full:https://registry.npmjs.org/has-flag cache-miss
2239 silly fetch manifest supports-color@^7.0.0
2240 silly packumentCache full:https://registry.npmjs.org/supports-color cache-miss
2241 http fetch GET 200 https://registry.npmjs.org/has-flag 244ms (cache revalidated)
2242 silly packumentCache full:https://registry.npmjs.org/has-flag set size:15180 disposed:false
2243 http fetch GET 200 https://registry.npmjs.org/mz 256ms (cache revalidated)
2244 silly packumentCache full:https://registry.npmjs.org/mz set size:42731 disposed:false
2245 http fetch GET 200 https://registry.npmjs.org/emojilib 253ms (cache revalidated)
2246 silly packumentCache full:https://registry.npmjs.org/emojilib set size:85905 disposed:false
2247 http fetch GET 200 https://registry.npmjs.org/parse5-htmlparser2-tree-adapter 261ms (cache revalidated)
2248 silly packumentCache full:https://registry.npmjs.org/parse5-htmlparser2-tree-adapter set size:24244 disposed:false
2249 http fetch GET 200 https://registry.npmjs.org/parse5 265ms (cache revalidated)
2250 silly packumentCache full:https://registry.npmjs.org/parse5 set size:123116 disposed:false
2251 http fetch GET 200 https://registry.npmjs.org/supports-color 261ms (cache revalidated)
2252 silly packumentCache full:https://registry.npmjs.org/supports-color set size:124169 disposed:false
2253 http fetch GET 200 https://registry.npmjs.org/char-regex 272ms (cache revalidated)
2254 silly packumentCache full:https://registry.npmjs.org/char-regex set size:20509 disposed:false
2255 http fetch GET 200 https://registry.npmjs.org/highlight.js 281ms (cache revalidated)
2256 silly packumentCache full:https://registry.npmjs.org/highlight.js set size:1244415 disposed:false
2257 http fetch GET 200 https://registry.npmjs.org/@sindresorhus%2fis 291ms (cache revalidated)
2258 silly packumentCache full:https://registry.npmjs.org/@sindresorhus%2fis set size:202184 disposed:false
2259 http fetch GET 200 https://registry.npmjs.org/skin-tone 294ms (cache revalidated)
2260 silly packumentCache full:https://registry.npmjs.org/skin-tone set size:16099 disposed:false
2261 http fetch GET 200 https://registry.npmjs.org/environment 312ms (cache revalidated)
2262 silly packumentCache full:https://registry.npmjs.org/environment set size:13915 disposed:false
2263 silly placeDep node_modules/firebase-tools environment@1.1.0 OK for: ansi-escapes@7.3.0 want: ^1.0.0
2264 silly placeDep node_modules/firebase-tools/node_modules/cli-highlight chalk@4.1.2 OK for: cli-highlight@2.1.11 want: ^4.0.0
2265 silly placeDep node_modules/firebase-tools highlight.js@10.7.3 OK for: cli-highlight@2.1.11 want: ^10.7.1
2266 silly placeDep node_modules/firebase-tools mz@2.7.0 OK for: cli-highlight@2.1.11 want: ^2.4.0
2267 silly placeDep node_modules/firebase-tools parse5@5.1.1 OK for: cli-highlight@2.1.11 want: ^5.1.1
2268 silly placeDep node_modules/firebase-tools parse5-htmlparser2-tree-adapter@6.0.1 OK for: cli-highlight@2.1.11 want: ^6.0.0
2269 silly placeDep node_modules/firebase-tools/node_modules/cli-highlight yargs@16.2.2 OK for: cli-highlight@2.1.11 want: ^16.0.0
2270 silly fetch manifest ansi-styles@^4.1.0
2271 silly packumentCache full:https://registry.npmjs.org/ansi-styles cache-hit
2272 silly fetch manifest supports-color@^7.1.0
2273 silly packumentCache full:https://registry.npmjs.org/supports-color cache-hit
2274 silly fetch manifest any-promise@^1.0.0
2275 silly packumentCache full:https://registry.npmjs.org/any-promise cache-miss
2276 silly fetch manifest thenify-all@^1.0.0
2277 silly packumentCache full:https://registry.npmjs.org/thenify-all cache-miss
2278 silly fetch manifest parse5@^6.0.1
2279 silly packumentCache full:https://registry.npmjs.org/parse5 cache-hit
2280 silly fetch manifest cliui@^7.0.2
2281 silly packumentCache full:https://registry.npmjs.org/cliui cache-hit
2282 silly fetch manifest yargs-parser@^20.2.2
2283 silly packumentCache full:https://registry.npmjs.org/yargs-parser cache-hit
2284 http fetch GET 200 https://registry.npmjs.org/thenify-all 98ms (cache revalidated)
2285 silly packumentCache full:https://registry.npmjs.org/thenify-all set size:18488 disposed:false
2286 http fetch GET 200 https://registry.npmjs.org/any-promise 104ms (cache revalidated)
2287 silly packumentCache full:https://registry.npmjs.org/any-promise set size:20233 disposed:false
2288 silly placeDep node_modules/firebase-tools mime-db@1.52.0 OK for: mime-types@2.1.35 want: 1.52.0
2289 silly placeDep node_modules/firebase-tools brace-expansion@1.1.18 OK for: minimatch@3.1.5 want: ^1.1.7
2290 silly fetch manifest concat-map@0.0.1
2291 silly packumentCache full:https://registry.npmjs.org/concat-map cache-miss
2292 silly fetch manifest balanced-match@^1.0.0
2293 silly packumentCache full:https://registry.npmjs.org/balanced-match cache-miss
2294 http fetch GET 200 https://registry.npmjs.org/balanced-match 111ms (cache revalidated)
2295 silly packumentCache full:https://registry.npmjs.org/balanced-match set size:39082 disposed:false
2296 http fetch GET 200 https://registry.npmjs.org/concat-map 118ms (cache revalidated)
2297 silly packumentCache full:https://registry.npmjs.org/concat-map set size:9290 disposed:false
2298 silly placeDep node_modules/firebase-tools balanced-match@1.0.2 OK for: brace-expansion@1.1.18 want: ^1.0.0
2299 silly placeDep node_modules/firebase-tools concat-map@0.0.1 OK for: brace-expansion@1.1.18 want: 0.0.1
2300 silly placeDep node_modules/firebase-tools basic-auth@2.0.1 OK for: morgan@1.11.0 want: ~2.0.1
2301 silly placeDep node_modules/firebase-tools on-headers@1.1.0 OK for: morgan@1.11.0 want: ~1.1.0
2302 silly fetch manifest safe-buffer@5.1.2
2303 silly packumentCache full:https://registry.npmjs.org/safe-buffer cache-hit
2304 silly placeDep node_modules/firebase-tools/node_modules/basic-auth safe-buffer@5.1.2 OK for: basic-auth@2.0.1 want: 5.1.2
2305 silly placeDep node_modules/firebase-tools any-promise@1.3.0 OK for: mz@2.7.0 want: ^1.0.0
2306 silly placeDep node_modules/firebase-tools thenify-all@1.6.0 OK for: mz@2.7.0 want: ^1.0.0
2307 silly fetch manifest thenify@>= 3.1.0 < 4
2308 silly packumentCache full:https://registry.npmjs.org/thenify cache-miss
2309 http fetch GET 200 https://registry.npmjs.org/thenify 115ms (cache revalidated)
2310 silly packumentCache full:https://registry.npmjs.org/thenify set size:21379 disposed:false
2311 silly placeDep node_modules/firebase-tools @sindresorhus/is@4.6.0 OK for: node-emoji@2.2.0 want: ^4.6.0
2312 silly placeDep node_modules/firebase-tools char-regex@1.0.2 OK for: node-emoji@2.2.0 want: ^1.0.2
2313 silly placeDep node_modules/firebase-tools emojilib@2.4.0 OK for: node-emoji@2.2.0 want: ^2.4.0
2314 silly placeDep node_modules/firebase-tools skin-tone@2.0.0 OK for: node-emoji@2.2.0 want: ^2.0.0
2315 silly fetch manifest unicode-emoji-modifier-base@^1.0.0
2316 silly packumentCache full:https://registry.npmjs.org/unicode-emoji-modifier-base cache-miss
2317 http fetch GET 200 https://registry.npmjs.org/unicode-emoji-modifier-base 87ms (cache revalidated)
2318 silly packumentCache full:https://registry.npmjs.org/unicode-emoji-modifier-base set size:4638 disposed:false
2319 silly placeDep node_modules/firebase-tools whatwg-url@5.0.0 OK for: node-fetch@2.7.0 want: ^5.0.0
2320 silly fetch manifest tr46@~0.0.3
2321 silly packumentCache full:https://registry.npmjs.org/tr46 cache-miss
2322 silly fetch manifest webidl-conversions@^3.0.0
2323 silly packumentCache full:https://registry.npmjs.org/webidl-conversions cache-miss
2324 http fetch GET 200 https://registry.npmjs.org/tr46 91ms (cache revalidated)
2325 silly packumentCache full:https://registry.npmjs.org/tr46 set size:47377 disposed:false
2326 http fetch GET 200 https://registry.npmjs.org/webidl-conversions 93ms (cache revalidated)
2327 silly packumentCache full:https://registry.npmjs.org/webidl-conversions set size:46073 disposed:false
2328 silly placeDep node_modules/firebase-tools ee-first@1.1.1 OK for: on-finished@2.4.1 want: 1.1.1
2329 silly placeDep node_modules/firebase-tools wrappy@1.0.2 OK for: once@1.4.0 want: 1
2330 silly placeDep node_modules/firebase-tools is-wsl@1.1.0 OK for: open@6.4.0 want: ^1.1.0
2331 silly placeDep node_modules/firebase-tools bl@4.1.0 OK for: ora@5.4.1 want: ^4.1.0
2332 silly placeDep node_modules/firebase-tools/node_modules/ora chalk@4.1.2 OK for: ora@5.4.1 want: ^4.1.0
2333 silly placeDep node_modules/firebase-tools cli-cursor@3.1.0 OK for: ora@5.4.1 want: ^3.1.0
2334 silly placeDep node_modules/firebase-tools cli-spinners@2.9.2 OK for: ora@5.4.1 want: ^2.5.0
2335 silly placeDep node_modules/firebase-tools is-interactive@1.0.0 OK for: ora@5.4.1 want: ^1.0.0
2336 silly placeDep node_modules/firebase-tools is-unicode-supported@0.1.0 OK for: ora@5.4.1 want: ^0.1.0
2337 silly placeDep node_modules/firebase-tools log-symbols@4.1.0 OK for: ora@5.4.1 want: ^4.1.0
2338 silly placeDep node_modules/firebase-tools/node_modules/ora strip-ansi@6.0.1 OK for: ora@5.4.1 want: ^6.0.0
2339 silly placeDep node_modules/firebase-tools wcwidth@1.0.1 OK for: ora@5.4.1 want: ^1.0.1
2340 silly fetch manifest buffer@^5.5.0
2341 silly packumentCache full:https://registry.npmjs.org/buffer cache-hit
2342 silly fetch manifest restore-cursor@^3.1.0
2343 silly packumentCache full:https://registry.npmjs.org/restore-cursor cache-miss
2344 silly fetch manifest defaults@^1.0.3
2345 silly packumentCache full:https://registry.npmjs.org/defaults cache-miss
2346 http fetch GET 200 https://registry.npmjs.org/restore-cursor 105ms (cache revalidated)
2347 silly packumentCache full:https://registry.npmjs.org/restore-cursor set size:17895 disposed:false
2348 http fetch GET 200 https://registry.npmjs.org/defaults 106ms (cache revalidated)
2349 silly packumentCache full:https://registry.npmjs.org/defaults set size:18134 disposed:false
2350 silly placeDep node_modules/firebase-tools buffer@5.7.1 OK for: bl@4.1.0 want: ^5.5.0
2351 silly placeDep node_modules/firebase-tools/node_modules/bl readable-stream@3.6.2 OK for: bl@4.1.0 want: ^3.4.0
2352 silly fetch manifest ieee754@^1.1.13
2353 silly packumentCache full:https://registry.npmjs.org/ieee754 cache-miss
2354 http fetch GET 200 https://registry.npmjs.org/ieee754 95ms (cache revalidated)
2355 silly packumentCache full:https://registry.npmjs.org/ieee754 set size:34910 disposed:false
2356 silly placeDep node_modules/firebase-tools ieee754@1.2.1 OK for: buffer@5.7.1 want: ^1.1.13
2357 silly placeDep node_modules/firebase-tools restore-cursor@3.1.0 OK for: cli-cursor@3.1.0 want: ^3.1.0
2358 silly fetch manifest onetime@^5.1.0
2359 silly packumentCache full:https://registry.npmjs.org/onetime cache-miss
2360 http fetch GET 200 https://registry.npmjs.org/onetime 91ms (cache revalidated)
2361 silly packumentCache full:https://registry.npmjs.org/onetime set size:32314 disposed:false
2362 silly placeDep node_modules/firebase-tools/node_modules/log-symbols chalk@4.1.2 OK for: log-symbols@4.1.0 want: ^4.1.0
2363 silly placeDep node_modules/firebase-tools/node_modules/parse5-htmlparser2-tree-adapter parse5@6.0.1 OK for: parse5-htmlparser2-tree-adapter@6.0.1 want: ^6.0.1
2364 silly placeDep node_modules/firebase-tools lru-cache@10.4.3 OK for: path-scurry@1.11.1 want: ^10.2.0
2365 silly fetch manifest pg@>=8.0
2366 silly packumentCache full:https://registry.npmjs.org/pg cache-hit
2367 silly placeDep node_modules/firebase-tools pg-cloudflare@1.4.0 OK for: pg@8.22.0 want: ^1.4.0
2368 silly placeDep node_modules/firebase-tools pg-connection-string@2.14.0 OK for: pg@8.22.0 want: ^2.14.0
2369 silly placeDep node_modules/firebase-tools pg-pool@3.14.0 OK for: pg@8.22.0 want: ^3.14.0
2370 silly placeDep node_modules/firebase-tools pg-protocol@1.15.0 OK for: pg@8.22.0 want: ^1.15.0
2371 silly placeDep node_modules/firebase-tools pg-types@2.2.0 OK for: pg@8.22.0 want: 2.2.0
2372 silly placeDep node_modules/firebase-tools pgpass@1.0.5 OK for: pg@8.22.0 want: 1.0.5
2373 silly fetch manifest pg-int8@1.0.1
2374 silly packumentCache full:https://registry.npmjs.org/pg-int8 cache-miss
2375 silly fetch manifest postgres-date@~1.0.4
2376 silly packumentCache full:https://registry.npmjs.org/postgres-date cache-miss
2377 silly fetch manifest postgres-array@~2.0.0
2378 silly packumentCache full:https://registry.npmjs.org/postgres-array cache-miss
2379 silly fetch manifest postgres-bytea@~1.0.0
2380 silly packumentCache full:https://registry.npmjs.org/postgres-bytea cache-miss
2381 silly fetch manifest postgres-interval@^1.1.0
2382 silly packumentCache full:https://registry.npmjs.org/postgres-interval cache-miss
2383 silly fetch manifest split2@^4.1.0
2384 silly packumentCache full:https://registry.npmjs.org/split2 cache-miss
2385 http fetch GET 200 https://registry.npmjs.org/split2 107ms (cache revalidated)
2386 silly packumentCache full:https://registry.npmjs.org/split2 set size:47438 disposed:false
2387 http fetch GET 200 https://registry.npmjs.org/postgres-array 112ms (cache revalidated)
2388 silly packumentCache full:https://registry.npmjs.org/postgres-array set size:21967 disposed:false
2389 http fetch GET 200 https://registry.npmjs.org/postgres-interval 117ms (cache revalidated)
2390 silly packumentCache full:https://registry.npmjs.org/postgres-interval set size:33033 disposed:false
2391 http fetch GET 200 https://registry.npmjs.org/postgres-date 123ms (cache revalidated)
2392 silly packumentCache full:https://registry.npmjs.org/postgres-date set size:27126 disposed:false
2393 http fetch GET 200 https://registry.npmjs.org/pg-int8 125ms (cache revalidated)
2394 silly packumentCache full:https://registry.npmjs.org/pg-int8 set size:3652 disposed:false
2395 http fetch GET 200 https://registry.npmjs.org/postgres-bytea 127ms (cache revalidated)
2396 silly packumentCache full:https://registry.npmjs.org/postgres-bytea set size:8854 disposed:false
2397 silly placeDep node_modules/firebase-tools pg-int8@1.0.1 OK for: pg-types@2.2.0 want: 1.0.1
2398 silly placeDep node_modules/firebase-tools postgres-array@2.0.0 OK for: pg-types@2.2.0 want: ~2.0.0
2399 silly placeDep node_modules/firebase-tools postgres-bytea@1.0.1 OK for: pg-types@2.2.0 want: ~1.0.0
2400 silly placeDep node_modules/firebase-tools postgres-date@1.0.7 OK for: pg-types@2.2.0 want: ~1.0.4
2401 silly placeDep node_modules/firebase-tools postgres-interval@1.2.0 OK for: pg-types@2.2.0 want: ^1.1.0
2402 silly fetch manifest xtend@^4.0.0
2403 silly packumentCache full:https://registry.npmjs.org/xtend cache-miss
2404 http fetch GET 200 https://registry.npmjs.org/xtend 213ms (cache revalidated)
2405 silly packumentCache full:https://registry.npmjs.org/xtend set size:28314 disposed:false
2406 silly placeDep node_modules/firebase-tools split2@4.2.0 OK for: pgpass@1.0.5 want: ^4.1.0
2407 silly placeDep node_modules/firebase-tools/node_modules/portfinder debug@4.4.3 OK for: portfinder@1.0.38 want: ^4.3.6
2408 silly placeDep node_modules/firebase-tools xtend@4.0.2 OK for: postgres-interval@1.2.0 want: ^4.0.0
2409 silly placeDep node_modules/firebase-tools @protobufjs/aspromise@1.1.2 OK for: protobufjs@7.6.5 want: ^1.1.2
2410 silly placeDep node_modules/firebase-tools @protobufjs/base64@1.1.2 OK for: protobufjs@7.6.5 want: ^1.1.2
2411 silly placeDep node_modules/firebase-tools @protobufjs/codegen@2.0.5 OK for: protobufjs@7.6.5 want: ^2.0.5
2412 silly placeDep node_modules/firebase-tools @protobufjs/eventemitter@1.1.1 OK for: protobufjs@7.6.5 want: ^1.1.1
2413 silly placeDep node_modules/firebase-tools @protobufjs/fetch@1.1.1 OK for: protobufjs@7.6.5 want: ^1.1.1
2414 silly placeDep node_modules/firebase-tools @protobufjs/float@1.0.2 OK for: protobufjs@7.6.5 want: ^1.0.2
2415 silly placeDep node_modules/firebase-tools @protobufjs/path@1.1.2 OK for: protobufjs@7.6.5 want: ^1.1.2
2416 silly placeDep node_modules/firebase-tools @protobufjs/pool@1.1.0 OK for: protobufjs@7.6.5 want: ^1.1.0
2417 silly placeDep node_modules/firebase-tools @protobufjs/utf8@1.1.2 OK for: protobufjs@7.6.5 want: ^1.1.1
2418 silly placeDep node_modules/firebase-tools @types/node@26.1.2 OK for: protobufjs@7.6.5 want: >=13.7.0
2419 silly fetch manifest undici-types@~8.3.0
2420 silly packumentCache full:https://registry.npmjs.org/undici-types cache-miss
2421 http fetch GET 200 https://registry.npmjs.org/undici-types 91ms (cache revalidated)
2422 silly packumentCache full:https://registry.npmjs.org/undici-types set size:250438 disposed:false
2423 silly placeDep node_modules/firebase-tools undici-types@8.3.0 OK for: @types/node@26.1.2 want: ~8.3.0
2424 silly placeDep node_modules/firebase-tools forwarded@0.2.0 OK for: proxy-addr@2.0.7 want: 0.2.0
2425 silly placeDep node_modules/firebase-tools ipaddr.js@1.9.1 OK for: proxy-addr@2.0.7 want: 1.9.1
2426 silly placeDep node_modules/firebase-tools/node_modules/proxy-agent debug@4.4.3 OK for: proxy-agent@6.5.0 want: ^4.3.4
2427 silly placeDep node_modules/firebase-tools http-proxy-agent@7.0.2 OK for: proxy-agent@6.5.0 want: ^7.0.1
2428 silly placeDep node_modules/firebase-tools/node_modules/proxy-agent lru-cache@7.18.3 OK for: proxy-agent@6.5.0 want: ^7.14.1
2429 silly placeDep node_modules/firebase-tools pac-proxy-agent@7.2.0 OK for: proxy-agent@6.5.0 want: ^7.1.0
2430 silly placeDep node_modules/firebase-tools proxy-from-env@1.1.0 OK for: proxy-agent@6.5.0 want: ^1.1.0
2431 silly placeDep node_modules/firebase-tools socks-proxy-agent@8.0.5 OK for: proxy-agent@6.5.0 want: ^8.0.5
2432 silly fetch manifest get-uri@^6.0.1
2433 silly packumentCache full:https://registry.npmjs.org/get-uri cache-miss
2434 silly fetch manifest pac-resolver@^7.0.1
2435 silly packumentCache full:https://registry.npmjs.org/pac-resolver cache-miss
2436 silly fetch manifest @tootallnate/quickjs-emscripten@^0.23.0
2437 silly packumentCache full:https://registry.npmjs.org/@tootallnate%2fquickjs-emscripten cache-miss
2438 silly fetch manifest socks@^2.8.3
2439 silly packumentCache full:https://registry.npmjs.org/socks cache-miss
2440 http fetch GET 200 https://registry.npmjs.org/socks 97ms (cache revalidated)
2441 silly packumentCache full:https://registry.npmjs.org/socks set size:173143 disposed:false
2442 http fetch GET 200 https://registry.npmjs.org/pac-resolver 107ms (cache revalidated)
2443 silly packumentCache full:https://registry.npmjs.org/pac-resolver set size:61269 disposed:false
2444 http fetch GET 200 https://registry.npmjs.org/get-uri 111ms (cache revalidated)
2445 silly packumentCache full:https://registry.npmjs.org/get-uri set size:64835 disposed:false
2446 http fetch GET 200 https://registry.npmjs.org/@tootallnate%2fquickjs-emscripten 124ms (cache revalidated)
2447 silly packumentCache full:https://registry.npmjs.org/@tootallnate%2fquickjs-emscripten set size:27622 disposed:false
2448 silly placeDep node_modules/firebase-tools/node_modules/http-proxy-agent debug@4.4.3 OK for: http-proxy-agent@7.0.2 want: ^4.3.4
2449 silly placeDep node_modules/firebase-tools @tootallnate/quickjs-emscripten@0.23.0 OK for: pac-proxy-agent@7.2.0 want: ^0.23.0
2450 silly placeDep node_modules/firebase-tools/node_modules/pac-proxy-agent debug@4.4.3 OK for: pac-proxy-agent@7.2.0 want: ^4.3.4
2451 silly placeDep node_modules/firebase-tools get-uri@6.0.5 OK for: pac-proxy-agent@7.2.0 want: ^6.0.1
2452 silly placeDep node_modules/firebase-tools pac-resolver@7.0.1 OK for: pac-proxy-agent@7.2.0 want: ^7.0.1
2453 silly fetch manifest basic-ftp@^5.0.2
2454 silly packumentCache full:https://registry.npmjs.org/basic-ftp cache-miss
2455 silly fetch manifest data-uri-to-buffer@^6.0.2
2456 silly packumentCache full:https://registry.npmjs.org/data-uri-to-buffer cache-hit
2457 silly fetch manifest netmask@^2.0.2
2458 silly packumentCache full:https://registry.npmjs.org/netmask cache-miss
2459 silly fetch manifest degenerator@^5.0.0
2460 silly packumentCache full:https://registry.npmjs.org/degenerator cache-miss
2461 http fetch GET 200 https://registry.npmjs.org/degenerator 113ms (cache revalidated)
2462 silly packumentCache full:https://registry.npmjs.org/degenerator set size:77133 disposed:false
2463 http fetch GET 200 https://registry.npmjs.org/basic-ftp 119ms (cache revalidated)
2464 silly packumentCache full:https://registry.npmjs.org/basic-ftp set size:305048 disposed:false
2465 http fetch GET 200 https://registry.npmjs.org/netmask 121ms (cache revalidated)
2466 silly packumentCache full:https://registry.npmjs.org/netmask set size:25703 disposed:false
2467 silly placeDep node_modules/firebase-tools basic-ftp@5.3.1 OK for: get-uri@6.0.5 want: ^5.0.2
2468 silly placeDep node_modules/firebase-tools data-uri-to-buffer@6.0.2 OK for: get-uri@6.0.5 want: ^6.0.2
2469 silly placeDep node_modules/firebase-tools/node_modules/get-uri debug@4.4.3 OK for: get-uri@6.0.5 want: ^4.3.4
2470 silly placeDep node_modules/firebase-tools degenerator@5.0.1 OK for: pac-resolver@7.0.1 want: ^5.0.0
2471 silly placeDep node_modules/firebase-tools netmask@2.1.1 OK for: pac-resolver@7.0.1 want: ^2.0.2
2472 silly fetch manifest esprima@^4.0.1
2473 silly packumentCache full:https://registry.npmjs.org/esprima cache-miss
2474 silly fetch manifest ast-types@^0.13.4
2475 silly packumentCache full:https://registry.npmjs.org/ast-types cache-miss
2476 silly fetch manifest escodegen@^2.1.0
2477 silly packumentCache full:https://registry.npmjs.org/escodegen cache-miss
2478 http fetch GET 200 https://registry.npmjs.org/esprima 128ms (cache revalidated)
2479 silly packumentCache full:https://registry.npmjs.org/esprima set size:118410 disposed:false
2480 http fetch GET 200 https://registry.npmjs.org/escodegen 135ms (cache revalidated)
2481 silly packumentCache full:https://registry.npmjs.org/escodegen set size:119723 disposed:false
2482 http fetch GET 200 https://registry.npmjs.org/ast-types 145ms (cache revalidated)
2483 silly packumentCache full:https://registry.npmjs.org/ast-types set size:443020 disposed:false
2484 silly placeDep node_modules/firebase-tools ast-types@0.13.4 OK for: degenerator@5.0.1 want: ^0.13.4
2485 silly placeDep node_modules/firebase-tools escodegen@2.1.0 OK for: degenerator@5.0.1 want: ^2.1.0
2486 silly placeDep node_modules/firebase-tools esprima@4.0.1 OK for: degenerator@5.0.1 want: ^4.0.1
2487 silly fetch manifest tslib@^2.0.1
2488 silly packumentCache full:https://registry.npmjs.org/tslib cache-miss
2489 silly fetch manifest estraverse@^5.2.0
2490 silly packumentCache full:https://registry.npmjs.org/estraverse cache-miss
2491 silly fetch manifest esutils@^2.0.2
2492 silly packumentCache full:https://registry.npmjs.org/esutils cache-miss
2493 silly fetch manifest source-map@~0.6.1
2494 silly packumentCache full:https://registry.npmjs.org/source-map cache-miss
2495 http fetch GET 200 https://registry.npmjs.org/estraverse 117ms (cache revalidated)
2496 silly packumentCache full:https://registry.npmjs.org/estraverse set size:62412 disposed:false
2497 http fetch GET 200 https://registry.npmjs.org/esutils 117ms (cache revalidated)
2498 silly packumentCache full:https://registry.npmjs.org/esutils set size:29522 disposed:false
2499 http fetch GET 200 https://registry.npmjs.org/source-map 117ms (cache revalidated)
2500 silly packumentCache full:https://registry.npmjs.org/source-map set size:231637 disposed:false
2501 http fetch GET 200 https://registry.npmjs.org/tslib 129ms (cache revalidated)
2502 silly packumentCache full:https://registry.npmjs.org/tslib set size:108843 disposed:false
2503 silly placeDep node_modules/firebase-tools tslib@2.8.1 OK for: ast-types@0.13.4 want: ^2.0.1
2504 silly placeDep node_modules/firebase-tools estraverse@5.3.0 OK for: escodegen@2.1.0 want: ^5.2.0
2505 silly placeDep node_modules/firebase-tools esutils@2.0.3 OK for: escodegen@2.1.0 want: ^2.0.2
2506 silly placeDep node_modules/firebase-tools source-map@0.6.1 OK for: escodegen@2.1.0 want: ~0.6.1
2507 silly placeDep node_modules/firebase-tools side-channel@1.1.1 OK for: qs@6.15.3 want: ^1.1.1
2508 silly fetch manifest object-inspect@^1.13.4
2509 silly packumentCache full:https://registry.npmjs.org/object-inspect cache-miss
2510 silly fetch manifest side-channel-list@^1.0.1
2511 silly packumentCache full:https://registry.npmjs.org/side-channel-list cache-miss
2512 silly fetch manifest side-channel-map@^1.0.1
2513 silly packumentCache full:https://registry.npmjs.org/side-channel-map cache-miss
2514 silly fetch manifest side-channel-weakmap@^1.0.2
2515 silly packumentCache full:https://registry.npmjs.org/side-channel-weakmap cache-miss
2516 http fetch GET 200 https://registry.npmjs.org/side-channel-map 96ms (cache revalidated)
2517 silly packumentCache full:https://registry.npmjs.org/side-channel-map set size:9126 disposed:false
2518 http fetch GET 200 https://registry.npmjs.org/side-channel-list 104ms (cache revalidated)
2519 silly packumentCache full:https://registry.npmjs.org/side-channel-list set size:9021 disposed:false
2520 http fetch GET 200 https://registry.npmjs.org/side-channel-weakmap 105ms (cache revalidated)
2521 silly packumentCache full:https://registry.npmjs.org/side-channel-weakmap set size:12620 disposed:false
2522 http fetch GET 200 https://registry.npmjs.org/object-inspect 111ms (cache revalidated)
2523 silly packumentCache full:https://registry.npmjs.org/object-inspect set size:101927 disposed:false
2524 silly placeDep node_modules/firebase-tools/node_modules/readable-stream buffer@6.0.3 OK for: readable-stream@4.7.0 want: ^6.0.3
2525 silly placeDep node_modules/firebase-tools events@3.3.0 OK for: readable-stream@4.7.0 want: ^3.3.0
2526 silly placeDep node_modules/firebase-tools process@0.11.10 OK for: readable-stream@4.7.0 want: ^0.11.10
2527 silly placeDep node_modules/firebase-tools string_decoder@1.3.0 OK for: readable-stream@4.7.0 want: ^1.3.0
2528 silly placeDep node_modules/firebase-tools/node_modules/readdir-glob minimatch@5.1.9 OK for: readdir-glob@1.1.3 want: ^5.1.0
2529 silly fetch manifest brace-expansion@^2.0.1
2530 silly packumentCache full:https://registry.npmjs.org/brace-expansion cache-hit
2531 silly placeDep node_modules/firebase-tools onetime@5.1.2 OK for: restore-cursor@3.1.0 want: ^5.1.0
2532 silly placeDep node_modules/firebase-tools/node_modules/restore-cursor signal-exit@3.0.7 OK for: restore-cursor@3.1.0 want: ^3.0.2
2533 silly fetch manifest mimic-fn@^2.1.0
2534 silly packumentCache full:https://registry.npmjs.org/mimic-fn cache-miss
2535 http fetch GET 200 https://registry.npmjs.org/mimic-fn 141ms (cache revalidated)
2536 silly packumentCache full:https://registry.npmjs.org/mimic-fn set size:22257 disposed:false
2537 silly placeDep node_modules/firebase-tools mimic-fn@2.1.0 OK for: onetime@5.1.2 want: ^2.1.0
2538 silly placeDep node_modules/firebase-tools teeny-request@10.1.4 OK for: retry-request@8.0.4 want: ^10.0.0
2539 silly fetch manifest stream-events@^1.0.5
2540 silly packumentCache full:https://registry.npmjs.org/stream-events cache-miss
2541 http fetch GET 200 https://registry.npmjs.org/stream-events 129ms (cache revalidated)
2542 silly packumentCache full:https://registry.npmjs.org/stream-events set size:12460 disposed:false
2543 silly placeDep node_modules/firebase-tools/node_modules/send mime@1.6.0 OK for: send@0.19.2 want: 1.6.0
2544 silly placeDep node_modules/firebase-tools/node_modules/send ms@2.1.3 OK for: send@0.19.2 want: 2.1.3
2545 silly placeDep node_modules/firebase-tools shebang-regex@3.0.0 OK for: shebang-command@2.0.0 want: ^3.0.0
2546 silly placeDep node_modules/firebase-tools object-inspect@1.13.4 OK for: side-channel@1.1.1 want: ^1.13.4
2547 silly placeDep node_modules/firebase-tools side-channel-list@1.0.1 OK for: side-channel@1.1.1 want: ^1.0.1
2548 silly placeDep node_modules/firebase-tools side-channel-map@1.0.1 OK for: side-channel@1.1.1 want: ^1.0.1
2549 silly placeDep node_modules/firebase-tools side-channel-weakmap@1.0.2 OK for: side-channel@1.1.1 want: ^1.0.2
2550 silly fetch manifest call-bound@^1.0.2
2551 silly packumentCache full:https://registry.npmjs.org/call-bound cache-miss
2552 silly fetch manifest call-bound@^1.0.2
2553 silly packumentCache full:https://registry.npmjs.org/call-bound cache-miss
2554 http fetch GET 200 https://registry.npmjs.org/call-bound 97ms (cache revalidated)
2555 silly packumentCache full:https://registry.npmjs.org/call-bound set size:15317 disposed:false
2556 http fetch GET 200 https://registry.npmjs.org/call-bound 141ms (cache revalidated)
2557 silly packumentCache full:https://registry.npmjs.org/call-bound set size:15317 disposed:false
2558 silly packumentCache full:https://registry.npmjs.org/call-bound dispose
2559 silly placeDep node_modules/firebase-tools call-bound@1.0.4 OK for: side-channel-map@1.0.1 want: ^1.0.2
2560 silly placeDep node_modules/firebase-tools unicode-emoji-modifier-base@1.0.0 OK for: skin-tone@2.0.0 want: ^1.0.0
2561 silly placeDep node_modules/firebase-tools/node_modules/socks-proxy-agent debug@4.4.3 OK for: socks-proxy-agent@8.0.5 want: ^4.3.4
2562 silly placeDep node_modules/firebase-tools socks@2.8.9 OK for: socks-proxy-agent@8.0.5 want: ^2.8.3
2563 silly fetch manifest smart-buffer@^4.2.0
2564 silly packumentCache full:https://registry.npmjs.org/smart-buffer cache-miss
2565 http fetch GET 200 https://registry.npmjs.org/smart-buffer 96ms (cache revalidated)
2566 silly packumentCache full:https://registry.npmjs.org/smart-buffer set size:87065 disposed:false
2567 silly placeDep node_modules/firebase-tools smart-buffer@4.2.0 OK for: socks@2.8.9 want: ^4.2.0
2568 silly placeDep node_modules/firebase-tools nearley@2.20.1 OK for: sql-formatter@15.8.2 want: ^2.20.1
2569 silly fetch manifest commander@^2.19.0
2570 silly packumentCache full:https://registry.npmjs.org/commander cache-hit
2571 silly fetch manifest moo@^0.5.0
2572 silly packumentCache full:https://registry.npmjs.org/moo cache-miss
2573 silly fetch manifest railroad-diagrams@^1.0.0
2574 silly packumentCache full:https://registry.npmjs.org/railroad-diagrams cache-miss
2575 silly fetch manifest randexp@0.4.6
2576 silly packumentCache full:https://registry.npmjs.org/randexp cache-miss
2577 http fetch GET 200 https://registry.npmjs.org/moo 135ms (cache revalidated)
2578 silly packumentCache full:https://registry.npmjs.org/moo set size:41090 disposed:false
2579 http fetch GET 200 https://registry.npmjs.org/railroad-diagrams 222ms (cache revalidated)
2580 silly packumentCache full:https://registry.npmjs.org/railroad-diagrams set size:8398 disposed:false
2581 http fetch GET 200 https://registry.npmjs.org/randexp 245ms (cache revalidated)
2582 silly packumentCache full:https://registry.npmjs.org/randexp set size:39459 disposed:false
2583 silly placeDep node_modules/firebase-tools/node_modules/nearley commander@2.20.3 OK for: nearley@2.20.1 want: ^2.19.0
2584 silly placeDep node_modules/firebase-tools moo@0.5.3 OK for: nearley@2.20.1 want: ^0.5.0
2585 silly placeDep node_modules/firebase-tools railroad-diagrams@1.0.0 OK for: nearley@2.20.1 want: ^1.0.0
2586 silly placeDep node_modules/firebase-tools randexp@0.4.6 OK for: nearley@2.20.1 want: 0.4.6
2587 silly fetch manifest discontinuous-range@1.0.0
2588 silly packumentCache full:https://registry.npmjs.org/discontinuous-range cache-miss
2589 silly fetch manifest ret@~0.1.10
2590 silly packumentCache full:https://registry.npmjs.org/ret cache-miss
2591 http fetch GET 200 https://registry.npmjs.org/ret 224ms (cache revalidated)
2592 silly packumentCache full:https://registry.npmjs.org/ret set size:59258 disposed:false
2593 http fetch GET 200 https://registry.npmjs.org/discontinuous-range 234ms (cache revalidated)
2594 silly packumentCache full:https://registry.npmjs.org/discontinuous-range set size:7648 disposed:false
2595 silly placeDep node_modules/firebase-tools discontinuous-range@1.0.0 OK for: randexp@0.4.6 want: 1.0.0
2596 silly placeDep node_modules/firebase-tools ret@0.1.15 OK for: randexp@0.4.6 want: ~0.1.10
2597 silly placeDep node_modules/firebase-tools emoji-regex@8.0.0 OK for: string-width@4.2.3 want: ^8.0.0
2598 silly placeDep node_modules/firebase-tools is-fullwidth-code-point@3.0.0 OK for: string-width@4.2.3 want: ^3.0.0
2599 silly placeDep node_modules/firebase-tools/node_modules/string-width strip-ansi@6.0.1 OK for: string-width@4.2.3 want: ^6.0.1
2600 silly placeDep node_modules/firebase-tools/node_modules/string-width-cjs strip-ansi@6.0.1 OK for: string-width@4.2.3 want: ^6.0.1
2601 silly placeDep node_modules/firebase-tools/node_modules/strip-ansi-cjs ansi-regex@5.0.1 OK for: strip-ansi@6.0.1 want: ^5.0.1
2602 silly placeDep node_modules/firebase-tools basic-auth-connect@1.1.0 OK for: superstatic@10.0.0 want: ^1.1.0
2603 silly placeDep node_modules/firebase-tools/node_modules/superstatic commander@10.0.1 OK for: superstatic@10.0.0 want: ^10.0.0
2604 silly placeDep node_modules/firebase-tools compression@1.8.1 OK for: superstatic@10.0.0 want: ^1.7.0
2605 silly placeDep node_modules/firebase-tools connect@3.7.0 OK for: superstatic@10.0.0 want: ^3.7.0
2606 silly placeDep node_modules/firebase-tools glob-slasher@1.0.1 OK for: superstatic@10.0.0 want: ^1.0.1
2607 silly placeDep node_modules/firebase-tools is-url@1.2.4 OK for: superstatic@10.0.0 want: ^1.2.2
2608 silly placeDep node_modules/firebase-tools join-path@1.1.1 OK for: superstatic@10.0.0 want: ^1.1.1
2609 silly placeDep node_modules/firebase-tools/node_modules/superstatic minimatch@6.2.3 OK for: superstatic@10.0.0 want: ^6.1.6
2610 silly placeDep node_modules/firebase-tools/node_modules/superstatic path-to-regexp@1.9.0 OK for: superstatic@10.0.0 want: ^1.9.0
2611 silly placeDep node_modules/firebase-tools re2@1.26.1 OK for: superstatic@10.0.0 want: ^1.17.7
2612 silly placeDep node_modules/firebase-tools router@2.2.0 OK for: superstatic@10.0.0 want: ^2.0.0
2613 silly fetch manifest tsscmp@^1.0.6
2614 silly packumentCache full:https://registry.npmjs.org/tsscmp cache-miss
2615 silly fetch manifest negotiator@~0.6.4
2616 silly packumentCache full:https://registry.npmjs.org/negotiator cache-hit
2617 silly fetch manifest compressible@~2.0.18
2618 silly packumentCache full:https://registry.npmjs.org/compressible cache-miss
2619 silly fetch manifest finalhandler@1.1.2
2620 silly packumentCache full:https://registry.npmjs.org/finalhandler cache-hit
2621 silly fetch manifest glob-slash@^1.0.0
2622 silly packumentCache full:https://registry.npmjs.org/glob-slash cache-miss
2623 silly fetch manifest lodash.isobject@^2.4.1
2624 silly packumentCache full:https://registry.npmjs.org/lodash.isobject cache-miss
2625 silly fetch manifest toxic@^1.0.0
2626 silly packumentCache full:https://registry.npmjs.org/toxic cache-miss
2627 silly fetch manifest as-array@^2.0.0
2628 silly packumentCache full:https://registry.npmjs.org/as-array cache-miss
2629 silly fetch manifest valid-url@^1
2630 silly packumentCache full:https://registry.npmjs.org/valid-url cache-miss
2631 silly fetch manifest url-join@0.0.1
2632 silly packumentCache full:https://registry.npmjs.org/url-join cache-miss
2633 silly fetch manifest isarray@0.0.1
2634 silly packumentCache full:https://registry.npmjs.org/isarray cache-hit
2635 silly fetch manifest install-artifact-from-github@^1.7.0
2636 silly packumentCache full:https://registry.npmjs.org/install-artifact-from-github cache-miss
2637 silly fetch manifest nan@^2.28.0
2638 silly packumentCache full:https://registry.npmjs.org/nan cache-miss
2639 silly fetch manifest node-gyp@^13.0.1
2640 silly packumentCache full:https://registry.npmjs.org/node-gyp cache-miss
2641 http fetch GET 200 https://registry.npmjs.org/compressible 144ms (cache revalidated)
2642 silly packumentCache full:https://registry.npmjs.org/compressible set size:61733 disposed:false
2643 silly fetch manifest is-promise@^4.0.0
2644 silly packumentCache full:https://registry.npmjs.org/is-promise cache-miss
2645 http fetch GET 200 https://registry.npmjs.org/valid-url 154ms (cache revalidated)
2646 silly packumentCache full:https://registry.npmjs.org/valid-url set size:40090 disposed:false
2647 silly fetch manifest path-to-regexp@^8.0.0
2648 silly packumentCache full:https://registry.npmjs.org/path-to-regexp cache-hit
2649 http fetch GET 200 https://registry.npmjs.org/nan 159ms (cache revalidated)
2650 silly packumentCache full:https://registry.npmjs.org/nan set size:245791 disposed:false
2651 http fetch GET 200 https://registry.npmjs.org/tsscmp 183ms (cache revalidated)
2652 silly packumentCache full:https://registry.npmjs.org/tsscmp set size:13313 disposed:false
2653 http fetch GET 200 https://registry.npmjs.org/url-join 194ms (cache revalidated)
2654 silly packumentCache full:https://registry.npmjs.org/url-join set size:22958 disposed:false
2655 http fetch GET 200 https://registry.npmjs.org/install-artifact-from-github 200ms (cache revalidated)
2656 silly packumentCache full:https://registry.npmjs.org/install-artifact-from-github set size:51277 disposed:false
2657 http fetch GET 200 https://registry.npmjs.org/as-array 254ms (cache revalidated)
2658 silly packumentCache full:https://registry.npmjs.org/as-array set size:7293 disposed:false
2659 http fetch GET 200 https://registry.npmjs.org/glob-slash 267ms (cache revalidated)
2660 silly packumentCache full:https://registry.npmjs.org/glob-slash set size:2455 disposed:false
2661 http fetch GET 200 https://registry.npmjs.org/node-gyp 264ms (cache revalidated)
2662 silly packumentCache full:https://registry.npmjs.org/node-gyp set size:325455 disposed:false
2663 http fetch GET 200 https://registry.npmjs.org/lodash.isobject 288ms (cache revalidated)
2664 silly packumentCache full:https://registry.npmjs.org/lodash.isobject set size:20426 disposed:false
2665 http fetch GET 200 https://registry.npmjs.org/toxic 300ms (cache revalidated)
2666 silly packumentCache full:https://registry.npmjs.org/toxic set size:5327 disposed:false
2667 http fetch GET 200 https://registry.npmjs.org/is-promise 197ms (cache revalidated)
2668 silly packumentCache full:https://registry.npmjs.org/is-promise set size:18599 disposed:false
2669 silly placeDep node_modules/firebase-tools tsscmp@1.0.6 OK for: basic-auth-connect@1.1.0 want: ^1.0.6
2670 silly placeDep node_modules/firebase-tools compressible@2.0.18 OK for: compression@1.8.1 want: ~2.0.18
2671 silly placeDep node_modules/firebase-tools/node_modules/compression negotiator@0.6.4 OK for: compression@1.8.1 want: ~0.6.4
2672 silly placeDep node_modules/firebase-tools/node_modules/connect finalhandler@1.1.2 OK for: connect@3.7.0 want: 1.1.2
2673 silly fetch manifest statuses@~1.5.0
2674 silly packumentCache full:https://registry.npmjs.org/statuses cache-hit
2675 silly fetch manifest encodeurl@~1.0.2
2676 silly packumentCache full:https://registry.npmjs.org/encodeurl cache-hit
2677 silly fetch manifest on-finished@~2.3.0
2678 silly packumentCache full:https://registry.npmjs.org/on-finished cache-hit
2679 silly placeDep node_modules/firebase-tools glob-slash@1.0.0 OK for: glob-slasher@1.0.1 want: ^1.0.0
2680 silly placeDep node_modules/firebase-tools lodash.isobject@2.4.1 OK for: glob-slasher@1.0.1 want: ^2.4.1
2681 silly placeDep node_modules/firebase-tools toxic@1.0.1 OK for: glob-slasher@1.0.1 want: ^1.0.0
2682 silly fetch manifest lodash._objecttypes@~2.4.1
2683 silly packumentCache full:https://registry.npmjs.org/lodash._objecttypes cache-miss
2684 http fetch GET 200 https://registry.npmjs.org/lodash._objecttypes 224ms (cache revalidated)
2685 silly packumentCache full:https://registry.npmjs.org/lodash._objecttypes set size:14259 disposed:false
2686 silly placeDep node_modules/firebase-tools as-array@2.0.0 OK for: join-path@1.1.1 want: ^2.0.0
2687 silly placeDep node_modules/firebase-tools url-join@0.0.1 OK for: join-path@1.1.1 want: 0.0.1
2688 silly placeDep node_modules/firebase-tools valid-url@1.0.9 OK for: join-path@1.1.1 want: ^1
2689 silly placeDep node_modules/firebase-tools lodash._objecttypes@2.4.1 OK for: lodash.isobject@2.4.1 want: ~2.4.1
2690 silly placeDep node_modules/firebase-tools install-artifact-from-github@1.7.0 OK for: re2@1.26.1 want: ^1.7.0
2691 silly placeDep node_modules/firebase-tools nan@2.28.0 OK for: re2@1.26.1 want: ^2.28.0
2692 silly placeDep node_modules/firebase-tools node-gyp@13.0.1 OK for: re2@1.26.1 want: ^13.0.1
2693 silly fetch manifest env-paths@^2.2.0
2694 silly packumentCache full:https://registry.npmjs.org/env-paths cache-miss
2695 silly fetch manifest exponential-backoff@^3.1.1
2696 silly packumentCache full:https://registry.npmjs.org/exponential-backoff cache-miss
2697 silly fetch manifest nopt@^10.0.0
2698 silly packumentCache full:https://registry.npmjs.org/nopt cache-miss
2699 silly fetch manifest proc-log@^7.0.0
2700 silly packumentCache full:https://registry.npmjs.org/proc-log cache-miss
2701 silly fetch manifest tinyglobby@^0.2.12
2702 silly packumentCache full:https://registry.npmjs.org/tinyglobby cache-miss
2703 silly fetch manifest undici@^8.4.1
2704 silly packumentCache full:https://registry.npmjs.org/undici cache-miss
2705 silly fetch manifest which@^7.0.0
2706 silly packumentCache full:https://registry.npmjs.org/which cache-hit
2707 http cache https://registry.npmjs.org/undici 57ms (cache hit)
2708 silly packumentCache full:https://registry.npmjs.org/undici set size:1531430 disposed:false
2709 http fetch GET 200 https://registry.npmjs.org/nopt 124ms (cache revalidated)
2710 silly packumentCache full:https://registry.npmjs.org/nopt set size:76679 disposed:false
2711 http fetch GET 200 https://registry.npmjs.org/exponential-backoff 133ms (cache revalidated)
2712 silly packumentCache full:https://registry.npmjs.org/exponential-backoff set size:55896 disposed:false
2713 http fetch GET 200 https://registry.npmjs.org/env-paths 139ms (cache revalidated)
2714 silly packumentCache full:https://registry.npmjs.org/env-paths set size:26913 disposed:false
2715 http fetch GET 200 https://registry.npmjs.org/tinyglobby 142ms (cache revalidated)
2716 silly packumentCache full:https://registry.npmjs.org/tinyglobby set size:54291 disposed:false
2717 http fetch GET 200 https://registry.npmjs.org/proc-log 402ms (cache revalidated)
2718 silly packumentCache full:https://registry.npmjs.org/proc-log set size:35796 disposed:false
2719 silly placeDep node_modules/firebase-tools env-paths@2.2.1 OK for: node-gyp@13.0.1 want: ^2.2.0
2720 silly placeDep node_modules/firebase-tools exponential-backoff@3.1.3 OK for: node-gyp@13.0.1 want: ^3.1.1
2721 silly placeDep node_modules/firebase-tools nopt@10.0.1 OK for: node-gyp@13.0.1 want: ^10.0.0
2722 silly placeDep node_modules/firebase-tools proc-log@7.0.0 OK for: node-gyp@13.0.1 want: ^7.0.0
2723 silly placeDep node_modules/firebase-tools tinyglobby@0.2.17 OK for: node-gyp@13.0.1 want: ^0.2.12
2724 silly placeDep node_modules/firebase-tools/node_modules/node-gyp undici@8.10.0 OK for: node-gyp@13.0.1 want: ^8.4.1
2725 silly placeDep node_modules/firebase-tools/node_modules/node-gyp which@7.0.0 OK for: node-gyp@13.0.1 want: ^7.0.0
2726 silly fetch manifest abbrev@^5.0.0
2727 silly packumentCache full:https://registry.npmjs.org/abbrev cache-miss
2728 silly fetch manifest fdir@^6.5.0
2729 silly packumentCache full:https://registry.npmjs.org/fdir cache-miss
2730 silly fetch manifest picomatch@^4.0.4
2731 silly packumentCache full:https://registry.npmjs.org/picomatch cache-hit
2732 silly fetch manifest isexe@^4.0.0
2733 silly packumentCache full:https://registry.npmjs.org/isexe cache-hit
2734 http fetch GET 200 https://registry.npmjs.org/abbrev 115ms (cache revalidated)
2735 silly packumentCache full:https://registry.npmjs.org/abbrev set size:24188 disposed:false
2736 http fetch GET 200 https://registry.npmjs.org/fdir 116ms (cache revalidated)
2737 silly packumentCache full:https://registry.npmjs.org/fdir set size:136182 disposed:false
2738 silly placeDep node_modules/firebase-tools abbrev@5.0.0 OK for: nopt@10.0.1 want: ^5.0.0
2739 silly placeDep node_modules/firebase-tools/node_modules/router debug@4.4.3 OK for: router@2.2.0 want: ^4.4.0
2740 silly placeDep node_modules/firebase-tools is-promise@4.0.0 OK for: router@2.2.0 want: ^4.0.0
2741 silly placeDep node_modules/firebase-tools/node_modules/router path-to-regexp@8.4.2 OK for: router@2.2.0 want: ^8.0.0
2742 silly placeDep node_modules/firebase-tools has-flag@4.0.0 OK for: supports-hyperlinks@3.2.0 want: ^4.0.0
2743 silly placeDep node_modules/firebase-tools supports-color@7.2.0 OK for: supports-hyperlinks@3.2.0 want: ^7.0.0
2744 silly placeDep node_modules/firebase-tools @isaacs/fs-minipass@4.0.1 OK for: tar@7.5.22 want: ^4.0.0
2745 silly placeDep node_modules/firebase-tools chownr@3.0.0 OK for: tar@7.5.22 want: ^3.0.0
2746 silly placeDep node_modules/firebase-tools minizlib@3.1.0 OK for: tar@7.5.22 want: ^3.1.0
2747 silly placeDep node_modules/firebase-tools yallist@5.0.0 OK for: tar@7.5.22 want: ^5.0.0
2748 silly fetch manifest react-native-b4a@*
2749 silly packumentCache full:https://registry.npmjs.org/react-native-b4a cache-miss
2750 http fetch GET 200 https://registry.npmjs.org/react-native-b4a 102ms (cache revalidated)
2751 silly packumentCache full:https://registry.npmjs.org/react-native-b4a set size:12027 disposed:false
2752 silly fetch manifest react@*
2753 silly packumentCache full:https://registry.npmjs.org/react cache-miss
2754 http fetch GET 200 https://registry.npmjs.org/react 125ms (cache revalidated)
2755 silly packumentCache full:https://registry.npmjs.org/react set size:6859098 disposed:false
2756 silly fetch manifest react-native@*
2757 silly packumentCache full:https://registry.npmjs.org/react-native cache-miss
2758 http fetch GET 200 https://registry.npmjs.org/react-native 173ms (cache revalidated)
2759 silly packumentCache full:https://registry.npmjs.org/react-native set size:15598608 disposed:false
2760 silly fetch manifest @react-native/jest-preset@0.86.2
2761 silly packumentCache full:https://registry.npmjs.org/@react-native%2fjest-preset cache-miss
2762 http fetch GET 200 https://registry.npmjs.org/@react-native%2fjest-preset 423ms (cache revalidated)
2763 silly packumentCache full:https://registry.npmjs.org/@react-native%2fjest-preset set size:319648 disposed:false
2764 silly fetch manifest @types/react@^19.1.1
2765 silly packumentCache full:https://registry.npmjs.org/@types%2freact cache-miss
2766 http fetch GET 200 https://registry.npmjs.org/@types%2freact 125ms (cache revalidated)
2767 silly packumentCache full:https://registry.npmjs.org/@types%2freact set size:2637439 disposed:false
2768 silly fetch manifest bare-buffer@*
2769 silly packumentCache full:https://registry.npmjs.org/bare-buffer cache-miss
2770 http fetch GET 200 https://registry.npmjs.org/bare-buffer 96ms (cache revalidated)
2771 silly packumentCache full:https://registry.npmjs.org/bare-buffer set size:96016 disposed:false
2772 silly placeDep node_modules/firebase-tools b4a@1.8.1 OK for: tar-stream@3.2.0 want: ^1.6.4
2773 silly placeDep node_modules/firebase-tools bare-fs@4.8.0 OK for: tar-stream@3.2.0 want: ^4.5.5
2774 silly placeDep node_modules/firebase-tools fast-fifo@1.3.2 OK for: tar-stream@3.2.0 want: ^1.2.0
2775 silly placeDep node_modules/firebase-tools streamx@2.28.0 OK for: tar-stream@3.2.0 want: ^2.15.0
2776 silly fetch manifest bare-url@^2.2.2
2777 silly packumentCache full:https://registry.npmjs.org/bare-url cache-miss
2778 silly fetch manifest bare-path@^3.0.0
2779 silly packumentCache full:https://registry.npmjs.org/bare-path cache-miss
2780 silly fetch manifest fast-fifo@^1.3.2
2781 silly packumentCache full:https://registry.npmjs.org/fast-fifo cache-hit
2782 silly fetch manifest bare-events@^2.5.4
2783 silly packumentCache full:https://registry.npmjs.org/bare-events cache-miss
2784 silly fetch manifest bare-stream@^2.6.4
2785 silly packumentCache full:https://registry.npmjs.org/bare-stream cache-miss
2786 silly fetch manifest events-universal@^1.0.0
2787 silly packumentCache full:https://registry.npmjs.org/events-universal cache-miss
2788 silly fetch manifest text-decoder@^1.1.0
2789 silly packumentCache full:https://registry.npmjs.org/text-decoder cache-miss
2790 http fetch GET 200 https://registry.npmjs.org/events-universal 118ms (cache revalidated)
2791 silly packumentCache full:https://registry.npmjs.org/events-universal set size:4251 disposed:false
2792 http fetch GET 200 https://registry.npmjs.org/bare-events 122ms (cache revalidated)
2793 silly packumentCache full:https://registry.npmjs.org/bare-events set size:51893 disposed:false
2794 http fetch GET 200 https://registry.npmjs.org/bare-url 127ms (cache revalidated)
2795 silly packumentCache full:https://registry.npmjs.org/bare-url set size:109241 disposed:false
2796 http fetch GET 200 https://registry.npmjs.org/bare-path 129ms (cache revalidated)
2797 silly packumentCache full:https://registry.npmjs.org/bare-path set size:23396 disposed:false
2798 http fetch GET 200 https://registry.npmjs.org/bare-stream 129ms (cache revalidated)
2799 silly packumentCache full:https://registry.npmjs.org/bare-stream set size:79215 disposed:false
2800 http fetch GET 200 https://registry.npmjs.org/text-decoder 139ms (cache revalidated)
2801 silly packumentCache full:https://registry.npmjs.org/text-decoder set size:22264 disposed:false
2802 silly fetch manifest bare-abort-controller@*
2803 silly packumentCache full:https://registry.npmjs.org/bare-abort-controller cache-miss
2804 http fetch GET 200 https://registry.npmjs.org/bare-abort-controller 87ms (cache revalidated)
2805 silly packumentCache full:https://registry.npmjs.org/bare-abort-controller set size:11265 disposed:false
2806 silly placeDep node_modules/firebase-tools bare-events@2.9.1 OK for: bare-fs@4.8.0 want: ^2.5.4
2807 silly placeDep node_modules/firebase-tools bare-path@3.1.1 OK for: bare-fs@4.8.0 want: ^3.0.0
2808 silly placeDep node_modules/firebase-tools bare-stream@2.13.3 OK for: bare-fs@4.8.0 want: ^2.6.4
2809 silly placeDep node_modules/firebase-tools bare-url@2.4.7 OK for: bare-fs@4.8.0 want: ^2.2.2
2810 silly fetch manifest teex@^1.0.1
2811 silly packumentCache full:https://registry.npmjs.org/teex cache-miss
2812 http fetch GET 200 https://registry.npmjs.org/teex 90ms (cache revalidated)
2813 silly packumentCache full:https://registry.npmjs.org/teex set size:5952 disposed:false
2814 silly placeDep node_modules/firebase-tools teex@1.0.1 OK for: bare-stream@2.13.3 want: ^1.0.1
2815 silly placeDep node_modules/firebase-tools events-universal@1.0.1 OK for: streamx@2.28.0 want: ^1.0.0
2816 silly placeDep node_modules/firebase-tools text-decoder@1.2.7 OK for: streamx@2.28.0 want: ^1.1.0
2817 silly placeDep node_modules/firebase-tools/node_modules/tcp-port-used debug@4.3.1 OK for: tcp-port-used@1.0.3 want: 4.3.1
2818 silly placeDep node_modules/firebase-tools is2@2.0.1 OK for: tcp-port-used@1.0.3 want: 2.0.1
2819 silly fetch manifest ms@2.1.2
2820 silly packumentCache full:https://registry.npmjs.org/ms cache-hit
2821 silly fetch manifest deep-is@^0.1.3
2822 silly packumentCache full:https://registry.npmjs.org/deep-is cache-miss
2823 silly fetch manifest ip-regex@^2.1.0
2824 silly packumentCache full:https://registry.npmjs.org/ip-regex cache-miss
2825 http fetch GET 200 https://registry.npmjs.org/deep-is 127ms (cache revalidated)
2826 silly packumentCache full:https://registry.npmjs.org/deep-is set size:10205 disposed:false
2827 http fetch GET 200 https://registry.npmjs.org/ip-regex 128ms (cache revalidated)
2828 silly packumentCache full:https://registry.npmjs.org/ip-regex set size:26433 disposed:false
2829 silly placeDep node_modules/firebase-tools deep-is@0.1.4 OK for: is2@2.0.1 want: ^0.1.3
2830 silly placeDep node_modules/firebase-tools ip-regex@2.1.0 OK for: is2@2.0.1 want: ^2.1.0
2831 silly placeDep node_modules/firebase-tools/node_modules/teeny-request node-fetch@3.3.2 OK for: teeny-request@10.1.4 want: ^3.3.2
2832 silly placeDep node_modules/firebase-tools stream-events@1.0.5 OK for: teeny-request@10.1.4 want: ^1.0.5
2833 silly fetch manifest stubs@^3.0.0
2834 silly packumentCache full:https://registry.npmjs.org/stubs cache-miss
2835 http fetch GET 200 https://registry.npmjs.org/stubs 96ms (cache revalidated)
2836 silly packumentCache full:https://registry.npmjs.org/stubs set size:9388 disposed:false
2837 silly placeDep node_modules/firebase-tools stubs@3.0.0 OK for: stream-events@1.0.5 want: ^3.0.0
2838 silly placeDep node_modules/firebase-tools thenify@3.3.1 OK for: thenify-all@1.6.0 want: >= 3.1.0 < 4
2839 silly placeDep node_modules/firebase-tools/node_modules/tinyglobby fdir@6.5.0 OK for: tinyglobby@0.2.17 want: ^6.5.0
2840 silly placeDep node_modules/firebase-tools/node_modules/tinyglobby picomatch@4.0.5 OK for: fdir@6.5.0 want: ^3 || ^4
2841 silly placeDep node_modules/firebase-tools is-number@7.0.0 OK for: to-regex-range@5.0.1 want: ^7.0.0
2842 silly placeDep node_modules/firebase-tools media-typer@0.3.0 OK for: type-is@1.6.18 want: 0.3.0
2843 silly placeDep node_modules/firebase-tools crypto-random-string@2.0.0 OK for: unique-string@2.0.0 want: ^2.0.0
2844 silly placeDep node_modules/firebase-tools/node_modules/universal-analytics debug@4.4.3 OK for: universal-analytics@0.5.4 want: ^4.3.1
2845 silly placeDep node_modules/firebase-tools/node_modules/universal-analytics uuid@14.0.1 OK for: universal-analytics@0.5.4 want: ^14.0.0
2846 silly placeDep node_modules/firebase-tools boxen@5.1.2 OK for: update-notifier-cjs@5.1.7 want: ^5.0.0
2847 silly placeDep node_modules/firebase-tools/node_modules/update-notifier-cjs chalk@4.1.2 OK for: update-notifier-cjs@5.1.7 want: ^4.1.0
2848 silly placeDep node_modules/firebase-tools has-yarn@2.1.0 OK for: update-notifier-cjs@5.1.7 want: ^2.1.0
2849 silly placeDep node_modules/firebase-tools import-lazy@2.1.0 OK for: update-notifier-cjs@5.1.7 want: ^2.1.0
2850 silly placeDep node_modules/firebase-tools is-ci@2.0.0 OK for: update-notifier-cjs@5.1.7 want: ^2.0.0
2851 silly placeDep node_modules/firebase-tools is-installed-globally@0.4.0 OK for: update-notifier-cjs@5.1.7 want: ^0.4.0
2852 silly placeDep node_modules/firebase-tools is-npm@5.0.0 OK for: update-notifier-cjs@5.1.7 want: ^5.0.0
2853 silly placeDep node_modules/firebase-tools is-yarn-global@0.3.0 OK for: update-notifier-cjs@5.1.7 want: ^0.3.0
2854 silly placeDep node_modules/firebase-tools isomorphic-fetch@3.0.0 OK for: update-notifier-cjs@5.1.7 want: ^3.0.0
2855 silly placeDep node_modules/firebase-tools pupa@2.1.1 OK for: update-notifier-cjs@5.1.7 want: ^2.1.1
2856 silly placeDep node_modules/firebase-tools registry-auth-token@5.1.1 OK for: update-notifier-cjs@5.1.7 want: ^5.0.1
2857 silly placeDep node_modules/firebase-tools registry-url@5.1.0 OK for: update-notifier-cjs@5.1.7 want: ^5.1.0
2858 silly placeDep node_modules/firebase-tools semver-diff@3.1.1 OK for: update-notifier-cjs@5.1.7 want: ^3.1.1
2859 silly fetch manifest camelcase@^6.2.0
2860 silly packumentCache full:https://registry.npmjs.org/camelcase cache-miss
2861 silly fetch manifest cli-boxes@^2.2.1
2862 silly packumentCache full:https://registry.npmjs.org/cli-boxes cache-miss
2863 silly fetch manifest type-fest@^0.20.2
2864 silly packumentCache full:https://registry.npmjs.org/type-fest cache-miss
2865 silly fetch manifest wrap-ansi@^7.0.0
2866 silly packumentCache full:https://registry.npmjs.org/wrap-ansi cache-hit
2867 silly fetch manifest ansi-align@^3.0.0
2868 silly packumentCache full:https://registry.npmjs.org/ansi-align cache-miss
2869 silly fetch manifest widest-line@^3.1.0
2870 silly packumentCache full:https://registry.npmjs.org/widest-line cache-miss
2871 silly fetch manifest ci-info@^2.0.0
2872 silly packumentCache full:https://registry.npmjs.org/ci-info cache-miss
2873 silly fetch manifest global-dirs@^3.0.0
2874 silly packumentCache full:https://registry.npmjs.org/global-dirs cache-miss
2875 silly fetch manifest is-path-inside@^3.0.2
2876 silly packumentCache full:https://registry.npmjs.org/is-path-inside cache-miss
2877 silly fetch manifest whatwg-fetch@^3.4.1
2878 silly packumentCache full:https://registry.npmjs.org/whatwg-fetch cache-miss
2879 silly fetch manifest escape-goat@^2.0.0
2880 silly packumentCache full:https://registry.npmjs.org/escape-goat cache-miss
2881 silly fetch manifest @pnpm/npm-conf@^3.0.2
2882 silly packumentCache full:https://registry.npmjs.org/@pnpm%2fnpm-conf cache-miss
2883 http fetch GET 200 https://registry.npmjs.org/is-path-inside 167ms (cache revalidated)
2884 silly packumentCache full:https://registry.npmjs.org/is-path-inside set size:23585 disposed:false
2885 silly fetch manifest rc@^1.2.8
2886 silly packumentCache full:https://registry.npmjs.org/rc cache-miss
2887 http fetch GET 200 https://registry.npmjs.org/ansi-align 181ms (cache revalidated)
2888 silly packumentCache full:https://registry.npmjs.org/ansi-align set size:13890 disposed:false
2889 silly fetch manifest semver@^6.3.0
2890 silly packumentCache full:https://registry.npmjs.org/semver cache-hit
2891 http fetch GET 200 https://registry.npmjs.org/widest-line 189ms (cache revalidated)
2892 silly packumentCache full:https://registry.npmjs.org/widest-line set size:23158 disposed:false
2893 http fetch GET 200 https://registry.npmjs.org/cli-boxes 198ms (cache revalidated)
2894 silly packumentCache full:https://registry.npmjs.org/cli-boxes set size:19853 disposed:false
2895 http fetch GET 200 https://registry.npmjs.org/type-fest 201ms (cache revalidated)
2896 silly packumentCache full:https://registry.npmjs.org/type-fest set size:566201 disposed:false
2897 http fetch GET 200 https://registry.npmjs.org/@pnpm%2fnpm-conf 188ms (cache revalidated)
2898 silly packumentCache full:https://registry.npmjs.org/@pnpm%2fnpm-conf set size:55081 disposed:false
2899 http fetch GET 200 https://registry.npmjs.org/global-dirs 261ms (cache revalidated)
2900 silly packumentCache full:https://registry.npmjs.org/global-dirs set size:24765 disposed:false
2901 http fetch GET 200 https://registry.npmjs.org/rc 129ms (cache revalidated)
2902 silly packumentCache full:https://registry.npmjs.org/rc set size:70417 disposed:false
2903 http fetch GET 200 https://registry.npmjs.org/escape-goat 459ms (cache revalidated)
2904 silly packumentCache full:https://registry.npmjs.org/escape-goat set size:24003 disposed:false
2905 http fetch GET 200 https://registry.npmjs.org/whatwg-fetch 465ms (cache revalidated)
2906 silly packumentCache full:https://registry.npmjs.org/whatwg-fetch set size:120970 disposed:false
2907 http fetch GET 200 https://registry.npmjs.org/camelcase 500ms (cache revalidated)
2908 silly packumentCache full:https://registry.npmjs.org/camelcase set size:60255 disposed:false
2909 http fetch GET 200 https://registry.npmjs.org/ci-info 495ms (cache revalidated)
2910 silly packumentCache full:https://registry.npmjs.org/ci-info set size:91363 disposed:false
2911 silly placeDep node_modules/firebase-tools ansi-align@3.0.1 OK for: boxen@5.1.2 want: ^3.0.0
2912 silly placeDep node_modules/firebase-tools camelcase@6.3.0 OK for: boxen@5.1.2 want: ^6.2.0
2913 silly placeDep node_modules/firebase-tools/node_modules/boxen chalk@4.1.2 OK for: boxen@5.1.2 want: ^4.1.0
2914 silly placeDep node_modules/firebase-tools cli-boxes@2.2.1 OK for: boxen@5.1.2 want: ^2.2.1
2915 silly placeDep node_modules/firebase-tools type-fest@0.20.2 OK for: boxen@5.1.2 want: ^0.20.2
2916 silly placeDep node_modules/firebase-tools widest-line@3.1.0 OK for: boxen@5.1.2 want: ^3.1.0
2917 silly placeDep node_modules/firebase-tools/node_modules/boxen wrap-ansi@7.0.0 OK for: boxen@5.1.2 want: ^7.0.0
2918 silly placeDep node_modules/firebase-tools ci-info@2.0.0 OK for: is-ci@2.0.0 want: ^2.0.0
2919 silly placeDep node_modules/firebase-tools global-dirs@3.0.1 OK for: is-installed-globally@0.4.0 want: ^3.0.0
2920 silly placeDep node_modules/firebase-tools is-path-inside@3.0.3 OK for: is-installed-globally@0.4.0 want: ^3.0.2
2921 silly fetch manifest ini@2.0.0
2922 silly packumentCache full:https://registry.npmjs.org/ini cache-miss
2923 http fetch GET 200 https://registry.npmjs.org/ini 409ms (cache revalidated)
2924 silly packumentCache full:https://registry.npmjs.org/ini set size:59124 disposed:false
2925 silly placeDep node_modules/firebase-tools ini@2.0.0 OK for: global-dirs@3.0.1 want: 2.0.0
2926 silly placeDep node_modules/firebase-tools whatwg-fetch@3.6.20 OK for: isomorphic-fetch@3.0.0 want: ^3.4.1
2927 silly placeDep node_modules/firebase-tools escape-goat@2.1.1 OK for: pupa@2.1.1 want: ^2.0.0
2928 silly placeDep node_modules/firebase-tools @pnpm/npm-conf@3.0.3 OK for: registry-auth-token@5.1.1 want: ^3.0.2
2929 silly fetch manifest @pnpm/config.env-replace@^1.1.0
2930 silly packumentCache full:https://registry.npmjs.org/@pnpm%2fconfig.env-replace cache-miss
2931 silly fetch manifest @pnpm/network.ca-file@^1.0.1
2932 silly packumentCache full:https://registry.npmjs.org/@pnpm%2fnetwork.ca-file cache-miss
2933 silly fetch manifest config-chain@^1.1.11
2934 silly packumentCache full:https://registry.npmjs.org/config-chain cache-miss
2935 http fetch GET 200 https://registry.npmjs.org/@pnpm%2fconfig.env-replace 118ms (cache revalidated)
2936 silly packumentCache full:https://registry.npmjs.org/@pnpm%2fconfig.env-replace set size:20011 disposed:false
2937 http fetch GET 200 https://registry.npmjs.org/@pnpm%2fnetwork.ca-file 206ms (cache revalidated)
2938 silly packumentCache full:https://registry.npmjs.org/@pnpm%2fnetwork.ca-file set size:22408 disposed:false
2939 http fetch GET 200 https://registry.npmjs.org/config-chain 496ms (cache revalidated)
2940 silly packumentCache full:https://registry.npmjs.org/config-chain set size:38691 disposed:false
2941 silly placeDep node_modules/firebase-tools @pnpm/config.env-replace@1.1.0 OK for: @pnpm/npm-conf@3.0.3 want: ^1.1.0
2942 silly placeDep node_modules/firebase-tools @pnpm/network.ca-file@1.0.2 OK for: @pnpm/npm-conf@3.0.3 want: ^1.0.1
2943 silly placeDep node_modules/firebase-tools config-chain@1.1.13 OK for: @pnpm/npm-conf@3.0.3 want: ^1.1.11
2944 silly fetch manifest graceful-fs@4.2.10
2945 silly packumentCache full:https://registry.npmjs.org/graceful-fs cache-hit
2946 silly fetch manifest proto-list@~1.2.1
2947 silly packumentCache full:https://registry.npmjs.org/proto-list cache-miss
2948 silly fetch manifest ini@^1.3.4
2949 silly packumentCache full:https://registry.npmjs.org/ini cache-hit
2950 http fetch GET 200 https://registry.npmjs.org/proto-list 103ms (cache revalidated)
2951 silly packumentCache full:https://registry.npmjs.org/proto-list set size:8764 disposed:false
2952 silly placeDep node_modules/firebase-tools/node_modules/@pnpm/network.ca-file graceful-fs@4.2.10 OK for: @pnpm/network.ca-file@1.0.2 want: 4.2.10
2953 silly placeDep node_modules/firebase-tools/node_modules/config-chain ini@1.3.8 OK for: config-chain@1.1.13 want: ^1.3.4
2954 silly placeDep node_modules/firebase-tools proto-list@1.2.4 OK for: config-chain@1.1.13 want: ~1.2.1
2955 silly placeDep node_modules/firebase-tools rc@1.2.8 OK for: registry-url@5.1.0 want: ^1.2.8
2956 silly fetch manifest ini@~1.3.0
2957 silly packumentCache full:https://registry.npmjs.org/ini cache-hit
2958 silly fetch manifest minimist@^1.2.0
2959 silly packumentCache full:https://registry.npmjs.org/minimist cache-miss
2960 silly fetch manifest deep-extend@^0.6.0
2961 silly packumentCache full:https://registry.npmjs.org/deep-extend cache-miss
2962 silly fetch manifest strip-json-comments@~2.0.1
2963 silly packumentCache full:https://registry.npmjs.org/strip-json-comments cache-miss
2964 http fetch GET 200 https://registry.npmjs.org/deep-extend 122ms (cache revalidated)
2965 silly packumentCache full:https://registry.npmjs.org/deep-extend set size:34472 disposed:false
2966 http fetch GET 200 https://registry.npmjs.org/strip-json-comments 124ms (cache revalidated)
2967 silly packumentCache full:https://registry.npmjs.org/strip-json-comments set size:43569 disposed:false
2968 http fetch GET 200 https://registry.npmjs.org/minimist 132ms (cache revalidated)
2969 silly packumentCache full:https://registry.npmjs.org/minimist set size:77063 disposed:false
2970 silly placeDep node_modules/firebase-tools deep-extend@0.6.0 OK for: rc@1.2.8 want: ^0.6.0
2971 silly placeDep node_modules/firebase-tools/node_modules/rc ini@1.3.8 OK for: rc@1.2.8 want: ~1.3.0
2972 silly placeDep node_modules/firebase-tools minimist@1.2.8 OK for: rc@1.2.8 want: ^1.2.0
2973 silly placeDep node_modules/firebase-tools strip-json-comments@2.0.1 OK for: rc@1.2.8 want: ~2.0.1
2974 silly placeDep node_modules/firebase-tools/node_modules/semver-diff semver@6.3.1 OK for: semver-diff@3.1.1 want: ^6.3.0
2975 silly placeDep node_modules/firebase-tools defaults@1.0.4 OK for: wcwidth@1.0.1 want: ^1.0.3
2976 silly fetch manifest clone@^1.0.2
2977 silly packumentCache full:https://registry.npmjs.org/clone cache-miss
2978 http fetch GET 200 https://registry.npmjs.org/clone 180ms (cache revalidated)
2979 silly packumentCache full:https://registry.npmjs.org/clone set size:82973 disposed:false
2980 silly placeDep node_modules/firebase-tools clone@1.0.4 OK for: defaults@1.0.4 want: ^1.0.2
2981 silly placeDep node_modules/firebase-tools tr46@0.0.3 OK for: whatwg-url@5.0.0 want: ~0.0.3
2982 silly placeDep node_modules/firebase-tools webidl-conversions@3.0.1 OK for: whatwg-url@5.0.0 want: ^3.0.0
2983 silly placeDep node_modules/firebase-tools isexe@2.0.0 OK for: which@2.0.2 want: ^2.0.0
2984 silly placeDep node_modules/firebase-tools/node_modules/winston @colors/colors@1.6.0 OK for: winston@3.19.0 want: ^1.6.0
2985 silly placeDep node_modules/firebase-tools @dabh/diagnostics@2.0.8 OK for: winston@3.19.0 want: ^2.0.8
2986 silly placeDep node_modules/firebase-tools logform@2.7.0 OK for: winston@3.19.0 want: ^2.7.0
2987 silly placeDep node_modules/firebase-tools one-time@1.0.0 OK for: winston@3.19.0 want: ^1.0.0
2988 silly placeDep node_modules/firebase-tools/node_modules/winston readable-stream@3.6.2 OK for: winston@3.19.0 want: ^3.4.0
2989 silly placeDep node_modules/firebase-tools safe-stable-stringify@2.5.0 OK for: winston@3.19.0 want: ^2.3.1
2990 silly placeDep node_modules/firebase-tools stack-trace@0.0.10 OK for: winston@3.19.0 want: 0.0.x
2991 silly fetch manifest @so-ric/colorspace@^1.1.6
2992 silly packumentCache full:https://registry.npmjs.org/@so-ric%2fcolorspace cache-miss
2993 silly fetch manifest enabled@2.0.x
2994 silly packumentCache full:https://registry.npmjs.org/enabled cache-miss
2995 silly fetch manifest kuler@^2.0.0
2996 silly packumentCache full:https://registry.npmjs.org/kuler cache-miss
2997 silly fetch manifest @colors/colors@1.6.0
2998 silly packumentCache full:https://registry.npmjs.org/@colors%2fcolors cache-hit
2999 silly fetch manifest @types/triple-beam@^1.3.2
3000 silly packumentCache full:https://registry.npmjs.org/@types%2ftriple-beam cache-miss
3001 silly fetch manifest fecha@^4.2.0
3002 silly packumentCache full:https://registry.npmjs.org/fecha cache-miss
3003 silly fetch manifest fn.name@1.x.x
3004 silly packumentCache full:https://registry.npmjs.org/fn.name cache-miss
3005 http fetch GET 200 https://registry.npmjs.org/kuler 135ms (cache revalidated)
3006 silly packumentCache full:https://registry.npmjs.org/kuler set size:10079 disposed:false
3007 http fetch GET 200 https://registry.npmjs.org/fecha 134ms (cache revalidated)
3008 silly packumentCache full:https://registry.npmjs.org/fecha set size:86768 disposed:false
3009 http fetch GET 200 https://registry.npmjs.org/fn.name 141ms (cache revalidated)
3010 silly packumentCache full:https://registry.npmjs.org/fn.name set size:7638 disposed:false
3011 http fetch GET 200 https://registry.npmjs.org/@types%2ftriple-beam 156ms (cache revalidated)
3012 silly packumentCache full:https://registry.npmjs.org/@types%2ftriple-beam set size:12646 disposed:false
3013 http fetch GET 200 https://registry.npmjs.org/@so-ric%2fcolorspace 182ms (cache revalidated)
3014 silly packumentCache full:https://registry.npmjs.org/@so-ric%2fcolorspace set size:7005 disposed:false
3015 http fetch GET 200 https://registry.npmjs.org/enabled 237ms (cache revalidated)
3016 silly packumentCache full:https://registry.npmjs.org/enabled set size:8263 disposed:false
3017 silly placeDep node_modules/firebase-tools @so-ric/colorspace@1.1.6 OK for: @dabh/diagnostics@2.0.8 want: ^1.1.6
3018 silly placeDep node_modules/firebase-tools enabled@2.0.0 OK for: @dabh/diagnostics@2.0.8 want: 2.0.x
3019 silly placeDep node_modules/firebase-tools kuler@2.0.0 OK for: @dabh/diagnostics@2.0.8 want: ^2.0.0
3020 silly fetch manifest color@^5.0.2
3021 silly packumentCache full:https://registry.npmjs.org/color cache-miss
3022 silly fetch manifest text-hex@1.0.x
3023 silly packumentCache full:https://registry.npmjs.org/text-hex cache-miss
3024 http fetch GET 200 https://registry.npmjs.org/color 198ms (cache revalidated)
3025 silly packumentCache full:https://registry.npmjs.org/color set size:98234 disposed:false
3026 http fetch GET 200 https://registry.npmjs.org/text-hex 215ms (cache revalidated)
3027 silly packumentCache full:https://registry.npmjs.org/text-hex set size:4528 disposed:false
3028 silly placeDep node_modules/firebase-tools color@5.0.3 OK for: @so-ric/colorspace@1.1.6 want: ^5.0.2
3029 silly placeDep node_modules/firebase-tools text-hex@1.0.0 OK for: @so-ric/colorspace@1.1.6 want: 1.0.x
3030 silly fetch manifest color-convert@^3.1.3
3031 silly packumentCache full:https://registry.npmjs.org/color-convert cache-miss
3032 silly fetch manifest color-string@^2.1.3
3033 silly packumentCache full:https://registry.npmjs.org/color-string cache-miss
3034 http fetch GET 200 https://registry.npmjs.org/color-convert 115ms (cache revalidated)
3035 silly packumentCache full:https://registry.npmjs.org/color-convert set size:72663 disposed:false
3036 http fetch GET 200 https://registry.npmjs.org/color-string 116ms (cache revalidated)
3037 silly packumentCache full:https://registry.npmjs.org/color-string set size:84418 disposed:false
3038 silly placeDep node_modules/firebase-tools color-convert@3.1.3 OK for: color@5.0.3 want: ^3.1.3
3039 silly placeDep node_modules/firebase-tools color-string@2.1.4 OK for: color@5.0.3 want: ^2.1.3
3040 silly fetch manifest color-name@^2.0.0
3041 silly packumentCache full:https://registry.npmjs.org/color-name cache-miss
3042 silly fetch manifest color-name@^2.0.0
3043 silly packumentCache full:https://registry.npmjs.org/color-name cache-miss
3044 http fetch GET 200 https://registry.npmjs.org/color-name 116ms (cache revalidated)
3045 silly packumentCache full:https://registry.npmjs.org/color-name set size:20968 disposed:false
3046 http fetch GET 200 https://registry.npmjs.org/color-name 117ms (cache revalidated)
3047 silly packumentCache full:https://registry.npmjs.org/color-name set size:20968 disposed:false
3048 silly packumentCache full:https://registry.npmjs.org/color-name dispose
3049 silly placeDep node_modules/firebase-tools color-name@2.1.1 OK for: color-convert@3.1.3 want: ^2.0.0
3050 silly placeDep node_modules/firebase-tools/node_modules/logform @colors/colors@1.6.0 OK for: logform@2.7.0 want: 1.6.0
3051 silly placeDep node_modules/firebase-tools @types/triple-beam@1.3.5 OK for: logform@2.7.0 want: ^1.3.2
3052 silly placeDep node_modules/firebase-tools fecha@4.2.3 OK for: logform@2.7.0 want: ^4.2.0
3053 silly placeDep node_modules/firebase-tools/node_modules/logform ms@2.1.3 OK for: logform@2.7.0 want: ^2.1.1
3054 silly placeDep node_modules/firebase-tools fn.name@1.1.0 OK for: one-time@1.0.0 want: 1.x.x
3055 silly placeDep node_modules/firebase-tools/node_modules/winston-transport readable-stream@3.6.2 OK for: winston-transport@4.9.0 want: ^3.6.2
3056 silly placeDep node_modules/firebase-tools ansi-styles@4.3.0 OK for: wrap-ansi@6.2.0 want: ^4.0.0
3057 silly placeDep node_modules/firebase-tools/node_modules/wrap-ansi strip-ansi@6.0.1 OK for: wrap-ansi@6.2.0 want: ^6.0.0
3058 silly fetch manifest color-convert@^2.0.1
3059 silly packumentCache full:https://registry.npmjs.org/color-convert cache-hit
3060 silly placeDep node_modules/firebase-tools/node_modules/ansi-styles color-convert@2.0.1 OK for: ansi-styles@4.3.0 want: ^2.0.1
3061 silly fetch manifest color-name@~1.1.4
3062 silly packumentCache full:https://registry.npmjs.org/color-name cache-hit
3063 silly placeDep node_modules/firebase-tools/node_modules/wrap-ansi-cjs strip-ansi@6.0.1 OK for: wrap-ansi@7.0.0 want: ^6.0.0
3064 silly placeDep node_modules/firebase-tools imurmurhash@0.1.4 OK for: write-file-atomic@3.0.3 want: ^0.1.4
3065 silly placeDep node_modules/firebase-tools is-typedarray@1.0.0 OK for: write-file-atomic@3.0.3 want: ^1.0.0
3066 silly placeDep node_modules/firebase-tools/node_modules/write-file-atomic signal-exit@3.0.7 OK for: write-file-atomic@3.0.3 want: ^3.0.2
3067 silly placeDep node_modules/firebase-tools typedarray-to-buffer@3.1.5 OK for: write-file-atomic@3.0.3 want: ^3.1.5
3068 silly placeDep node_modules/firebase-tools cliui@8.0.1 OK for: yargs@17.7.3 want: ^8.0.1
3069 silly placeDep node_modules/firebase-tools escalade@3.2.0 OK for: yargs@17.7.3 want: ^3.1.1
3070 silly placeDep node_modules/firebase-tools get-caller-file@2.0.5 OK for: yargs@17.7.3 want: ^2.0.5
3071 silly placeDep node_modules/firebase-tools require-directory@2.1.1 OK for: yargs@17.7.3 want: ^2.1.1
3072 silly placeDep node_modules/firebase-tools y18n@5.0.8 OK for: yargs@17.7.3 want: ^5.0.5
3073 silly placeDep node_modules/firebase-tools yargs-parser@21.1.1 OK for: yargs@17.7.3 want: ^21.1.1
3074 silly placeDep node_modules/firebase-tools/node_modules/cliui strip-ansi@6.0.1 OK for: cliui@8.0.1 want: ^6.0.1
3075 silly placeDep node_modules/firebase-tools/node_modules/cliui wrap-ansi@7.0.0 OK for: cliui@8.0.1 want: ^7.0.0
3076 silly placeDep node_modules/firebase-tools compress-commons@6.0.2 OK for: zip-stream@6.0.1 want: ^6.0.2
3077 silly fetch manifest crc-32@^1.2.0
3078 silly packumentCache full:https://registry.npmjs.org/crc-32 cache-miss
3079 silly fetch manifest crc32-stream@^6.0.0
3080 silly packumentCache full:https://registry.npmjs.org/crc32-stream cache-miss
3081 http fetch GET 200 https://registry.npmjs.org/crc-32 119ms (cache revalidated)
3082 silly packumentCache full:https://registry.npmjs.org/crc-32 set size:32170 disposed:false
3083 http fetch GET 200 https://registry.npmjs.org/crc32-stream 121ms (cache revalidated)
3084 silly packumentCache full:https://registry.npmjs.org/crc32-stream set size:49384 disposed:false
3085 silly placeDep node_modules/firebase-tools crc-32@1.2.2 OK for: compress-commons@6.0.2 want: ^1.2.0
3086 silly placeDep node_modules/firebase-tools crc32-stream@6.0.0 OK for: compress-commons@6.0.2 want: ^6.0.0
3087 silly placeDep node_modules/firebase-tools/node_modules/@google-cloud/cloud-sql-connector node-fetch@3.3.2 OK for: gaxios@7.3.0 want: ^3.3.2
3088 silly placeDep node_modules/firebase-tools/node_modules/@google-cloud/cloud-sql-connector gcp-metadata@8.1.2 OK for: google-auth-library@10.9.1 want: 8.1.2
3089 silly placeDep node_modules/firebase-tools/node_modules/@google-cloud/cloud-sql-connector google-logging-utils@1.1.3 OK for: google-auth-library@10.9.1 want: 1.1.3
3090 silly placeDep node_modules/firebase-tools/node_modules/@google-cloud/cloud-sql-connector data-uri-to-buffer@4.0.1 OK for: node-fetch@3.3.2 want: ^4.0.0
3091 silly placeDep node_modules/firebase-tools fetch-blob@3.2.0 OK for: node-fetch@3.3.2 want: ^3.1.4
3092 silly placeDep node_modules/firebase-tools formdata-polyfill@4.0.10 OK for: node-fetch@3.3.2 want: ^4.0.10
3093 silly fetch manifest node-domexception@^1.0.0
3094 silly packumentCache full:https://registry.npmjs.org/node-domexception cache-miss
3095 silly fetch manifest web-streams-polyfill@^3.0.3
3096 silly packumentCache full:https://registry.npmjs.org/web-streams-polyfill cache-miss
3097 http fetch GET 200 https://registry.npmjs.org/web-streams-polyfill 118ms (cache revalidated)
3098 silly packumentCache full:https://registry.npmjs.org/web-streams-polyfill set size:140806 disposed:false
3099 http fetch GET 200 https://registry.npmjs.org/node-domexception 189ms (cache revalidated)
3100 silly packumentCache full:https://registry.npmjs.org/node-domexception set size:11516 disposed:false
3101 silly placeDep node_modules/firebase-tools node-domexception@1.0.0 OK for: fetch-blob@3.2.0 want: ^1.0.0
3102 silly placeDep node_modules/firebase-tools web-streams-polyfill@3.3.3 OK for: fetch-blob@3.2.0 want: ^3.0.3
3103 silly placeDep node_modules/firebase-tools/node_modules/@google-cloud/pubsub gaxios@7.3.0 OK for: google-auth-library@10.9.1 want: ^7.1.4
3104 silly placeDep node_modules/firebase-tools/node_modules/@google-cloud/pubsub gcp-metadata@8.1.2 OK for: google-auth-library@10.9.1 want: 8.1.2
3105 silly placeDep node_modules/firebase-tools/node_modules/@google-cloud/pubsub google-logging-utils@1.1.3 OK for: google-auth-library@10.9.1 want: 1.1.3
3106 silly placeDep node_modules/firebase-tools/node_modules/@google-cloud/pubsub node-fetch@3.3.2 OK for: gaxios@7.3.0 want: ^3.3.2
3107 silly placeDep node_modules/firebase-tools/node_modules/@google-cloud/pubsub data-uri-to-buffer@4.0.1 OK for: node-fetch@3.3.2 want: ^4.0.0
3108 silly placeDep node_modules/firebase-tools eastasianwidth@0.2.0 OK for: string-width@5.1.2 want: ^0.2.0
3109 silly placeDep node_modules/firebase-tools/node_modules/@isaacs/cliui emoji-regex@9.2.2 OK for: string-width@5.1.2 want: ^9.2.2
3110 silly placeDep node_modules/firebase-tools/node_modules/@isaacs/cliui ansi-styles@6.2.3 OK for: wrap-ansi@8.1.0 want: ^6.1.0
3111 silly placeDep node_modules/firebase-tools/node_modules/@modelcontextprotocol/sdk accepts@2.0.0 OK for: express@5.2.1 want: ^2.0.0
3112 silly placeDep node_modules/firebase-tools/node_modules/@modelcontextprotocol/sdk body-parser@2.3.0 OK for: express@5.2.1 want: ^2.2.1
3113 silly placeDep node_modules/firebase-tools/node_modules/@modelcontextprotocol/sdk content-disposition@1.1.0 OK for: express@5.2.1 want: ^1.0.0
3114 silly placeDep node_modules/firebase-tools/node_modules/@modelcontextprotocol/sdk cookie-signature@1.2.2 OK for: express@5.2.1 want: ^1.2.1
3115 silly placeDep node_modules/firebase-tools/node_modules/@modelcontextprotocol/sdk debug@4.4.3 OK for: express@5.2.1 want: ^4.4.0
3116 silly placeDep node_modules/firebase-tools/node_modules/@modelcontextprotocol/sdk finalhandler@2.1.1 OK for: express@5.2.1 want: ^2.1.0
3117 silly placeDep node_modules/firebase-tools/node_modules/@modelcontextprotocol/sdk fresh@2.0.0 OK for: express@5.2.1 want: ^2.0.0
3118 silly placeDep node_modules/firebase-tools/node_modules/@modelcontextprotocol/sdk merge-descriptors@2.0.0 OK for: express@5.2.1 want: ^2.0.0
3119 silly placeDep node_modules/firebase-tools/node_modules/@modelcontextprotocol/sdk mime-types@3.0.2 OK for: express@5.2.1 want: ^3.0.0
3120 silly placeDep node_modules/firebase-tools/node_modules/@modelcontextprotocol/sdk send@1.2.1 OK for: express@5.2.1 want: ^1.1.0
3121 silly placeDep node_modules/firebase-tools/node_modules/@modelcontextprotocol/sdk serve-static@2.2.1 OK for: express@5.2.1 want: ^2.2.0
3122 silly placeDep node_modules/firebase-tools/node_modules/@modelcontextprotocol/sdk type-is@2.1.0 OK for: express@5.2.1 want: ^2.0.1
3123 silly fetch manifest negotiator@^1.0.0
3124 silly packumentCache full:https://registry.npmjs.org/negotiator cache-hit
3125 silly fetch manifest type-is@^2.1.0
3126 silly packumentCache full:https://registry.npmjs.org/type-is cache-hit
3127 silly fetch manifest content-type@^2.0.0
3128 silly packumentCache full:https://registry.npmjs.org/content-type cache-hit
3129 silly fetch manifest mime-db@^1.54.0
3130 silly packumentCache full:https://registry.npmjs.org/mime-db cache-hit
3131 silly fetch manifest content-type@^2.0.0
3132 silly packumentCache full:https://registry.npmjs.org/content-type cache-hit
3133 silly fetch manifest media-typer@^1.1.0
3134 silly packumentCache full:https://registry.npmjs.org/media-typer cache-hit
3135 silly placeDep node_modules/firebase-tools/node_modules/@modelcontextprotocol/sdk negotiator@1.0.0 OK for: accepts@2.0.0 want: ^1.0.0
3136 silly placeDep node_modules/firebase-tools/node_modules/@modelcontextprotocol/sdk/node_modules/body-parser content-type@2.0.0 OK for: body-parser@2.3.0 want: ^2.0.0
3137 silly placeDep node_modules/firebase-tools/node_modules/@modelcontextprotocol/sdk ms@2.1.3 OK for: debug@4.4.3 want: ^2.1.3
3138 silly placeDep node_modules/firebase-tools/node_modules/@modelcontextprotocol/sdk mime-db@1.54.0 OK for: mime-types@3.0.2 want: ^1.54.0
3139 silly placeDep node_modules/firebase-tools/node_modules/@modelcontextprotocol/sdk/node_modules/type-is content-type@2.0.0 OK for: type-is@2.1.0 want: ^2.0.0
3140 silly placeDep node_modules/firebase-tools/node_modules/@modelcontextprotocol/sdk media-typer@1.1.1 OK for: type-is@2.1.0 want: ^1.1.0
3141 silly placeDep node_modules/firebase-tools/node_modules/ansi-styles color-name@1.1.4 OK for: color-convert@2.0.1 want: ~1.1.4
3142 silly placeDep node_modules/firebase-tools util-deprecate@1.0.2 OK for: readable-stream@3.6.2 want: ^1.0.1
3143 silly placeDep node_modules/firebase-tools/node_modules/boxen strip-ansi@6.0.1 OK for: wrap-ansi@7.0.0 want: ^6.0.0
3144 silly placeDep node_modules/firebase-tools/node_modules/boxen ansi-regex@5.0.1 OK for: strip-ansi@6.0.1 want: ^5.0.1
3145 silly placeDep node_modules/firebase-tools/node_modules/cli-highlight cliui@7.0.4 OK for: yargs@16.2.2 want: ^7.0.2
3146 silly placeDep node_modules/firebase-tools/node_modules/cli-highlight yargs-parser@20.2.9 OK for: yargs@16.2.2 want: ^20.2.2
3147 silly placeDep node_modules/firebase-tools/node_modules/cli-highlight strip-ansi@6.0.1 OK for: cliui@7.0.4 want: ^6.0.0
3148 silly placeDep node_modules/firebase-tools/node_modules/cli-highlight wrap-ansi@7.0.0 OK for: cliui@7.0.4 want: ^7.0.0
3149 silly placeDep node_modules/firebase-tools/node_modules/cli-highlight ansi-regex@5.0.1 OK for: strip-ansi@6.0.1 want: ^5.0.1
3150 silly placeDep node_modules/firebase-tools/node_modules/cliui ansi-regex@5.0.1 OK for: strip-ansi@6.0.1 want: ^5.0.1
3151 silly placeDep node_modules/firebase-tools/node_modules/connect encodeurl@1.0.2 OK for: finalhandler@1.1.2 want: ~1.0.2
3152 silly placeDep node_modules/firebase-tools/node_modules/connect on-finished@2.3.0 OK for: finalhandler@1.1.2 want: ~2.3.0
3153 silly placeDep node_modules/firebase-tools/node_modules/connect statuses@1.5.0 OK for: finalhandler@1.1.2 want: ~1.5.0
3154 silly placeDep node_modules/firebase-tools/node_modules/exegesis iconv-lite@0.4.24 OK for: raw-body@2.5.3 want: ~0.4.24
3155 silly placeDep node_modules/firebase-tools/node_modules/express-rate-limit ms@2.1.3 OK for: debug@4.4.3 want: ^2.1.3
3156 silly placeDep node_modules/firebase-tools/node_modules/get-uri ms@2.1.3 OK for: debug@4.4.3 want: ^2.1.3
3157 silly placeDep node_modules/firebase-tools/node_modules/glob brace-expansion@2.1.4 OK for: minimatch@9.0.9 want: ^2.0.2
3158 silly placeDep node_modules/firebase-tools/node_modules/google-gax gaxios@7.3.0 OK for: google-auth-library@10.5.0 want: ^7.0.0
3159 silly placeDep node_modules/firebase-tools/node_modules/google-gax gcp-metadata@8.1.4 OK for: google-auth-library@10.5.0 want: ^8.0.0
3160 silly placeDep node_modules/firebase-tools/node_modules/google-gax gtoken@8.0.0 OK for: google-auth-library@10.5.0 want: ^8.0.0
3161 silly placeDep node_modules/firebase-tools/node_modules/google-gax/node_modules/gcp-metadata gaxios@7.1.3 OK for: gcp-metadata@8.1.4 want: 7.1.3
3162 silly placeDep node_modules/firebase-tools/node_modules/google-gax data-uri-to-buffer@4.0.1 OK for: node-fetch@3.3.2 want: ^4.0.0
3163 silly placeDep node_modules/firebase-tools/node_modules/googleapis-common node-fetch@3.3.2 OK for: gaxios@7.1.3 want: ^3.3.2
3164 silly placeDep node_modules/firebase-tools/node_modules/googleapis-common gcp-metadata@8.1.4 OK for: google-auth-library@10.5.0 want: ^8.0.0
3165 silly placeDep node_modules/firebase-tools/node_modules/googleapis-common gtoken@8.0.0 OK for: google-auth-library@10.5.0 want: ^8.0.0
3166 silly placeDep node_modules/firebase-tools/node_modules/googleapis-common data-uri-to-buffer@4.0.1 OK for: node-fetch@3.3.2 want: ^4.0.0
3167 silly placeDep node_modules/firebase-tools/node_modules/http-proxy-agent ms@2.1.3 OK for: debug@4.4.3 want: ^2.1.3
3168 silly placeDep node_modules/firebase-tools/node_modules/https-proxy-agent ms@2.1.3 OK for: debug@4.4.3 want: ^2.1.3
3169 silly placeDep node_modules/firebase-tools core-util-is@1.0.3 OK for: readable-stream@2.3.8 want: ~1.0.0
3170 silly placeDep node_modules/firebase-tools isarray@1.0.0 OK for: readable-stream@2.3.8 want: ~1.0.0
3171 silly placeDep node_modules/firebase-tools process-nextick-args@2.0.1 OK for: readable-stream@2.3.8 want: ~2.0.0
3172 silly placeDep node_modules/firebase-tools/node_modules/lazystream safe-buffer@5.1.2 OK for: readable-stream@2.3.8 want: ~5.1.1
3173 silly placeDep node_modules/firebase-tools/node_modules/lazystream string_decoder@1.1.1 OK for: readable-stream@2.3.8 want: ~1.1.1
3174 silly placeDep node_modules/firebase-tools/node_modules/node-gyp isexe@4.0.0 OK for: which@7.0.0 want: ^4.0.0
3175 silly placeDep node_modules/firebase-tools/node_modules/ora ansi-regex@5.0.1 OK for: strip-ansi@6.0.1 want: ^5.0.1
3176 silly placeDep node_modules/firebase-tools/node_modules/pac-proxy-agent ms@2.1.3 OK for: debug@4.4.3 want: ^2.1.3
3177 silly placeDep node_modules/firebase-tools/node_modules/portfinder ms@2.1.3 OK for: debug@4.4.3 want: ^2.1.3
3178 silly placeDep node_modules/firebase-tools/node_modules/proxy-agent ms@2.1.3 OK for: debug@4.4.3 want: ^2.1.3
3179 silly placeDep node_modules/firebase-tools/node_modules/readdir-glob brace-expansion@2.1.4 OK for: minimatch@5.1.9 want: ^2.0.1
3180 silly placeDep node_modules/firebase-tools/node_modules/router ms@2.1.3 OK for: debug@4.4.3 want: ^2.1.3
3181 silly placeDep node_modules/firebase-tools/node_modules/socks-proxy-agent ms@2.1.3 OK for: debug@4.4.3 want: ^2.1.3
3182 silly placeDep node_modules/firebase-tools/node_modules/string-width-cjs ansi-regex@5.0.1 OK for: strip-ansi@6.0.1 want: ^5.0.1
3183 silly placeDep node_modules/firebase-tools/node_modules/string-width ansi-regex@5.0.1 OK for: strip-ansi@6.0.1 want: ^5.0.1
3184 silly placeDep node_modules/firebase-tools/node_modules/superstatic brace-expansion@2.1.4 OK for: minimatch@6.2.3 want: ^2.0.1
3185 silly placeDep node_modules/firebase-tools/node_modules/superstatic isarray@0.0.1 OK for: path-to-regexp@1.9.0 want: 0.0.1
3186 silly placeDep node_modules/firebase-tools/node_modules/tcp-port-used ms@2.1.2 OK for: debug@4.3.1 want: 2.1.2
3187 silly placeDep node_modules/firebase-tools/node_modules/teeny-request data-uri-to-buffer@4.0.1 OK for: node-fetch@3.3.2 want: ^4.0.0
3188 silly placeDep node_modules/firebase-tools/node_modules/universal-analytics ms@2.1.3 OK for: debug@4.4.3 want: ^2.1.3
3189 silly placeDep node_modules/firebase-tools/node_modules/wrap-ansi-cjs ansi-regex@5.0.1 OK for: strip-ansi@6.0.1 want: ^5.0.1
3190 silly placeDep node_modules/firebase-tools/node_modules/wrap-ansi ansi-regex@5.0.1 OK for: strip-ansi@6.0.1 want: ^5.0.1
3191 silly reify moves {}
3192 verbose reify failed optional dependency /usr/local/lib/node_modules/firebase-tools/node_modules/fsevents
3193 silly reify mark deleted [ '/usr/local/lib/node_modules/firebase-tools/node_modules/fsevents' ]
3194 http cache firebase-tools@https://registry.npmjs.org/firebase-tools/-/firebase-tools-15.25.1.tgz 0ms (cache hit)
3195 http cache isarray@https://registry.npmjs.org/isarray/-/isarray-1.0.0.tgz 0ms (cache hit)
3196 http cache eastasianwidth@https://registry.npmjs.org/eastasianwidth/-/eastasianwidth-0.2.0.tgz 0ms (cache hit)
3197 http cache process-nextick-args@https://registry.npmjs.org/process-nextick-args/-/process-nextick-args-2.0.1.tgz 0ms (cache hit)
3198 http cache core-util-is@https://registry.npmjs.org/core-util-is/-/core-util-is-1.0.3.tgz 0ms (cache hit)
3199 http cache util-deprecate@https://registry.npmjs.org/util-deprecate/-/util-deprecate-1.0.2.tgz 0ms (cache hit)
3200 http cache formdata-polyfill@https://registry.npmjs.org/formdata-polyfill/-/formdata-polyfill-4.0.10.tgz 0ms (cache hit)
3201 http cache node-domexception@https://registry.npmjs.org/node-domexception/-/node-domexception-1.0.0.tgz 0ms (cache hit)
3202 http cache web-streams-polyfill@https://registry.npmjs.org/web-streams-polyfill/-/web-streams-polyfill-3.3.3.tgz 0ms (cache hit)
3203 http cache crc32-stream@https://registry.npmjs.org/crc32-stream/-/crc32-stream-6.0.0.tgz 0ms (cache hit)
3204 http cache fetch-blob@https://registry.npmjs.org/fetch-blob/-/fetch-blob-3.2.0.tgz 0ms (cache hit)
3205 http cache compress-commons@https://registry.npmjs.org/compress-commons/-/compress-commons-6.0.2.tgz 0ms (cache hit)
3206 http cache crc-32@https://registry.npmjs.org/crc-32/-/crc-32-1.2.2.tgz 0ms (cache hit)
3207 http cache yargs-parser@https://registry.npmjs.org/yargs-parser/-/yargs-parser-21.1.1.tgz 0ms (cache hit)
3208 http cache y18n@https://registry.npmjs.org/y18n/-/y18n-5.0.8.tgz 0ms (cache hit)
3209 http cache require-directory@https://registry.npmjs.org/require-directory/-/require-directory-2.1.1.tgz 0ms (cache hit)
3210 http cache get-caller-file@https://registry.npmjs.org/get-caller-file/-/get-caller-file-2.0.5.tgz 0ms (cache hit)
3211 http cache escalade@https://registry.npmjs.org/escalade/-/escalade-3.2.0.tgz 0ms (cache hit)
3212 http cache cliui@https://registry.npmjs.org/cliui/-/cliui-8.0.1.tgz 0ms (cache hit)
3213 http cache ansi-regex@https://registry.npmjs.org/ansi-regex/-/ansi-regex-5.0.1.tgz 0ms (cache hit)
3214 http cache wrap-ansi@https://registry.npmjs.org/wrap-ansi/-/wrap-ansi-7.0.0.tgz 0ms (cache hit)
3215 http cache strip-ansi@https://registry.npmjs.org/strip-ansi/-/strip-ansi-6.0.1.tgz 0ms (cache hit)
3216 http cache is-typedarray@https://registry.npmjs.org/is-typedarray/-/is-typedarray-1.0.0.tgz 0ms (cache hit)
3217 http cache typedarray-to-buffer@https://registry.npmjs.org/typedarray-to-buffer/-/typedarray-to-buffer-3.1.5.tgz 0ms (cache hit)
3218 http cache imurmurhash@https://registry.npmjs.org/imurmurhash/-/imurmurhash-0.1.4.tgz 0ms (cache hit)
3219 http cache ansi-styles@https://registry.npmjs.org/ansi-styles/-/ansi-styles-4.3.0.tgz 0ms (cache hit)
3220 http cache color-name@https://registry.npmjs.org/color-name/-/color-name-1.1.4.tgz 0ms (cache hit)
3221 http cache color-convert@https://registry.npmjs.org/color-convert/-/color-convert-2.0.1.tgz 0ms (cache hit)
3222 http cache fecha@https://registry.npmjs.org/fecha/-/fecha-4.2.3.tgz 0ms (cache hit)
3223 http cache fn.name@https://registry.npmjs.org/fn.name/-/fn.name-1.1.0.tgz 0ms (cache hit)
3224 http cache color-name@https://registry.npmjs.org/color-name/-/color-name-2.1.1.tgz 0ms (cache hit)
3225 http cache color-string@https://registry.npmjs.org/color-string/-/color-string-2.1.4.tgz 0ms (cache hit)
3226 http cache color-convert@https://registry.npmjs.org/color-convert/-/color-convert-3.1.3.tgz 0ms (cache hit)
3227 http cache text-hex@https://registry.npmjs.org/text-hex/-/text-hex-1.0.0.tgz 0ms (cache hit)
3228 http cache @types/triple-beam@https://registry.npmjs.org/@types/triple-beam/-/triple-beam-1.3.5.tgz 0ms (cache hit)
3229 http cache color@https://registry.npmjs.org/color/-/color-5.0.3.tgz 0ms (cache hit)
3230 http cache kuler@https://registry.npmjs.org/kuler/-/kuler-2.0.0.tgz 0ms (cache hit)
3231 http cache stack-trace@https://registry.npmjs.org/stack-trace/-/stack-trace-0.0.10.tgz 0ms (cache hit)
3232 http cache @so-ric/colorspace@https://registry.npmjs.org/@so-ric/colorspace/-/colorspace-1.1.6.tgz 0ms (cache hit)
3233 http cache safe-stable-stringify@https://registry.npmjs.org/safe-stable-stringify/-/safe-stable-stringify-2.5.0.tgz 0ms (cache hit)
3234 http cache enabled@https://registry.npmjs.org/enabled/-/enabled-2.0.0.tgz 0ms (cache hit)
3235 http cache one-time@https://registry.npmjs.org/one-time/-/one-time-1.0.0.tgz 0ms (cache hit)
3236 http cache logform@https://registry.npmjs.org/logform/-/logform-2.7.0.tgz 0ms (cache hit)
3237 http cache ms@https://registry.npmjs.org/ms/-/ms-2.1.3.tgz 0ms (cache hit)
3238 http cache isexe@https://registry.npmjs.org/isexe/-/isexe-2.0.0.tgz 0ms (cache hit)
3239 http cache @dabh/diagnostics@https://registry.npmjs.org/@dabh/diagnostics/-/diagnostics-2.0.8.tgz 0ms (cache hit)
3240 http cache tr46@https://registry.npmjs.org/tr46/-/tr46-0.0.3.tgz 0ms (cache hit)
3241 http cache webidl-conversions@https://registry.npmjs.org/webidl-conversions/-/webidl-conversions-3.0.1.tgz 0ms (cache hit)
3242 http cache clone@https://registry.npmjs.org/clone/-/clone-1.0.4.tgz 0ms (cache hit)
3243 http cache @colors/colors@https://registry.npmjs.org/@colors/colors/-/colors-1.6.0.tgz 0ms (cache hit)
3244 http cache strip-json-comments@https://registry.npmjs.org/strip-json-comments/-/strip-json-comments-2.0.1.tgz 0ms (cache hit)
3245 http cache defaults@https://registry.npmjs.org/defaults/-/defaults-1.0.4.tgz 0ms (cache hit)
3246 http cache deep-extend@https://registry.npmjs.org/deep-extend/-/deep-extend-0.6.0.tgz 0ms (cache hit)
3247 http cache minimist@https://registry.npmjs.org/minimist/-/minimist-1.2.8.tgz 0ms (cache hit)
3248 http cache rc@https://registry.npmjs.org/rc/-/rc-1.2.8.tgz 0ms (cache hit)
3249 http cache proto-list@https://registry.npmjs.org/proto-list/-/proto-list-1.2.4.tgz 0ms (cache hit)
3250 http cache config-chain@https://registry.npmjs.org/config-chain/-/config-chain-1.1.13.tgz 0ms (cache hit)
3251 http cache ini@https://registry.npmjs.org/ini/-/ini-1.3.8.tgz 0ms (cache hit)
3252 http cache @pnpm/config.env-replace@https://registry.npmjs.org/@pnpm/config.env-replace/-/config.env-replace-1.1.0.tgz 0ms (cache hit)
3253 http cache ini@https://registry.npmjs.org/ini/-/ini-1.3.8.tgz 0ms (cache hit)
3254 http cache @pnpm/network.ca-file@https://registry.npmjs.org/@pnpm/network.ca-file/-/network.ca-file-1.0.2.tgz 0ms (cache hit)
3255 http cache graceful-fs@https://registry.npmjs.org/graceful-fs/-/graceful-fs-4.2.10.tgz 0ms (cache hit)
3256 http cache @pnpm/npm-conf@https://registry.npmjs.org/@pnpm/npm-conf/-/npm-conf-3.0.3.tgz 0ms (cache hit)
3257 http cache escape-goat@https://registry.npmjs.org/escape-goat/-/escape-goat-2.1.1.tgz 0ms (cache hit)
3258 http cache whatwg-fetch@https://registry.npmjs.org/whatwg-fetch/-/whatwg-fetch-3.6.20.tgz 0ms (cache hit)
3259 http cache is-path-inside@https://registry.npmjs.org/is-path-inside/-/is-path-inside-3.0.3.tgz 0ms (cache hit)
3260 http cache ini@https://registry.npmjs.org/ini/-/ini-2.0.0.tgz 0ms (cache hit)
3261 http cache global-dirs@https://registry.npmjs.org/global-dirs/-/global-dirs-3.0.1.tgz 0ms (cache hit)
3262 http cache ci-info@https://registry.npmjs.org/ci-info/-/ci-info-2.0.0.tgz 0ms (cache hit)
3263 http cache widest-line@https://registry.npmjs.org/widest-line/-/widest-line-3.1.0.tgz 0ms (cache hit)
3264 http cache type-fest@https://registry.npmjs.org/type-fest/-/type-fest-0.20.2.tgz 0ms (cache hit)
3265 http cache cli-boxes@https://registry.npmjs.org/cli-boxes/-/cli-boxes-2.2.1.tgz 0ms (cache hit)
3266 http cache camelcase@https://registry.npmjs.org/camelcase/-/camelcase-6.3.0.tgz 0ms (cache hit)
3267 http cache ansi-align@https://registry.npmjs.org/ansi-align/-/ansi-align-3.0.1.tgz 0ms (cache hit)
3268 http cache semver-diff@https://registry.npmjs.org/semver-diff/-/semver-diff-3.1.1.tgz 0ms (cache hit)
3269 http cache registry-url@https://registry.npmjs.org/registry-url/-/registry-url-5.1.0.tgz 0ms (cache hit)
3270 http cache registry-auth-token@https://registry.npmjs.org/registry-auth-token/-/registry-auth-token-5.1.1.tgz 0ms (cache hit)
3271 http cache semver@https://registry.npmjs.org/semver/-/semver-6.3.1.tgz 0ms (cache hit)
3272 http cache pupa@https://registry.npmjs.org/pupa/-/pupa-2.1.1.tgz 0ms (cache hit)
3273 http cache isomorphic-fetch@https://registry.npmjs.org/isomorphic-fetch/-/isomorphic-fetch-3.0.0.tgz 0ms (cache hit)
3274 http cache is-npm@https://registry.npmjs.org/is-npm/-/is-npm-5.0.0.tgz 0ms (cache hit)
3275 http cache is-yarn-global@https://registry.npmjs.org/is-yarn-global/-/is-yarn-global-0.3.0.tgz 0ms (cache hit)
3276 http cache is-installed-globally@https://registry.npmjs.org/is-installed-globally/-/is-installed-globally-0.4.0.tgz 0ms (cache hit)
3277 http cache is-ci@https://registry.npmjs.org/is-ci/-/is-ci-2.0.0.tgz 0ms (cache hit)
3278 http cache import-lazy@https://registry.npmjs.org/import-lazy/-/import-lazy-2.1.0.tgz 0ms (cache hit)
3279 http cache has-yarn@https://registry.npmjs.org/has-yarn/-/has-yarn-2.1.0.tgz 0ms (cache hit)
3280 http cache boxen@https://registry.npmjs.org/boxen/-/boxen-5.1.2.tgz 0ms (cache hit)
3281 http cache ansi-regex@https://registry.npmjs.org/ansi-regex/-/ansi-regex-5.0.1.tgz 0ms (cache hit)
3282 http cache strip-ansi@https://registry.npmjs.org/strip-ansi/-/strip-ansi-6.0.1.tgz 0ms (cache hit)
3283 http cache wrap-ansi@https://registry.npmjs.org/wrap-ansi/-/wrap-ansi-7.0.0.tgz 0ms (cache hit)
3284 http cache chalk@https://registry.npmjs.org/chalk/-/chalk-4.1.2.tgz 0ms (cache hit)
3285 http cache crypto-random-string@https://registry.npmjs.org/crypto-random-string/-/crypto-random-string-2.0.0.tgz 0ms (cache hit)
3286 http cache is-number@https://registry.npmjs.org/is-number/-/is-number-7.0.0.tgz 0ms (cache hit)
3287 http cache media-typer@https://registry.npmjs.org/media-typer/-/media-typer-0.3.0.tgz 0ms (cache hit)
3288 http cache thenify@https://registry.npmjs.org/thenify/-/thenify-3.3.1.tgz 0ms (cache hit)
3289 http cache stubs@https://registry.npmjs.org/stubs/-/stubs-3.0.0.tgz 0ms (cache hit)
3290 http cache deep-is@https://registry.npmjs.org/deep-is/-/deep-is-0.1.4.tgz 0ms (cache hit)
3291 http cache ip-regex@https://registry.npmjs.org/ip-regex/-/ip-regex-2.1.0.tgz 0ms (cache hit)
3292 http cache stream-events@https://registry.npmjs.org/stream-events/-/stream-events-1.0.5.tgz 0ms (cache hit)
3293 http cache is2@https://registry.npmjs.org/is2/-/is2-2.0.1.tgz 0ms (cache hit)
3294 http cache events-universal@https://registry.npmjs.org/events-universal/-/events-universal-1.0.1.tgz 0ms (cache hit)
3295 http cache text-decoder@https://registry.npmjs.org/text-decoder/-/text-decoder-1.2.7.tgz 0ms (cache hit)
3296 http cache teex@https://registry.npmjs.org/teex/-/teex-1.0.1.tgz 0ms (cache hit)
3297 http cache bare-url@https://registry.npmjs.org/bare-url/-/bare-url-2.4.7.tgz 0ms (cache hit)
3298 http cache bare-stream@https://registry.npmjs.org/bare-stream/-/bare-stream-2.13.3.tgz 0ms (cache hit)
3299 http cache bare-path@https://registry.npmjs.org/bare-path/-/bare-path-3.1.1.tgz 0ms (cache hit)
3300 http cache bare-events@https://registry.npmjs.org/bare-events/-/bare-events-2.9.1.tgz 0ms (cache hit)
3301 http cache streamx@https://registry.npmjs.org/streamx/-/streamx-2.28.0.tgz 0ms (cache hit)
3302 http cache fast-fifo@https://registry.npmjs.org/fast-fifo/-/fast-fifo-1.3.2.tgz 0ms (cache hit)
3303 http cache bare-fs@https://registry.npmjs.org/bare-fs/-/bare-fs-4.8.0.tgz 0ms (cache hit)
3304 http cache b4a@https://registry.npmjs.org/b4a/-/b4a-1.8.1.tgz 0ms (cache hit)
3305 http cache yallist@https://registry.npmjs.org/yallist/-/yallist-5.0.0.tgz 0ms (cache hit)
3306 http cache minizlib@https://registry.npmjs.org/minizlib/-/minizlib-3.1.0.tgz 0ms (cache hit)
3307 http cache chownr@https://registry.npmjs.org/chownr/-/chownr-3.0.0.tgz 0ms (cache hit)
3308 http cache @isaacs/fs-minipass@https://registry.npmjs.org/@isaacs/fs-minipass/-/fs-minipass-4.0.1.tgz 0ms (cache hit)
3309 http cache supports-color@https://registry.npmjs.org/supports-color/-/supports-color-7.2.0.tgz 0ms (cache hit)
3310 http cache has-flag@https://registry.npmjs.org/has-flag/-/has-flag-4.0.0.tgz 0ms (cache hit)
3311 http cache is-promise@https://registry.npmjs.org/is-promise/-/is-promise-4.0.0.tgz 0ms (cache hit)
3312 http cache abbrev@https://registry.npmjs.org/abbrev/-/abbrev-5.0.0.tgz 0ms (cache hit)
3313 http cache tinyglobby@https://registry.npmjs.org/tinyglobby/-/tinyglobby-0.2.17.tgz 0ms (cache hit)
3314 http cache proc-log@https://registry.npmjs.org/proc-log/-/proc-log-7.0.0.tgz 0ms (cache hit)
3315 http cache nopt@https://registry.npmjs.org/nopt/-/nopt-10.0.1.tgz 0ms (cache hit)
3316 http cache fdir@https://registry.npmjs.org/fdir/-/fdir-6.5.0.tgz 0ms (cache hit)
3317 http cache picomatch@https://registry.npmjs.org/picomatch/-/picomatch-4.0.5.tgz 0ms (cache hit)
3318 http cache exponential-backoff@https://registry.npmjs.org/exponential-backoff/-/exponential-backoff-3.1.3.tgz 0ms (cache hit)
3319 http cache env-paths@https://registry.npmjs.org/env-paths/-/env-paths-2.2.1.tgz 0ms (cache hit)
3320 http cache node-gyp@https://registry.npmjs.org/node-gyp/-/node-gyp-13.0.1.tgz 0ms (cache hit)
3321 http cache isexe@https://registry.npmjs.org/isexe/-/isexe-4.0.0.tgz 0ms (cache hit)
3322 http cache which@https://registry.npmjs.org/which/-/which-7.0.0.tgz 0ms (cache hit)
3323 http cache undici@https://registry.npmjs.org/undici/-/undici-8.10.0.tgz 0ms (cache hit)
3324 http cache nan@https://registry.npmjs.org/nan/-/nan-2.28.0.tgz 0ms (cache hit)
3325 http cache install-artifact-from-github@https://registry.npmjs.org/install-artifact-from-github/-/install-artifact-from-github-1.7.0.tgz 0ms (cache hit)
3326 http cache lodash._objecttypes@https://registry.npmjs.org/lodash._objecttypes/-/lodash._objecttypes-2.4.1.tgz 0ms (cache hit)
3327 http cache valid-url@https://registry.npmjs.org/valid-url/-/valid-url-1.0.9.tgz 0ms (cache hit)
3328 http cache url-join@https://registry.npmjs.org/url-join/-/url-join-0.0.1.tgz 0ms (cache hit)
3329 http cache as-array@https://registry.npmjs.org/as-array/-/as-array-2.0.0.tgz 0ms (cache hit)
3330 http cache lodash.isobject@https://registry.npmjs.org/lodash.isobject/-/lodash.isobject-2.4.1.tgz 0ms (cache hit)
3331 http cache toxic@https://registry.npmjs.org/toxic/-/toxic-1.0.1.tgz 0ms (cache hit)
3332 http cache glob-slash@https://registry.npmjs.org/glob-slash/-/glob-slash-1.0.0.tgz 0ms (cache hit)
3333 http cache compressible@https://registry.npmjs.org/compressible/-/compressible-2.0.18.tgz 0ms (cache hit)
3334 http cache tsscmp@https://registry.npmjs.org/tsscmp/-/tsscmp-1.0.6.tgz 0ms (cache hit)
3335 http cache router@https://registry.npmjs.org/router/-/router-2.2.0.tgz 0ms (cache hit)
3336 http cache ms@https://registry.npmjs.org/ms/-/ms-2.1.3.tgz 0ms (cache hit)
3337 http cache path-to-regexp@https://registry.npmjs.org/path-to-regexp/-/path-to-regexp-8.4.2.tgz 0ms (cache hit)
3338 http cache debug@https://registry.npmjs.org/debug/-/debug-4.4.3.tgz 0ms (cache hit)
3339 http cache re2@https://registry.npmjs.org/re2/-/re2-1.26.1.tgz 0ms (cache hit)
3340 http cache join-path@https://registry.npmjs.org/join-path/-/join-path-1.1.1.tgz 0ms (cache hit)
3341 http cache is-url@https://registry.npmjs.org/is-url/-/is-url-1.2.4.tgz 0ms (cache hit)
3342 http cache glob-slasher@https://registry.npmjs.org/glob-slasher/-/glob-slasher-1.0.1.tgz 0ms (cache hit)
3343 http cache connect@https://registry.npmjs.org/connect/-/connect-3.7.0.tgz 0ms (cache hit)
3344 http cache statuses@https://registry.npmjs.org/statuses/-/statuses-1.5.0.tgz 0ms (cache hit)
3345 http cache on-finished@https://registry.npmjs.org/on-finished/-/on-finished-2.3.0.tgz 0ms (cache hit)
3346 http cache finalhandler@https://registry.npmjs.org/finalhandler/-/finalhandler-1.1.2.tgz 0ms (cache hit)
3347 http cache encodeurl@https://registry.npmjs.org/encodeurl/-/encodeurl-1.0.2.tgz 1ms (cache hit)
3348 http cache compression@https://registry.npmjs.org/compression/-/compression-1.8.1.tgz 0ms (cache hit)
3349 http cache negotiator@https://registry.npmjs.org/negotiator/-/negotiator-0.6.4.tgz 0ms (cache hit)
3350 http cache is-fullwidth-code-point@https://registry.npmjs.org/is-fullwidth-code-point/-/is-fullwidth-code-point-3.0.0.tgz 0ms (cache hit)
3351 http cache basic-auth-connect@https://registry.npmjs.org/basic-auth-connect/-/basic-auth-connect-1.1.0.tgz 0ms (cache hit)
3352 http cache emoji-regex@https://registry.npmjs.org/emoji-regex/-/emoji-regex-8.0.0.tgz 0ms (cache hit)
3353 http cache ret@https://registry.npmjs.org/ret/-/ret-0.1.15.tgz 0ms (cache hit)
3354 http cache discontinuous-range@https://registry.npmjs.org/discontinuous-range/-/discontinuous-range-1.0.0.tgz 0ms (cache hit)
3355 http cache randexp@https://registry.npmjs.org/randexp/-/randexp-0.4.6.tgz 0ms (cache hit)
3356 http cache railroad-diagrams@https://registry.npmjs.org/railroad-diagrams/-/railroad-diagrams-1.0.0.tgz 0ms (cache hit)
3357 http cache nearley@https://registry.npmjs.org/nearley/-/nearley-2.20.1.tgz 0ms (cache hit)
3358 http cache moo@https://registry.npmjs.org/moo/-/moo-0.5.3.tgz 0ms (cache hit)
3359 http cache commander@https://registry.npmjs.org/commander/-/commander-2.20.3.tgz 0ms (cache hit)
3360 http cache socks@https://registry.npmjs.org/socks/-/socks-2.8.9.tgz 0ms (cache hit)
3361 http cache unicode-emoji-modifier-base@https://registry.npmjs.org/unicode-emoji-modifier-base/-/unicode-emoji-modifier-base-1.0.0.tgz 0ms (cache hit)
3362 http cache call-bound@https://registry.npmjs.org/call-bound/-/call-bound-1.0.4.tgz 0ms (cache hit)
3363 http cache side-channel-weakmap@https://registry.npmjs.org/side-channel-weakmap/-/side-channel-weakmap-1.0.2.tgz 0ms (cache hit)
3364 http cache side-channel-map@https://registry.npmjs.org/side-channel-map/-/side-channel-map-1.0.1.tgz 0ms (cache hit)
3365 http cache object-inspect@https://registry.npmjs.org/object-inspect/-/object-inspect-1.13.4.tgz 0ms (cache hit)
3366 http cache side-channel-list@https://registry.npmjs.org/side-channel-list/-/side-channel-list-1.0.1.tgz 0ms (cache hit)
3367 http cache shebang-regex@https://registry.npmjs.org/shebang-regex/-/shebang-regex-3.0.0.tgz 0ms (cache hit)
3368 http cache teeny-request@https://registry.npmjs.org/teeny-request/-/teeny-request-10.1.4.tgz 0ms (cache hit)
3369 http cache smart-buffer@https://registry.npmjs.org/smart-buffer/-/smart-buffer-4.2.0.tgz 0ms (cache hit)
3370 http cache mimic-fn@https://registry.npmjs.org/mimic-fn/-/mimic-fn-2.1.0.tgz 0ms (cache hit)
3371 http cache data-uri-to-buffer@https://registry.npmjs.org/data-uri-to-buffer/-/data-uri-to-buffer-4.0.1.tgz 0ms (cache hit)
3372 http cache node-fetch@https://registry.npmjs.org/node-fetch/-/node-fetch-3.3.2.tgz 0ms (cache hit)
3373 http cache string_decoder@https://registry.npmjs.org/string_decoder/-/string_decoder-1.3.0.tgz 0ms (cache hit)
3374 http cache process@https://registry.npmjs.org/process/-/process-0.11.10.tgz 0ms (cache hit)
3375 http cache events@https://registry.npmjs.org/events/-/events-3.3.0.tgz 0ms (cache hit)
3376 http cache onetime@https://registry.npmjs.org/onetime/-/onetime-5.1.2.tgz 0ms (cache hit)
3377 http cache esutils@https://registry.npmjs.org/esutils/-/esutils-2.0.3.tgz 0ms (cache hit)
3378 http cache side-channel@https://registry.npmjs.org/side-channel/-/side-channel-1.1.1.tgz 0ms (cache hit)
3379 http cache source-map@https://registry.npmjs.org/source-map/-/source-map-0.6.1.tgz 0ms (cache hit)
3380 http cache estraverse@https://registry.npmjs.org/estraverse/-/estraverse-5.3.0.tgz 0ms (cache hit)
3381 http cache esprima@https://registry.npmjs.org/esprima/-/esprima-4.0.1.tgz 0ms (cache hit)
3382 http cache tslib@https://registry.npmjs.org/tslib/-/tslib-2.8.1.tgz 0ms (cache hit)
3383 http cache escodegen@https://registry.npmjs.org/escodegen/-/escodegen-2.1.0.tgz 0ms (cache hit)
3384 http cache ast-types@https://registry.npmjs.org/ast-types/-/ast-types-0.13.4.tgz 0ms (cache hit)
3385 http cache netmask@https://registry.npmjs.org/netmask/-/netmask-2.1.1.tgz 0ms (cache hit)
3386 http cache degenerator@https://registry.npmjs.org/degenerator/-/degenerator-5.0.1.tgz 0ms (cache hit)
3387 http cache data-uri-to-buffer@https://registry.npmjs.org/data-uri-to-buffer/-/data-uri-to-buffer-6.0.2.tgz 0ms (cache hit)
3388 http cache basic-ftp@https://registry.npmjs.org/basic-ftp/-/basic-ftp-5.3.1.tgz 0ms (cache hit)
3389 http cache get-uri@https://registry.npmjs.org/get-uri/-/get-uri-6.0.5.tgz 0ms (cache hit)
3390 http cache pac-resolver@https://registry.npmjs.org/pac-resolver/-/pac-resolver-7.0.1.tgz 0ms (cache hit)
3391 http cache socks-proxy-agent@https://registry.npmjs.org/socks-proxy-agent/-/socks-proxy-agent-8.0.5.tgz 0ms (cache hit)
3392 http cache ms@https://registry.npmjs.org/ms/-/ms-2.1.3.tgz 0ms (cache hit)
3393 http cache @tootallnate/quickjs-emscripten@https://registry.npmjs.org/@tootallnate/quickjs-emscripten/-/quickjs-emscripten-0.23.0.tgz 0ms (cache hit)
3394 http cache debug@https://registry.npmjs.org/debug/-/debug-4.4.3.tgz 0ms (cache hit)
3395 http cache pac-proxy-agent@https://registry.npmjs.org/pac-proxy-agent/-/pac-proxy-agent-7.2.0.tgz 0ms (cache hit)
3396 http cache ms@https://registry.npmjs.org/ms/-/ms-2.1.3.tgz 0ms (cache hit)
3397 http cache proxy-from-env@https://registry.npmjs.org/proxy-from-env/-/proxy-from-env-1.1.0.tgz 0ms (cache hit)
3398 http cache debug@https://registry.npmjs.org/debug/-/debug-4.4.3.tgz 0ms (cache hit)
3399 http cache http-proxy-agent@https://registry.npmjs.org/http-proxy-agent/-/http-proxy-agent-7.0.2.tgz 0ms (cache hit)
3400 http cache debug@https://registry.npmjs.org/debug/-/debug-4.4.3.tgz 0ms (cache hit)
3401 http cache ms@https://registry.npmjs.org/ms/-/ms-2.1.3.tgz 0ms (cache hit)
3402 http cache ipaddr.js@https://registry.npmjs.org/ipaddr.js/-/ipaddr.js-1.9.1.tgz 0ms (cache hit)
3403 http cache debug@https://registry.npmjs.org/debug/-/debug-4.4.3.tgz 0ms (cache hit)
3404 http cache forwarded@https://registry.npmjs.org/forwarded/-/forwarded-0.2.0.tgz 0ms (cache hit)
3405 http cache ms@https://registry.npmjs.org/ms/-/ms-2.1.3.tgz 0ms (cache hit)
3406 http cache undici-types@https://registry.npmjs.org/undici-types/-/undici-types-8.3.0.tgz 0ms (cache hit)
3407 http cache @types/node@https://registry.npmjs.org/@types/node/-/node-26.1.2.tgz 0ms (cache hit)
3408 http cache @protobufjs/pool@https://registry.npmjs.org/@protobufjs/pool/-/pool-1.1.0.tgz 0ms (cache hit)
3409 http cache @protobufjs/utf8@https://registry.npmjs.org/@protobufjs/utf8/-/utf8-1.1.2.tgz 0ms (cache hit)
3410 http cache @protobufjs/path@https://registry.npmjs.org/@protobufjs/path/-/path-1.1.2.tgz 0ms (cache hit)
3411 http cache @protobufjs/float@https://registry.npmjs.org/@protobufjs/float/-/float-1.0.2.tgz 0ms (cache hit)
3412 http cache @protobufjs/fetch@https://registry.npmjs.org/@protobufjs/fetch/-/fetch-1.1.1.tgz 0ms (cache hit)
3413 http cache @protobufjs/eventemitter@https://registry.npmjs.org/@protobufjs/eventemitter/-/eventemitter-1.1.1.tgz 0ms (cache hit)
3414 http cache @protobufjs/codegen@https://registry.npmjs.org/@protobufjs/codegen/-/codegen-2.0.5.tgz 0ms (cache hit)
3415 http cache @protobufjs/aspromise@https://registry.npmjs.org/@protobufjs/aspromise/-/aspromise-1.1.2.tgz 0ms (cache hit)
3416 http cache @protobufjs/base64@https://registry.npmjs.org/@protobufjs/base64/-/base64-1.1.2.tgz 0ms (cache hit)
3417 http cache xtend@https://registry.npmjs.org/xtend/-/xtend-4.0.2.tgz 0ms (cache hit)
3418 http cache split2@https://registry.npmjs.org/split2/-/split2-4.2.0.tgz 0ms (cache hit)
3419 http cache postgres-interval@https://registry.npmjs.org/postgres-interval/-/postgres-interval-1.2.0.tgz 0ms (cache hit)
3420 http cache postgres-date@https://registry.npmjs.org/postgres-date/-/postgres-date-1.0.7.tgz 1ms (cache hit)
3421 http cache postgres-bytea@https://registry.npmjs.org/postgres-bytea/-/postgres-bytea-1.0.1.tgz 0ms (cache hit)
3422 http cache postgres-array@https://registry.npmjs.org/postgres-array/-/postgres-array-2.0.0.tgz 0ms (cache hit)
3423 http cache pg-int8@https://registry.npmjs.org/pg-int8/-/pg-int8-1.0.1.tgz 0ms (cache hit)
3424 http cache pg-types@https://registry.npmjs.org/pg-types/-/pg-types-2.2.0.tgz 0ms (cache hit)
3425 http cache pgpass@https://registry.npmjs.org/pgpass/-/pgpass-1.0.5.tgz 0ms (cache hit)
3426 http cache pg-protocol@https://registry.npmjs.org/pg-protocol/-/pg-protocol-1.15.0.tgz 0ms (cache hit)
3427 http cache pg-pool@https://registry.npmjs.org/pg-pool/-/pg-pool-3.14.0.tgz 0ms (cache hit)
3428 http cache pg-connection-string@https://registry.npmjs.org/pg-connection-string/-/pg-connection-string-2.14.0.tgz 0ms (cache hit)
3429 http cache pg-cloudflare@https://registry.npmjs.org/pg-cloudflare/-/pg-cloudflare-1.4.0.tgz 0ms (cache hit)
3430 http cache lru-cache@https://registry.npmjs.org/lru-cache/-/lru-cache-10.4.3.tgz 0ms (cache hit)
3431 http cache restore-cursor@https://registry.npmjs.org/restore-cursor/-/restore-cursor-3.1.0.tgz 0ms (cache hit)
3432 http cache ieee754@https://registry.npmjs.org/ieee754/-/ieee754-1.2.1.tgz 0ms (cache hit)
3433 http cache wcwidth@https://registry.npmjs.org/wcwidth/-/wcwidth-1.0.1.tgz 0ms (cache hit)
3434 http cache buffer@https://registry.npmjs.org/buffer/-/buffer-5.7.1.tgz 0ms (cache hit)
3435 http cache signal-exit@https://registry.npmjs.org/signal-exit/-/signal-exit-3.0.7.tgz 0ms (cache hit)
3436 http cache log-symbols@https://registry.npmjs.org/log-symbols/-/log-symbols-4.1.0.tgz 0ms (cache hit)
3437 http cache is-interactive@https://registry.npmjs.org/is-interactive/-/is-interactive-1.0.0.tgz 0ms (cache hit)
3438 http cache is-unicode-supported@https://registry.npmjs.org/is-unicode-supported/-/is-unicode-supported-0.1.0.tgz 0ms (cache hit)
3439 http cache cli-spinners@https://registry.npmjs.org/cli-spinners/-/cli-spinners-2.9.2.tgz 0ms (cache hit)
3440 http cache chalk@https://registry.npmjs.org/chalk/-/chalk-4.1.2.tgz 0ms (cache hit)
3441 http cache cli-cursor@https://registry.npmjs.org/cli-cursor/-/cli-cursor-3.1.0.tgz 0ms (cache hit)
3442 http cache bl@https://registry.npmjs.org/bl/-/bl-4.1.0.tgz 0ms (cache hit)
3443 http cache is-wsl@https://registry.npmjs.org/is-wsl/-/is-wsl-1.1.0.tgz 0ms (cache hit)
3444 http cache wrappy@https://registry.npmjs.org/wrappy/-/wrappy-1.0.2.tgz 0ms (cache hit)
3445 http cache readable-stream@https://registry.npmjs.org/readable-stream/-/readable-stream-3.6.2.tgz 0ms (cache hit)
3446 http cache ee-first@https://registry.npmjs.org/ee-first/-/ee-first-1.1.1.tgz 0ms (cache hit)
3447 http cache whatwg-url@https://registry.npmjs.org/whatwg-url/-/whatwg-url-5.0.0.tgz 0ms (cache hit)
3448 http cache skin-tone@https://registry.npmjs.org/skin-tone/-/skin-tone-2.0.0.tgz 0ms (cache hit)
3449 http cache emojilib@https://registry.npmjs.org/emojilib/-/emojilib-2.4.0.tgz 0ms (cache hit)
3450 http cache char-regex@https://registry.npmjs.org/char-regex/-/char-regex-1.0.2.tgz 0ms (cache hit)
3451 http cache thenify-all@https://registry.npmjs.org/thenify-all/-/thenify-all-1.6.0.tgz 0ms (cache hit)
3452 http cache on-headers@https://registry.npmjs.org/on-headers/-/on-headers-1.1.0.tgz 0ms (cache hit)
3453 http cache any-promise@https://registry.npmjs.org/any-promise/-/any-promise-1.3.0.tgz 0ms (cache hit)
3454 http cache @sindresorhus/is@https://registry.npmjs.org/@sindresorhus/is/-/is-4.6.0.tgz 0ms (cache hit)
3455 http cache basic-auth@https://registry.npmjs.org/basic-auth/-/basic-auth-2.0.1.tgz 0ms (cache hit)
3456 http cache concat-map@https://registry.npmjs.org/concat-map/-/concat-map-0.0.1.tgz 0ms (cache hit)
3457 http cache balanced-match@https://registry.npmjs.org/balanced-match/-/balanced-match-1.0.2.tgz 0ms (cache hit)
3458 http cache safe-buffer@https://registry.npmjs.org/safe-buffer/-/safe-buffer-5.1.2.tgz 0ms (cache hit)
3459 http cache brace-expansion@https://registry.npmjs.org/brace-expansion/-/brace-expansion-1.1.18.tgz 0ms (cache hit)
3460 http cache mime-db@https://registry.npmjs.org/mime-db/-/mime-db-1.52.0.tgz 0ms (cache hit)
3461 http cache parse5-htmlparser2-tree-adapter@https://registry.npmjs.org/parse5-htmlparser2-tree-adapter/-/parse5-htmlparser2-tree-adapter-6.0.1.tgz 0ms (cache hit)
3462 http cache parse5@https://registry.npmjs.org/parse5/-/parse5-5.1.1.tgz 0ms (cache hit)
3463 http cache mz@https://registry.npmjs.org/mz/-/mz-2.7.0.tgz 0ms (cache hit)
3464 http cache highlight.js@https://registry.npmjs.org/highlight.js/-/highlight.js-10.7.3.tgz 0ms (cache hit)
3465 http cache parse5@https://registry.npmjs.org/parse5/-/parse5-6.0.1.tgz 0ms (cache hit)
3466 http cache environment@https://registry.npmjs.org/environment/-/environment-1.1.0.tgz 0ms (cache hit)
3467 http cache node-emoji@https://registry.npmjs.org/node-emoji/-/node-emoji-2.2.0.tgz 0ms (cache hit)
3468 http cache supports-hyperlinks@https://registry.npmjs.org/supports-hyperlinks/-/supports-hyperlinks-3.2.0.tgz 0ms (cache hit)
3469 http cache cli-highlight@https://registry.npmjs.org/cli-highlight/-/cli-highlight-2.1.11.tgz 0ms (cache hit)
3470 http cache ansi-regex@https://registry.npmjs.org/ansi-regex/-/ansi-regex-5.0.1.tgz 0ms (cache hit)
3471 http cache wrap-ansi@https://registry.npmjs.org/wrap-ansi/-/wrap-ansi-7.0.0.tgz 0ms (cache hit)
3472 http cache yargs-parser@https://registry.npmjs.org/yargs-parser/-/yargs-parser-20.2.9.tgz 0ms (cache hit)
3473 http cache strip-ansi@https://registry.npmjs.org/strip-ansi/-/strip-ansi-6.0.1.tgz 0ms (cache hit)
3474 http cache cliui@https://registry.npmjs.org/cliui/-/cliui-7.0.4.tgz 0ms (cache hit)
3475 http cache chalk@https://registry.npmjs.org/chalk/-/chalk-4.1.2.tgz 0ms (cache hit)
3476 http cache yargs@https://registry.npmjs.org/yargs/-/yargs-16.2.2.tgz 0ms (cache hit)
3477 http cache chalk@https://registry.npmjs.org/chalk/-/chalk-5.6.2.tgz 0ms (cache hit)
3478 http cache ansi-regex@https://registry.npmjs.org/ansi-regex/-/ansi-regex-6.2.2.tgz 0ms (cache hit)
3479 http cache ansi-escapes@https://registry.npmjs.org/ansi-escapes/-/ansi-escapes-7.3.0.tgz 0ms (cache hit)
3480 http cache libsodium@https://registry.npmjs.org/libsodium/-/libsodium-0.7.16.tgz 0ms (cache hit)
3481 http cache buffer-equal-constant-time@https://registry.npmjs.org/buffer-equal-constant-time/-/buffer-equal-constant-time-1.0.1.tgz 0ms (cache hit)
3482 http cache lodash.once@https://registry.npmjs.org/lodash.once/-/lodash.once-4.1.1.tgz 0ms (cache hit)
3483 http cache jwa@https://registry.npmjs.org/jwa/-/jwa-2.0.1.tgz 0ms (cache hit)
3484 http cache lodash.isstring@https://registry.npmjs.org/lodash.isstring/-/lodash.isstring-4.0.1.tgz 0ms (cache hit)
3485 http cache lodash.isplainobject@https://registry.npmjs.org/lodash.isplainobject/-/lodash.isplainobject-4.0.6.tgz 0ms (cache hit)
3486 http cache lodash.isnumber@https://registry.npmjs.org/lodash.isnumber/-/lodash.isnumber-3.0.3.tgz 0ms (cache hit)
3487 http cache lodash.isboolean@https://registry.npmjs.org/lodash.isboolean/-/lodash.isboolean-3.0.3.tgz 0ms (cache hit)
3488 http cache lodash.includes@https://registry.npmjs.org/lodash.includes/-/lodash.includes-4.3.0.tgz 0ms (cache hit)
3489 http cache lodash.isinteger@https://registry.npmjs.org/lodash.isinteger/-/lodash.isinteger-4.0.4.tgz 0ms (cache hit)
3490 http cache jju@https://registry.npmjs.org/jju/-/jju-1.4.0.tgz 0ms (cache hit)
3491 http cache bignumber.js@https://registry.npmjs.org/bignumber.js/-/bignumber.js-9.3.1.tgz 0ms (cache hit)
3492 http cache wrap-ansi-cjs@https://registry.npmjs.org/wrap-ansi/-/wrap-ansi-7.0.0.tgz 0ms (cache hit)
3493 http cache argparse@https://registry.npmjs.org/argparse/-/argparse-2.0.1.tgz 0ms (cache hit)
3494 http cache strip-ansi-cjs@https://registry.npmjs.org/strip-ansi/-/strip-ansi-6.0.1.tgz 0ms (cache hit)
3495 http cache ansi-regex@https://registry.npmjs.org/ansi-regex/-/ansi-regex-5.0.1.tgz 0ms (cache hit)
3496 http cache strip-ansi@https://registry.npmjs.org/strip-ansi/-/strip-ansi-6.0.1.tgz 0ms (cache hit)
3497 http cache string-width-cjs@https://registry.npmjs.org/string-width/-/string-width-4.2.3.tgz 0ms (cache hit)
3498 http cache ansi-regex@https://registry.npmjs.org/ansi-regex/-/ansi-regex-5.0.1.tgz 0ms (cache hit)
3499 http cache strip-ansi@https://registry.npmjs.org/strip-ansi/-/strip-ansi-7.2.0.tgz 0ms (cache hit)
3500 http cache ansi-regex@https://registry.npmjs.org/ansi-regex/-/ansi-regex-5.0.1.tgz 0ms (cache hit)
3501 http cache strip-ansi@https://registry.npmjs.org/strip-ansi/-/strip-ansi-6.0.1.tgz 0ms (cache hit)
3502 http cache @isaacs/cliui@https://registry.npmjs.org/@isaacs/cliui/-/cliui-8.0.2.tgz 0ms (cache hit)
3503 http cache @pkgjs/parseargs@https://registry.npmjs.org/@pkgjs/parseargs/-/parseargs-0.11.0.tgz 0ms (cache hit)
3504 http cache emoji-regex@https://registry.npmjs.org/emoji-regex/-/emoji-regex-9.2.2.tgz 0ms (cache hit)
3505 http cache ansi-styles@https://registry.npmjs.org/ansi-styles/-/ansi-styles-6.2.3.tgz 0ms (cache hit)
3506 http cache wrap-ansi@https://registry.npmjs.org/wrap-ansi/-/wrap-ansi-8.1.0.tgz 0ms (cache hit)
3507 http cache string-width@https://registry.npmjs.org/string-width/-/string-width-5.1.2.tgz 0ms (cache hit)
3508 http cache is-extglob@https://registry.npmjs.org/is-extglob/-/is-extglob-2.1.1.tgz 0ms (cache hit)
3509 http cache binary-extensions@https://registry.npmjs.org/binary-extensions/-/binary-extensions-2.3.0.tgz 0ms (cache hit)
3510 http cache agent-base@https://registry.npmjs.org/agent-base/-/agent-base-7.1.4.tgz 0ms (cache hit)
3511 http cache safer-buffer@https://registry.npmjs.org/safer-buffer/-/safer-buffer-2.1.2.tgz 0ms (cache hit)
3512 http cache toidentifier@https://registry.npmjs.org/toidentifier/-/toidentifier-1.0.1.tgz 0ms (cache hit)
3513 http cache url-template@https://registry.npmjs.org/url-template/-/url-template-2.0.8.tgz 0ms (cache hit)
3514 http cache once@https://registry.npmjs.org/once/-/once-1.4.0.tgz 0ms (cache hit)
3515 http cache stream-shift@https://registry.npmjs.org/stream-shift/-/stream-shift-1.0.3.tgz 0ms (cache hit)
3516 http cache inherits@https://registry.npmjs.org/inherits/-/inherits-2.0.4.tgz 0ms (cache hit)
3517 http cache yargs@https://registry.npmjs.org/yargs/-/yargs-17.7.3.tgz 0ms (cache hit)
3518 http cache lodash.camelcase@https://registry.npmjs.org/lodash.camelcase/-/lodash.camelcase-4.3.0.tgz 0ms (cache hit)
3519 http cache end-of-stream@https://registry.npmjs.org/end-of-stream/-/end-of-stream-1.4.5.tgz 0ms (cache hit)
3520 http cache retry-request@https://registry.npmjs.org/retry-request/-/retry-request-8.0.4.tgz 0ms (cache hit)
3521 http cache @js-sdsl/ordered-map@https://registry.npmjs.org/@js-sdsl/ordered-map/-/ordered-map-4.4.2.tgz 0ms (cache hit)
3522 http cache rimraf@https://registry.npmjs.org/rimraf/-/rimraf-5.0.10.tgz 0ms (cache hit)
3523 http cache protobufjs@https://registry.npmjs.org/protobufjs/-/protobufjs-7.6.5.tgz 0ms (cache hit)
3524 http cache proto3-json-serializer@https://registry.npmjs.org/proto3-json-serializer/-/proto3-json-serializer-3.0.4.tgz 0ms (cache hit)
3525 http cache duplexify@https://registry.npmjs.org/duplexify/-/duplexify-4.1.3.tgz 0ms (cache hit)
3526 http cache object-hash@https://registry.npmjs.org/object-hash/-/object-hash-3.0.0.tgz 0ms (cache hit)
3527 http cache json-bigint@https://registry.npmjs.org/json-bigint/-/json-bigint-1.0.0.tgz 0ms (cache hit)
3528 http cache @grpc/grpc-js@https://registry.npmjs.org/@grpc/grpc-js/-/grpc-js-1.14.4.tgz 0ms (cache hit)
3529 http cache @grpc/proto-loader@https://registry.npmjs.org/@grpc/proto-loader/-/proto-loader-0.8.1.tgz 1ms (cache hit)
3530 http cache readable-stream@https://registry.npmjs.org/readable-stream/-/readable-stream-3.6.2.tgz 0ms (cache hit)
3531 http cache jws@https://registry.npmjs.org/jws/-/jws-4.0.1.tgz 0ms (cache hit)
3532 http cache gcp-metadata@https://registry.npmjs.org/gcp-metadata/-/gcp-metadata-6.1.1.tgz 0ms (cache hit)
3533 http cache gtoken@https://registry.npmjs.org/gtoken/-/gtoken-7.1.0.tgz 0ms (cache hit)
3534 http cache ecdsa-sig-formatter@https://registry.npmjs.org/ecdsa-sig-formatter/-/ecdsa-sig-formatter-1.0.11.tgz 0ms (cache hit)
3535 http cache google-logging-utils@https://registry.npmjs.org/google-logging-utils/-/google-logging-utils-0.0.2.tgz 0ms (cache hit)
3536 http cache base64-js@https://registry.npmjs.org/base64-js/-/base64-js-1.5.1.tgz 0ms (cache hit)
3537 http cache path-scurry@https://registry.npmjs.org/path-scurry/-/path-scurry-1.11.1.tgz 0ms (cache hit)
3538 http cache package-json-from-dist@https://registry.npmjs.org/package-json-from-dist/-/package-json-from-dist-1.0.1.tgz 0ms (cache hit)
3539 http cache jackspeak@https://registry.npmjs.org/jackspeak/-/jackspeak-3.4.3.tgz 0ms (cache hit)
3540 http cache minipass@https://registry.npmjs.org/minipass/-/minipass-7.1.3.tgz 0ms (cache hit)
3541 http cache foreground-child@https://registry.npmjs.org/foreground-child/-/foreground-child-3.3.1.tgz 0ms (cache hit)
3542 http cache dunder-proto@https://registry.npmjs.org/dunder-proto/-/dunder-proto-1.0.1.tgz 0ms (cache hit)
3543 http cache has-symbols@https://registry.npmjs.org/has-symbols/-/has-symbols-1.1.0.tgz 0ms (cache hit)
3544 http cache math-intrinsics@https://registry.npmjs.org/math-intrinsics/-/math-intrinsics-1.1.0.tgz 0ms (cache hit)
3545 http cache gopd@https://registry.npmjs.org/gopd/-/gopd-1.2.0.tgz 0ms (cache hit)
3546 http cache get-proto@https://registry.npmjs.org/get-proto/-/get-proto-1.0.1.tgz 0ms (cache hit)
3547 http cache es-object-atoms@https://registry.npmjs.org/es-object-atoms/-/es-object-atoms-1.1.2.tgz 0ms (cache hit)
3548 http cache function-bind@https://registry.npmjs.org/function-bind/-/function-bind-1.1.2.tgz 0ms (cache hit)
3549 http cache es-define-property@https://registry.npmjs.org/es-define-property/-/es-define-property-1.0.1.tgz 0ms (cache hit)
3550 http cache call-bind-apply-helpers@https://registry.npmjs.org/call-bind-apply-helpers/-/call-bind-apply-helpers-1.0.2.tgz 0ms (cache hit)
3551 http cache https-proxy-agent@https://registry.npmjs.org/https-proxy-agent/-/https-proxy-agent-7.0.6.tgz 0ms (cache hit)
3552 http cache uuid@https://registry.npmjs.org/uuid/-/uuid-9.0.1.tgz 0ms (cache hit)
3553 http cache ms@https://registry.npmjs.org/ms/-/ms-2.1.3.tgz 0ms (cache hit)
3554 http cache debug@https://registry.npmjs.org/debug/-/debug-4.4.3.tgz 0ms (cache hit)
3555 http cache universalify@https://registry.npmjs.org/universalify/-/universalify-2.0.1.tgz 0ms (cache hit)
3556 http cache jsonfile@https://registry.npmjs.org/jsonfile/-/jsonfile-6.2.1.tgz 0ms (cache hit)
3557 http cache has-tostringtag@https://registry.npmjs.org/has-tostringtag/-/has-tostringtag-1.0.2.tgz 0ms (cache hit)
3558 http cache get-intrinsic@https://registry.npmjs.org/get-intrinsic/-/get-intrinsic-1.3.0.tgz 0ms (cache hit)
3559 http cache es-errors@https://registry.npmjs.org/es-errors/-/es-errors-1.3.0.tgz 0ms (cache hit)
3560 http cache delayed-stream@https://registry.npmjs.org/delayed-stream/-/delayed-stream-1.0.0.tgz 0ms (cache hit)
3561 http cache es-set-tostringtag@https://registry.npmjs.org/es-set-tostringtag/-/es-set-tostringtag-2.1.0.tgz 0ms (cache hit)
3562 http cache hasown@https://registry.npmjs.org/hasown/-/hasown-2.0.4.tgz 0ms (cache hit)
3563 http cache combined-stream@https://registry.npmjs.org/combined-stream/-/combined-stream-1.0.8.tgz 0ms (cache hit)
3564 http cache asynckit@https://registry.npmjs.org/asynckit/-/asynckit-0.4.0.tgz 0ms (cache hit)
3565 http cache ip-address@https://registry.npmjs.org/ip-address/-/ip-address-10.4.0.tgz 0ms (cache hit)
3566 http cache to-regex-range@https://registry.npmjs.org/to-regex-range/-/to-regex-range-5.0.1.tgz 0ms (cache hit)
3567 http cache negotiator@https://registry.npmjs.org/negotiator/-/negotiator-0.6.3.tgz 0ms (cache hit)
3568 http cache mime-types@https://registry.npmjs.org/mime-types/-/mime-types-2.1.35.tgz 0ms (cache hit)
3569 http cache statuses@https://registry.npmjs.org/statuses/-/statuses-2.0.2.tgz 0ms (cache hit)
3570 http cache setprototypeof@https://registry.npmjs.org/setprototypeof/-/setprototypeof-1.2.0.tgz 0ms (cache hit)
3571 http cache utils-merge@https://registry.npmjs.org/utils-merge/-/utils-merge-1.0.1.tgz 0ms (cache hit)
3572 http cache serve-static@https://registry.npmjs.org/serve-static/-/serve-static-1.16.3.tgz 0ms (cache hit)
3573 http cache send@https://registry.npmjs.org/send/-/send-0.19.2.tgz 0ms (cache hit)
3574 http cache range-parser@https://registry.npmjs.org/range-parser/-/range-parser-1.2.1.tgz 0ms (cache hit)
3575 http cache safe-buffer@https://registry.npmjs.org/safe-buffer/-/safe-buffer-5.2.1.tgz 0ms (cache hit)
3576 http cache ms@https://registry.npmjs.org/ms/-/ms-2.1.3.tgz 0ms (cache hit)
3577 http cache mime@https://registry.npmjs.org/mime/-/mime-1.6.0.tgz 0ms (cache hit)
3578 http cache proxy-addr@https://registry.npmjs.org/proxy-addr/-/proxy-addr-2.0.7.tgz 0ms (cache hit)
3579 http cache path-to-regexp@https://registry.npmjs.org/path-to-regexp/-/path-to-regexp-0.1.13.tgz 0ms (cache hit)
3580 http cache parseurl@https://registry.npmjs.org/parseurl/-/parseurl-1.3.3.tgz 0ms (cache hit)
3581 http cache methods@https://registry.npmjs.org/methods/-/methods-1.1.2.tgz 0ms (cache hit)
3582 http cache merge-descriptors@https://registry.npmjs.org/merge-descriptors/-/merge-descriptors-1.0.3.tgz 0ms (cache hit)
3583 http cache fresh@https://registry.npmjs.org/fresh/-/fresh-0.5.2.tgz 0ms (cache hit)
3584 http cache finalhandler@https://registry.npmjs.org/finalhandler/-/finalhandler-1.3.2.tgz 0ms (cache hit)
3585 http cache etag@https://registry.npmjs.org/etag/-/etag-1.8.1.tgz 0ms (cache hit)
3586 http cache encodeurl@https://registry.npmjs.org/encodeurl/-/encodeurl-2.0.0.tgz 0ms (cache hit)
3587 http cache cookie-signature@https://registry.npmjs.org/cookie-signature/-/cookie-signature-1.0.7.tgz 0ms (cache hit)
3588 http cache cookie@https://registry.npmjs.org/cookie/-/cookie-0.7.2.tgz 0ms (cache hit)
3589 http cache escape-html@https://registry.npmjs.org/escape-html/-/escape-html-1.0.3.tgz 0ms (cache hit)
3590 http cache content-disposition@https://registry.npmjs.org/content-disposition/-/content-disposition-0.5.4.tgz 0ms (cache hit)
3591 http cache array-flatten@https://registry.npmjs.org/array-flatten/-/array-flatten-1.1.1.tgz 0ms (cache hit)
3592 http cache accepts@https://registry.npmjs.org/accepts/-/accepts-1.3.8.tgz 0ms (cache hit)
3593 http cache call-me-maybe@https://registry.npmjs.org/call-me-maybe/-/call-me-maybe-1.0.2.tgz 0ms (cache hit)
3594 http cache @types/json-schema@https://registry.npmjs.org/@types/json-schema/-/json-schema-7.0.15.tgz 0ms (cache hit)
3595 http cache @jsdevtools/ono@https://registry.npmjs.org/@jsdevtools/ono/-/ono-7.1.3.tgz 0ms (cache hit)
3596 http cache promise-breaker@https://registry.npmjs.org/promise-breaker/-/promise-breaker-6.0.0.tgz 0ms (cache hit)
3597 http cache openapi3-ts@https://registry.npmjs.org/openapi3-ts/-/openapi3-ts-3.2.0.tgz 0ms (cache hit)
3598 http cache json-ptr@https://registry.npmjs.org/json-ptr/-/json-ptr-3.1.1.tgz 0ms (cache hit)
3599 http cache deep-freeze@https://registry.npmjs.org/deep-freeze/-/deep-freeze-0.0.1.tgz 0ms (cache hit)
3600 http cache events-listener@https://registry.npmjs.org/events-listener/-/events-listener-1.1.0.tgz 0ms (cache hit)
3601 http cache is-obj@https://registry.npmjs.org/is-obj/-/is-obj-2.0.0.tgz 0ms (cache hit)
3602 http cache @apidevtools/json-schema-ref-parser@https://registry.npmjs.org/@apidevtools/json-schema-ref-parser/-/json-schema-ref-parser-9.1.2.tgz 0ms (cache hit)
3603 http cache which@https://registry.npmjs.org/which/-/which-2.0.2.tgz 0ms (cache hit)
3604 http cache ms@https://registry.npmjs.org/ms/-/ms-2.0.0.tgz 0ms (cache hit)
3605 http cache shebang-command@https://registry.npmjs.org/shebang-command/-/shebang-command-2.0.0.tgz 0ms (cache hit)
3606 http cache path-key@https://registry.npmjs.org/path-key/-/path-key-3.1.1.tgz 0ms (cache hit)
3607 http cache object-assign@https://registry.npmjs.org/object-assign/-/object-assign-4.1.1.tgz 0ms (cache hit)
3608 http cache vary@https://registry.npmjs.org/vary/-/vary-1.1.2.tgz 0ms (cache hit)
3609 http cache xdg-basedir@https://registry.npmjs.org/xdg-basedir/-/xdg-basedir-4.0.0.tgz 0ms (cache hit)
3610 http cache write-file-atomic@https://registry.npmjs.org/write-file-atomic/-/write-file-atomic-3.0.3.tgz 0ms (cache hit)
3611 http cache unique-string@https://registry.npmjs.org/unique-string/-/unique-string-2.0.0.tgz 0ms (cache hit)
3612 http cache signal-exit@https://registry.npmjs.org/signal-exit/-/signal-exit-3.0.7.tgz 0ms (cache hit)
3613 http cache make-dir@https://registry.npmjs.org/make-dir/-/make-dir-3.1.0.tgz 0ms (cache hit)
3614 http cache dot-prop@https://registry.npmjs.org/dot-prop/-/dot-prop-5.3.0.tgz 0ms (cache hit)
3615 http cache semver@https://registry.npmjs.org/semver/-/semver-6.3.1.tgz 0ms (cache hit)
3616 http cache string-width@https://registry.npmjs.org/string-width/-/string-width-4.2.3.tgz 0ms (cache hit)
3617 http cache ansi-regex@https://registry.npmjs.org/ansi-regex/-/ansi-regex-5.0.1.tgz 0ms (cache hit)
3618 http cache strip-ansi@https://registry.npmjs.org/strip-ansi/-/strip-ansi-6.0.1.tgz 0ms (cache hit)
3619 http cache json-parse-helpfulerror@https://registry.npmjs.org/json-parse-helpfulerror/-/json-parse-helpfulerror-1.0.3.tgz 0ms (cache hit)
3620 http cache @colors/colors@https://registry.npmjs.org/@colors/colors/-/colors-1.5.0.tgz 0ms (cache hit)
3621 http cache fill-range@https://registry.npmjs.org/fill-range/-/fill-range-7.1.1.tgz 0ms (cache hit)
3622 http cache is-glob@https://registry.npmjs.org/is-glob/-/is-glob-4.0.3.tgz 0ms (cache hit)
3623 http cache picomatch@https://registry.npmjs.org/picomatch/-/picomatch-2.3.2.tgz 0ms (cache hit)
3624 http cache readdirp@https://registry.npmjs.org/readdirp/-/readdirp-3.6.0.tgz 0ms (cache hit)
3625 http cache is-binary-path@https://registry.npmjs.org/is-binary-path/-/is-binary-path-2.1.0.tgz 0ms (cache hit)
3626 http cache glob-parent@https://registry.npmjs.org/glob-parent/-/glob-parent-5.1.2.tgz 0ms (cache hit)
3627 http cache braces@https://registry.npmjs.org/braces/-/braces-3.0.3.tgz 0ms (cache hit)
3628 http cache anymatch@https://registry.npmjs.org/anymatch/-/anymatch-3.1.3.tgz 0ms (cache hit)
3629 http cache unpipe@https://registry.npmjs.org/unpipe/-/unpipe-1.0.0.tgz 0ms (cache hit)
3630 http cache qs@https://registry.npmjs.org/qs/-/qs-6.15.3.tgz 0ms (cache hit)
3631 http cache type-is@https://registry.npmjs.org/type-is/-/type-is-1.6.18.tgz 0ms (cache hit)
3632 http cache http-errors@https://registry.npmjs.org/http-errors/-/http-errors-2.0.1.tgz 0ms (cache hit)
3633 http cache on-finished@https://registry.npmjs.org/on-finished/-/on-finished-2.4.1.tgz 0ms (cache hit)
3634 http cache destroy@https://registry.npmjs.org/destroy/-/destroy-1.2.0.tgz 0ms (cache hit)
3635 http cache depd@https://registry.npmjs.org/depd/-/depd-2.0.0.tgz 0ms (cache hit)
3636 http cache bytes@https://registry.npmjs.org/bytes/-/bytes-3.1.2.tgz 0ms (cache hit)
3637 http cache debug@https://registry.npmjs.org/debug/-/debug-2.6.9.tgz 0ms (cache hit)
3638 http cache lazystream@https://registry.npmjs.org/lazystream/-/lazystream-1.0.1.tgz 0ms (cache hit)
3639 http cache normalize-path@https://registry.npmjs.org/normalize-path/-/normalize-path-3.0.0.tgz 0ms (cache hit)
3640 http cache is-stream@https://registry.npmjs.org/is-stream/-/is-stream-2.0.1.tgz 0ms (cache hit)
3641 http cache readable-stream@https://registry.npmjs.org/readable-stream/-/readable-stream-2.3.8.tgz 0ms (cache hit)
3642 http cache string_decoder@https://registry.npmjs.org/string_decoder/-/string_decoder-1.1.1.tgz 0ms (cache hit)
3643 http cache safe-buffer@https://registry.npmjs.org/safe-buffer/-/safe-buffer-5.1.2.tgz 0ms (cache hit)
3644 http cache graceful-fs@https://registry.npmjs.org/graceful-fs/-/graceful-fs-4.2.11.tgz 0ms (cache hit)
3645 http cache zip-stream@https://registry.npmjs.org/zip-stream/-/zip-stream-6.0.1.tgz 0ms (cache hit)
3646 http cache readdir-glob@https://registry.npmjs.org/readdir-glob/-/readdir-glob-1.1.3.tgz 0ms (cache hit)
3647 http cache tar-stream@https://registry.npmjs.org/tar-stream/-/tar-stream-3.2.0.tgz 0ms (cache hit)
3648 http cache readable-stream@https://registry.npmjs.org/readable-stream/-/readable-stream-4.7.0.tgz 0ms (cache hit)
3649 http cache minimatch@https://registry.npmjs.org/minimatch/-/minimatch-5.1.9.tgz 0ms (cache hit)
3650 http cache brace-expansion@https://registry.npmjs.org/brace-expansion/-/brace-expansion-2.1.4.tgz 0ms (cache hit)
3651 http cache buffer@https://registry.npmjs.org/buffer/-/buffer-6.0.3.tgz 0ms (cache hit)
3652 http cache async@https://registry.npmjs.org/async/-/async-3.2.6.tgz 0ms (cache hit)
3653 http cache buffer-crc32@https://registry.npmjs.org/buffer-crc32/-/buffer-crc32-1.0.0.tgz 0ms (cache hit)
3654 http cache archiver-utils@https://registry.npmjs.org/archiver-utils/-/archiver-utils-5.0.2.tgz 0ms (cache hit)
3655 http cache require-from-string@https://registry.npmjs.org/require-from-string/-/require-from-string-2.0.2.tgz 0ms (cache hit)
3656 http cache json-schema-traverse@https://registry.npmjs.org/json-schema-traverse/-/json-schema-traverse-1.0.0.tgz 0ms (cache hit)
3657 http cache fast-uri@https://registry.npmjs.org/fast-uri/-/fast-uri-3.1.5.tgz 0ms (cache hit)
3658 http cache fast-deep-equal@https://registry.npmjs.org/fast-deep-equal/-/fast-deep-equal-3.1.3.tgz 0ms (cache hit)
3659 http cache event-target-shim@https://registry.npmjs.org/event-target-shim/-/event-target-shim-5.0.1.tgz 0ms (cache hit)
3660 http cache zod-to-json-schema@https://registry.npmjs.org/zod-to-json-schema/-/zod-to-json-schema-3.25.2.tgz 0ms (cache hit)
3661 http cache raw-body@https://registry.npmjs.org/raw-body/-/raw-body-3.0.2.tgz 0ms (cache hit)
3662 http cache pkce-challenge@https://registry.npmjs.org/pkce-challenge/-/pkce-challenge-5.0.1.tgz 0ms (cache hit)
3663 http cache json-schema-typed@https://registry.npmjs.org/json-schema-typed/-/json-schema-typed-8.0.2.tgz 0ms (cache hit)
3664 http cache jose@https://registry.npmjs.org/jose/-/jose-6.2.8.tgz 0ms (cache hit)
3665 http cache express-rate-limit@https://registry.npmjs.org/express-rate-limit/-/express-rate-limit-8.6.1.tgz 0ms (cache hit)
3666 http cache eventsource-parser@https://registry.npmjs.org/eventsource-parser/-/eventsource-parser-3.1.0.tgz 0ms (cache hit)
3667 http cache eventsource@https://registry.npmjs.org/eventsource/-/eventsource-3.0.7.tgz 0ms (cache hit)
3668 http cache debug@https://registry.npmjs.org/debug/-/debug-4.4.3.tgz 0ms (cache hit)
3669 http cache ms@https://registry.npmjs.org/ms/-/ms-2.1.3.tgz 0ms (cache hit)
3670 http cache content-type@https://registry.npmjs.org/content-type/-/content-type-1.0.5.tgz 0ms (cache hit)
3671 http cache iconv-lite@https://registry.npmjs.org/iconv-lite/-/iconv-lite-0.7.3.tgz 0ms (cache hit)
3672 http cache hono@https://registry.npmjs.org/hono/-/hono-4.12.34.tgz 0ms (cache hit)
3673 http cache @hono/node-server@https://registry.npmjs.org/@hono/node-server/-/node-server-2.0.12.tgz 0ms (cache hit)
3674 http cache chardet@https://registry.npmjs.org/chardet/-/chardet-2.2.0.tgz 0ms (cache hit)
3675 http cache wrap-ansi@https://registry.npmjs.org/wrap-ansi/-/wrap-ansi-6.2.0.tgz 0ms (cache hit)
3676 http cache @inquirer/external-editor@https://registry.npmjs.org/@inquirer/external-editor/-/external-editor-1.0.3.tgz 0ms (cache hit)
3677 http cache ansi-regex@https://registry.npmjs.org/ansi-regex/-/ansi-regex-5.0.1.tgz 0ms (cache hit)
3678 http cache signal-exit@https://registry.npmjs.org/signal-exit/-/signal-exit-4.1.0.tgz 0ms (cache hit)
3679 http cache mute-stream@https://registry.npmjs.org/mute-stream/-/mute-stream-2.0.0.tgz 0ms (cache hit)
3680 http cache strip-ansi@https://registry.npmjs.org/strip-ansi/-/strip-ansi-6.0.1.tgz 0ms (cache hit)
3681 http cache cli-width@https://registry.npmjs.org/cli-width/-/cli-width-4.1.0.tgz 0ms (cache hit)
3682 http cache yoctocolors-cjs@https://registry.npmjs.org/yoctocolors-cjs/-/yoctocolors-cjs-2.1.3.tgz 0ms (cache hit)
3683 http cache @inquirer/type@https://registry.npmjs.org/@inquirer/type/-/type-3.0.10.tgz 0ms (cache hit)
3684 http cache @inquirer/figures@https://registry.npmjs.org/@inquirer/figures/-/figures-1.0.15.tgz 0ms (cache hit)
3685 http cache @inquirer/ansi@https://registry.npmjs.org/@inquirer/ansi/-/ansi-1.0.2.tgz 0ms (cache hit)
3686 http cache @inquirer/select@https://registry.npmjs.org/@inquirer/select/-/select-4.4.2.tgz 0ms (cache hit)
3687 http cache @inquirer/core@https://registry.npmjs.org/@inquirer/core/-/core-10.3.2.tgz 0ms (cache hit)
3688 http cache @inquirer/search@https://registry.npmjs.org/@inquirer/search/-/search-3.2.2.tgz 0ms (cache hit)
3689 http cache @inquirer/rawlist@https://registry.npmjs.org/@inquirer/rawlist/-/rawlist-4.1.11.tgz 0ms (cache hit)
3690 http cache @inquirer/password@https://registry.npmjs.org/@inquirer/password/-/password-4.0.23.tgz 0ms (cache hit)
3691 http cache @inquirer/input@https://registry.npmjs.org/@inquirer/input/-/input-4.3.1.tgz 0ms (cache hit)
3692 http cache @inquirer/number@https://registry.npmjs.org/@inquirer/number/-/number-3.0.23.tgz 0ms (cache hit)
3693 http cache @inquirer/expand@https://registry.npmjs.org/@inquirer/expand/-/expand-4.0.23.tgz 0ms (cache hit)
3694 http cache @inquirer/editor@https://registry.npmjs.org/@inquirer/editor/-/editor-4.2.23.tgz 0ms (cache hit)
3695 http cache @inquirer/confirm@https://registry.npmjs.org/@inquirer/confirm/-/confirm-5.1.21.tgz 0ms (cache hit)
3696 http cache @inquirer/checkbox@https://registry.npmjs.org/@inquirer/checkbox/-/checkbox-4.3.2.tgz 0ms (cache hit)
3697 http cache googleapis-common@https://registry.npmjs.org/googleapis-common/-/googleapis-common-8.0.3.tgz 0ms (cache hit)
3698 http cache data-uri-to-buffer@https://registry.npmjs.org/data-uri-to-buffer/-/data-uri-to-buffer-4.0.1.tgz 0ms (cache hit)
3699 http cache gcp-metadata@https://registry.npmjs.org/gcp-metadata/-/gcp-metadata-8.1.4.tgz 0ms (cache hit)
3700 http cache gtoken@https://registry.npmjs.org/gtoken/-/gtoken-8.0.0.tgz 0ms (cache hit)
3701 http cache node-fetch@https://registry.npmjs.org/node-fetch/-/node-fetch-3.3.2.tgz 0ms (cache hit)
3702 http cache google-auth-library@https://registry.npmjs.org/google-auth-library/-/google-auth-library-10.5.0.tgz 0ms (cache hit)
3703 http cache gaxios@https://registry.npmjs.org/gaxios/-/gaxios-7.1.3.tgz 0ms (cache hit)
3704 http cache google-logging-utils@https://registry.npmjs.org/google-logging-utils/-/google-logging-utils-1.1.3.tgz 0ms (cache hit)
3705 http cache p-defer@https://registry.npmjs.org/p-defer/-/p-defer-3.0.0.tgz 0ms (cache hit)
3706 http cache long@https://registry.npmjs.org/long/-/long-5.3.2.tgz 0ms (cache hit)
3707 http cache lodash.snakecase@https://registry.npmjs.org/lodash.snakecase/-/lodash.snakecase-4.1.1.tgz 0ms (cache hit)
3708 http cache is-stream-ended@https://registry.npmjs.org/is-stream-ended/-/is-stream-ended-0.1.4.tgz 0ms (cache hit)
3709 http cache heap-js@https://registry.npmjs.org/heap-js/-/heap-js-2.7.1.tgz 0ms (cache hit)
3710 http cache google-gax@https://registry.npmjs.org/google-gax/-/google-gax-5.0.8.tgz 0ms (cache hit)
3711 http cache data-uri-to-buffer@https://registry.npmjs.org/data-uri-to-buffer/-/data-uri-to-buffer-4.0.1.tgz 0ms (cache hit)
3712 http cache gtoken@https://registry.npmjs.org/gtoken/-/gtoken-8.0.0.tgz 0ms (cache hit)
3713 http cache gcp-metadata@https://registry.npmjs.org/gcp-metadata/-/gcp-metadata-8.1.4.tgz 0ms (cache hit)
3714 http cache gaxios@https://registry.npmjs.org/gaxios/-/gaxios-7.1.3.tgz 0ms (cache hit)
3715 http cache gaxios@https://registry.npmjs.org/gaxios/-/gaxios-7.3.0.tgz 0ms (cache hit)
3716 http cache google-logging-utils@https://registry.npmjs.org/google-logging-utils/-/google-logging-utils-1.1.3.tgz 0ms (cache hit)
3717 http cache google-auth-library@https://registry.npmjs.org/google-auth-library/-/google-auth-library-10.5.0.tgz 0ms (cache hit)
3718 http cache node-fetch@https://registry.npmjs.org/node-fetch/-/node-fetch-3.3.2.tgz 0ms (cache hit)
3719 http cache extend@https://registry.npmjs.org/extend/-/extend-3.0.2.tgz 0ms (cache hit)
3720 http cache arrify@https://registry.npmjs.org/arrify/-/arrify-2.0.1.tgz 0ms (cache hit)
3721 http cache @opentelemetry/core@https://registry.npmjs.org/@opentelemetry/core/-/core-1.30.1.tgz 0ms (cache hit)
3722 http cache @opentelemetry/semantic-conventions@https://registry.npmjs.org/@opentelemetry/semantic-conventions/-/semantic-conventions-1.39.0.tgz 0ms (cache hit)
3723 http cache @opentelemetry/api@https://registry.npmjs.org/@opentelemetry/api/-/api-1.9.1.tgz 0ms (cache hit)
3724 http cache @google-cloud/promisify@https://registry.npmjs.org/@google-cloud/promisify/-/promisify-5.1.0.tgz 0ms (cache hit)
3725 http cache @google-cloud/projectify@https://registry.npmjs.org/@google-cloud/projectify/-/projectify-5.2.0.tgz 0ms (cache hit)
3726 http cache @google-cloud/precise-date@https://registry.npmjs.org/@google-cloud/precise-date/-/precise-date-5.2.0.tgz 0ms (cache hit)
3727 http cache @opentelemetry/semantic-conventions@https://registry.npmjs.org/@opentelemetry/semantic-conventions/-/semantic-conventions-1.28.0.tgz 0ms (cache hit)
3728 http cache @google-cloud/paginator@https://registry.npmjs.org/@google-cloud/paginator/-/paginator-6.1.0.tgz 0ms (cache hit)
3729 http cache p-throttle@https://registry.npmjs.org/p-throttle/-/p-throttle-8.1.0.tgz 0ms (cache hit)
3730 http cache zod@https://registry.npmjs.org/zod/-/zod-4.4.3.tgz 0ms (cache hit)
3731 http cache @googleapis/sqladmin@https://registry.npmjs.org/@googleapis/sqladmin/-/sqladmin-37.0.0.tgz 0ms (cache hit)
3732 http cache yaml@https://registry.npmjs.org/yaml/-/yaml-2.9.0.tgz 0ms (cache hit)
3733 http cache ws@https://registry.npmjs.org/ws/-/ws-8.21.1.tgz 0ms (cache hit)
3734 http cache winston-transport@https://registry.npmjs.org/winston-transport/-/winston-transport-4.9.0.tgz 0ms (cache hit)
3735 http cache winston@https://registry.npmjs.org/winston/-/winston-3.19.0.tgz 0ms (cache hit)
3736 http cache readable-stream@https://registry.npmjs.org/readable-stream/-/readable-stream-3.6.2.tgz 0ms (cache hit)
3737 http cache readable-stream@https://registry.npmjs.org/readable-stream/-/readable-stream-3.6.2.tgz 0ms (cache hit)
3738 http cache update-notifier-cjs@https://registry.npmjs.org/update-notifier-cjs/-/update-notifier-cjs-5.1.7.tgz 0ms (cache hit)
3739 http cache @colors/colors@https://registry.npmjs.org/@colors/colors/-/colors-1.6.0.tgz 0ms (cache hit)
3740 http cache universal-analytics@https://registry.npmjs.org/universal-analytics/-/universal-analytics-0.5.4.tgz 0ms (cache hit)
3741 http cache chalk@https://registry.npmjs.org/chalk/-/chalk-4.1.2.tgz 0ms (cache hit)
3742 http cache uuid@https://registry.npmjs.org/uuid/-/uuid-14.0.1.tgz 0ms (cache hit)
3743 http cache debug@https://registry.npmjs.org/debug/-/debug-4.4.3.tgz 0ms (cache hit)
3744 http cache ms@https://registry.npmjs.org/ms/-/ms-2.1.3.tgz 0ms (cache hit)
3745 http cache undici@https://registry.npmjs.org/undici/-/undici-6.28.0.tgz 0ms (cache hit)
3746 http cache triple-beam@https://registry.npmjs.org/triple-beam/-/triple-beam-1.4.1.tgz 0ms (cache hit)
3747 http cache tcp-port-used@https://registry.npmjs.org/tcp-port-used/-/tcp-port-used-1.0.3.tgz 0ms (cache hit)
3748 http cache tmp@https://registry.npmjs.org/tmp/-/tmp-0.2.7.tgz 0ms (cache hit)
3749 http cache superstatic@https://registry.npmjs.org/superstatic/-/superstatic-10.0.0.tgz 0ms (cache hit)
3750 http cache tar@https://registry.npmjs.org/tar/-/tar-7.5.22.tgz 0ms (cache hit)
3751 http cache ms@https://registry.npmjs.org/ms/-/ms-2.1.2.tgz 0ms (cache hit)
3752 http cache debug@https://registry.npmjs.org/debug/-/debug-4.3.1.tgz 0ms (cache hit)
3753 http cache brace-expansion@https://registry.npmjs.org/brace-expansion/-/brace-expansion-2.1.4.tgz 0ms (cache hit)
3754 http cache path-to-regexp@https://registry.npmjs.org/path-to-regexp/-/path-to-regexp-1.9.0.tgz 0ms (cache hit)
3755 http cache isarray@https://registry.npmjs.org/isarray/-/isarray-0.0.1.tgz 0ms (cache hit)
3756 http cache minimatch@https://registry.npmjs.org/minimatch/-/minimatch-6.2.3.tgz 1ms (cache hit)
3757 http cache stream-chain@https://registry.npmjs.org/stream-chain/-/stream-chain-2.2.5.tgz 0ms (cache hit)
3758 http cache stream-json@https://registry.npmjs.org/stream-json/-/stream-json-1.9.1.tgz 0ms (cache hit)
3759 http cache sql-formatter@https://registry.npmjs.org/sql-formatter/-/sql-formatter-15.8.2.tgz 0ms (cache hit)
3760 http cache commander@https://registry.npmjs.org/commander/-/commander-10.0.1.tgz 0ms (cache hit)
3761 http cache retry@https://registry.npmjs.org/retry/-/retry-0.13.1.tgz 0ms (cache hit)
3762 http cache semver@https://registry.npmjs.org/semver/-/semver-7.8.5.tgz 0ms (cache hit)
3763 http cache proxy-agent@https://registry.npmjs.org/proxy-agent/-/proxy-agent-6.5.0.tgz 0ms (cache hit)
3764 http cache ms@https://registry.npmjs.org/ms/-/ms-2.1.3.tgz 0ms (cache hit)
3765 http cache progress@https://registry.npmjs.org/progress/-/progress-2.0.3.tgz 0ms (cache hit)
3766 http cache debug@https://registry.npmjs.org/debug/-/debug-4.4.3.tgz 0ms (cache hit)
3767 http cache lru-cache@https://registry.npmjs.org/lru-cache/-/lru-cache-7.18.3.tgz 0ms (cache hit)
3768 http cache portfinder@https://registry.npmjs.org/portfinder/-/portfinder-1.0.38.tgz 0ms (cache hit)
3769 http cache pglite-2@https://registry.npmjs.org/@electric-sql/pglite/-/pglite-0.2.17.tgz 0ms (cache hit)
3770 http cache ms@https://registry.npmjs.org/ms/-/ms-2.1.3.tgz 0ms (cache hit)
3771 http cache debug@https://registry.npmjs.org/debug/-/debug-4.4.3.tgz 0ms (cache hit)
3772 http cache pg-gateway@https://registry.npmjs.org/pg-gateway/-/pg-gateway-0.3.0-beta.4.tgz 0ms (cache hit)
3773 http cache ora@https://registry.npmjs.org/ora/-/ora-5.4.1.tgz 0ms (cache hit)
3774 http cache pg@https://registry.npmjs.org/pg/-/pg-8.22.0.tgz 0ms (cache hit)
3775 http cache strip-ansi@https://registry.npmjs.org/strip-ansi/-/strip-ansi-6.0.1.tgz 0ms (cache hit)
3776 http cache ansi-regex@https://registry.npmjs.org/ansi-regex/-/ansi-regex-5.0.1.tgz 0ms (cache hit)
3777 http cache chalk@https://registry.npmjs.org/chalk/-/chalk-4.1.2.tgz 0ms (cache hit)
3778 http cache open@https://registry.npmjs.org/open/-/open-6.4.0.tgz 0ms (cache hit)
3779 http cache morgan@https://registry.npmjs.org/morgan/-/morgan-1.11.0.tgz 0ms (cache hit)
3780 http cache node-fetch@https://registry.npmjs.org/node-fetch/-/node-fetch-2.7.0.tgz 0ms (cache hit)
3781 http cache minimatch@https://registry.npmjs.org/minimatch/-/minimatch-3.1.5.tgz 0ms (cache hit)
3782 http cache mime@https://registry.npmjs.org/mime/-/mime-2.6.0.tgz 0ms (cache hit)
3783 http cache marked-terminal@https://registry.npmjs.org/marked-terminal/-/marked-terminal-7.3.0.tgz 0ms (cache hit)
3784 http cache marked@https://registry.npmjs.org/marked/-/marked-13.0.3.tgz 0ms (cache hit)
3785 http cache lsofi@https://registry.npmjs.org/lsofi/-/lsofi-2.0.0.tgz 0ms (cache hit)
3786 http cache lodash@https://registry.npmjs.org/lodash/-/lodash-4.18.1.tgz 0ms (cache hit)
3787 http cache jsonwebtoken@https://registry.npmjs.org/jsonwebtoken/-/jsonwebtoken-9.0.3.tgz 0ms (cache hit)
3788 http cache libsodium-wrappers@https://registry.npmjs.org/libsodium-wrappers/-/libsodium-wrappers-0.7.16.tgz 0ms (cache hit)
3789 http cache js-yaml@https://registry.npmjs.org/js-yaml/-/js-yaml-4.3.1.tgz 0ms (cache hit)
3790 http cache ms@https://registry.npmjs.org/ms/-/ms-2.1.3.tgz 0ms (cache hit)
3791 http cache ignore@https://registry.npmjs.org/ignore/-/ignore-7.0.6.tgz 0ms (cache hit)
3792 http cache google-auth-library@https://registry.npmjs.org/google-auth-library/-/google-auth-library-9.15.1.tgz 0ms (cache hit)
3793 http cache glob@https://registry.npmjs.org/glob/-/glob-10.5.0.tgz 0ms (cache hit)
3794 http cache gaxios@https://registry.npmjs.org/gaxios/-/gaxios-6.7.1.tgz 0ms (cache hit)
3795 http cache minimatch@https://registry.npmjs.org/minimatch/-/minimatch-9.0.9.tgz 0ms (cache hit)
3796 http cache brace-expansion@https://registry.npmjs.org/brace-expansion/-/brace-expansion-2.1.4.tgz 0ms (cache hit)
3797 http cache fuzzy@https://registry.npmjs.org/fuzzy/-/fuzzy-0.1.3.tgz 0ms (cache hit)
3798 http cache fs-extra@https://registry.npmjs.org/fs-extra/-/fs-extra-10.1.0.tgz 0ms (cache hit)
3799 http cache express@https://registry.npmjs.org/express/-/express-4.22.2.tgz 0ms (cache hit)
3800 http cache form-data@https://registry.npmjs.org/form-data/-/form-data-4.0.6.tgz 0ms (cache hit)
3801 http cache exegesis-express@https://registry.npmjs.org/exegesis-express/-/exegesis-express-4.0.0.tgz 0ms (cache hit)
3802 http cache exegesis@https://registry.npmjs.org/exegesis/-/exegesis-4.3.0.tgz 0ms (cache hit)
3803 http cache csv-parse@https://registry.npmjs.org/csv-parse/-/csv-parse-5.6.0.tgz 0ms (cache hit)
3804 http cache iconv-lite@https://registry.npmjs.org/iconv-lite/-/iconv-lite-0.4.24.tgz 0ms (cache hit)
3805 http cache raw-body@https://registry.npmjs.org/raw-body/-/raw-body-2.5.3.tgz 0ms (cache hit)
3806 http cache ajv-formats@https://registry.npmjs.org/ajv-formats/-/ajv-formats-2.1.1.tgz 0ms (cache hit)
3807 http cache cross-spawn@https://registry.npmjs.org/cross-spawn/-/cross-spawn-7.0.6.tgz 0ms (cache hit)
3808 http cache cross-env@https://registry.npmjs.org/cross-env/-/cross-env-7.0.3.tgz 0ms (cache hit)
3809 http cache configstore@https://registry.npmjs.org/configstore/-/configstore-5.0.1.tgz 0ms (cache hit)
3810 http cache cors@https://registry.npmjs.org/cors/-/cors-2.8.6.tgz 0ms (cache hit)
3811 http cache commander@https://registry.npmjs.org/commander/-/commander-5.1.0.tgz 0ms (cache hit)
3812 http cache colorette@https://registry.npmjs.org/colorette/-/colorette-2.0.20.tgz 0ms (cache hit)
3813 http cache cli-table3@https://registry.npmjs.org/cli-table3/-/cli-table3-0.6.5.tgz 0ms (cache hit)
3814 http cache cjson@https://registry.npmjs.org/cjson/-/cjson-0.3.3.tgz 0ms (cache hit)
3815 http cache chokidar@https://registry.npmjs.org/chokidar/-/chokidar-3.6.0.tgz 0ms (cache hit)
3816 http cache body-parser@https://registry.npmjs.org/body-parser/-/body-parser-1.20.6.tgz 0ms (cache hit)
3817 http cache async-lock@https://registry.npmjs.org/async-lock/-/async-lock-1.4.1.tgz 0ms (cache hit)
3818 http cache archiver@https://registry.npmjs.org/archiver/-/archiver-7.0.1.tgz 0ms (cache hit)
3819 http cache raw-body@https://registry.npmjs.org/raw-body/-/raw-body-2.5.3.tgz 0ms (cache hit)
3820 http cache iconv-lite@https://registry.npmjs.org/iconv-lite/-/iconv-lite-0.4.24.tgz 0ms (cache hit)
3821 http cache ajv-formats@https://registry.npmjs.org/ajv-formats/-/ajv-formats-3.0.1.tgz 0ms (cache hit)
3822 http cache ajv@https://registry.npmjs.org/ajv/-/ajv-8.20.0.tgz 0ms (cache hit)
3823 http cache abort-controller@https://registry.npmjs.org/abort-controller/-/abort-controller-3.0.0.tgz 0ms (cache hit)
3824 http cache @modelcontextprotocol/sdk@https://registry.npmjs.org/@modelcontextprotocol/sdk/-/sdk-1.30.0.tgz 0ms (cache hit)
3825 http cache media-typer@https://registry.npmjs.org/media-typer/-/media-typer-1.1.1.tgz 0ms (cache hit)
3826 http cache mime-db@https://registry.npmjs.org/mime-db/-/mime-db-1.54.0.tgz 0ms (cache hit)
3827 http cache ms@https://registry.npmjs.org/ms/-/ms-2.1.3.tgz 0ms (cache hit)
3828 http cache negotiator@https://registry.npmjs.org/negotiator/-/negotiator-1.0.0.tgz 0ms (cache hit)
3829 http cache serve-static@https://registry.npmjs.org/serve-static/-/serve-static-2.2.1.tgz 0ms (cache hit)
3830 http cache type-is@https://registry.npmjs.org/type-is/-/type-is-2.1.0.tgz 0ms (cache hit)
3831 http cache send@https://registry.npmjs.org/send/-/send-1.2.1.tgz 0ms (cache hit)
3832 http cache content-type@https://registry.npmjs.org/content-type/-/content-type-2.0.0.tgz 0ms (cache hit)
3833 http cache mime-types@https://registry.npmjs.org/mime-types/-/mime-types-3.0.2.tgz 0ms (cache hit)
3834 http cache merge-descriptors@https://registry.npmjs.org/merge-descriptors/-/merge-descriptors-2.0.0.tgz 0ms (cache hit)
3835 http cache fresh@https://registry.npmjs.org/fresh/-/fresh-2.0.0.tgz 0ms (cache hit)
3836 http cache finalhandler@https://registry.npmjs.org/finalhandler/-/finalhandler-2.1.1.tgz 0ms (cache hit)
3837 http cache debug@https://registry.npmjs.org/debug/-/debug-4.4.3.tgz 0ms (cache hit)
3838 http cache cookie-signature@https://registry.npmjs.org/cookie-signature/-/cookie-signature-1.2.2.tgz 0ms (cache hit)
3839 http cache body-parser@https://registry.npmjs.org/body-parser/-/body-parser-2.3.0.tgz 0ms (cache hit)
3840 http cache accepts@https://registry.npmjs.org/accepts/-/accepts-2.0.0.tgz 0ms (cache hit)
3841 http cache express@https://registry.npmjs.org/express/-/express-5.2.1.tgz 0ms (cache hit)
3842 http cache content-type@https://registry.npmjs.org/content-type/-/content-type-2.0.0.tgz 0ms (cache hit)
3843 http cache @inquirer/prompts@https://registry.npmjs.org/@inquirer/prompts/-/prompts-7.10.1.tgz 0ms (cache hit)
3844 http cache @google-cloud/pubsub@https://registry.npmjs.org/@google-cloud/pubsub/-/pubsub-5.3.1.tgz 0ms (cache hit)
3845 http cache data-uri-to-buffer@https://registry.npmjs.org/data-uri-to-buffer/-/data-uri-to-buffer-4.0.1.tgz 0ms (cache hit)
3846 http cache node-fetch@https://registry.npmjs.org/node-fetch/-/node-fetch-3.3.2.tgz 0ms (cache hit)
3847 http cache gcp-metadata@https://registry.npmjs.org/gcp-metadata/-/gcp-metadata-8.1.2.tgz 0ms (cache hit)
3848 http cache google-logging-utils@https://registry.npmjs.org/google-logging-utils/-/google-logging-utils-1.1.3.tgz 0ms (cache hit)
3849 http cache content-disposition@https://registry.npmjs.org/content-disposition/-/content-disposition-1.1.0.tgz 0ms (cache hit)
3850 http cache gaxios@https://registry.npmjs.org/gaxios/-/gaxios-7.3.0.tgz 0ms (cache hit)
3851 http cache @google-cloud/cloud-sql-connector@https://registry.npmjs.org/@google-cloud/cloud-sql-connector/-/cloud-sql-connector-1.11.3.tgz 0ms (cache hit)
3852 http cache google-auth-library@https://registry.npmjs.org/google-auth-library/-/google-auth-library-10.9.1.tgz 0ms (cache hit)
3853 http cache google-logging-utils@https://registry.npmjs.org/google-logging-utils/-/google-logging-utils-1.1.3.tgz 0ms (cache hit)
3854 http cache data-uri-to-buffer@https://registry.npmjs.org/data-uri-to-buffer/-/data-uri-to-buffer-4.0.1.tgz 0ms (cache hit)
3855 http cache gcp-metadata@https://registry.npmjs.org/gcp-metadata/-/gcp-metadata-8.1.2.tgz 0ms (cache hit)
3856 http cache node-fetch@https://registry.npmjs.org/node-fetch/-/node-fetch-3.3.2.tgz 0ms (cache hit)
3857 http cache google-auth-library@https://registry.npmjs.org/google-auth-library/-/google-auth-library-10.9.1.tgz 0ms (cache hit)
3858 http cache gaxios@https://registry.npmjs.org/gaxios/-/gaxios-7.3.0.tgz 0ms (cache hit)
3859 http cache @apphosting/common@https://registry.npmjs.org/@apphosting/common/-/common-0.0.8.tgz 0ms (cache hit)
3860 http cache @electric-sql/pglite@https://registry.npmjs.org/@electric-sql/pglite/-/pglite-0.3.16.tgz 0ms (cache hit)
3861 http cache @electric-sql/pglite-tools@https://registry.npmjs.org/@electric-sql/pglite-tools/-/pglite-tools-0.2.21.tgz 0ms (cache hit)
3862 warn deprecated node-domexception@1.0.0: Use your platform's native DOMException instead
3863 warn deprecated json-ptr@3.1.1: Package no longer supported. Contact Support at https://www.npmjs.com/support for more info.
3864 warn deprecated uuid@9.0.1: uuid@10 and below is no longer supported.  For ESM codebases, update to uuid@latest.  For CommonJS codebases, use uuid@11 (but be aware this version will likely be deprecated in 2028).
3865 warn deprecated glob@10.5.0: Old versions of glob are not supported, and contain widely publicized security vulnerabilities, which have been fixed in the current version. Please update. Support for old versions may be purchased (at exorbitant rates) by contacting i@izs.me
3866 info run re2@1.26.1 install node_modules/firebase-tools/node_modules/re2 install-from-cache --artifact build/Release/re2.node --host-var RE2_DOWNLOAD_MIRROR --skip-path-var RE2_DOWNLOAD_SKIP_PATH --skip-ver-var RE2_DOWNLOAD_SKIP_VER --force-build-var RE2_DOWNLOAD_FORCE_BUILD || node-gyp -j max rebuild
3867 info run re2@1.26.1 install { code: 0, signal: null }
3868 info run protobufjs@7.6.5 postinstall node_modules/firebase-tools/node_modules/protobufjs node scripts/postinstall
3869 info run protobufjs@7.6.5 postinstall { code: 0, signal: null }
3870 silly ADD node_modules/firebase-tools
3871 silly ADD node_modules/firebase-tools/node_modules/process-nextick-args
3872 silly ADD node_modules/firebase-tools/node_modules/isarray
3873 silly ADD node_modules/firebase-tools/node_modules/core-util-is
3874 silly ADD node_modules/firebase-tools/node_modules/util-deprecate
3875 silly ADD node_modules/firebase-tools/node_modules/eastasianwidth
3876 silly ADD node_modules/firebase-tools/node_modules/web-streams-polyfill
3877 silly ADD node_modules/firebase-tools/node_modules/node-domexception
3878 silly ADD node_modules/firebase-tools/node_modules/formdata-polyfill
3879 silly ADD node_modules/firebase-tools/node_modules/fetch-blob
3880 silly ADD node_modules/firebase-tools/node_modules/crc32-stream
3881 silly ADD node_modules/firebase-tools/node_modules/crc-32
3882 silly ADD node_modules/firebase-tools/node_modules/compress-commons
3883 silly ADD node_modules/firebase-tools/node_modules/yargs-parser
3884 silly ADD node_modules/firebase-tools/node_modules/y18n
3885 silly ADD node_modules/firebase-tools/node_modules/require-directory
3886 silly ADD node_modules/firebase-tools/node_modules/get-caller-file
3887 silly ADD node_modules/firebase-tools/node_modules/escalade
3888 silly ADD node_modules/firebase-tools/node_modules/cliui
3889 silly ADD node_modules/firebase-tools/node_modules/cliui/node_modules/ansi-regex
3890 silly ADD node_modules/firebase-tools/node_modules/cliui/node_modules/wrap-ansi
3891 silly ADD node_modules/firebase-tools/node_modules/cliui/node_modules/strip-ansi
3892 silly ADD node_modules/firebase-tools/node_modules/typedarray-to-buffer
3893 silly ADD node_modules/firebase-tools/node_modules/is-typedarray
3894 silly ADD node_modules/firebase-tools/node_modules/imurmurhash
3895 silly ADD node_modules/firebase-tools/node_modules/ansi-styles
3896 silly ADD node_modules/firebase-tools/node_modules/ansi-styles/node_modules/color-name
3897 silly ADD node_modules/firebase-tools/node_modules/ansi-styles/node_modules/color-convert
3898 silly ADD node_modules/firebase-tools/node_modules/fn.name
3899 silly ADD node_modules/firebase-tools/node_modules/fecha
3900 silly ADD node_modules/firebase-tools/node_modules/@types/triple-beam
3901 silly ADD node_modules/firebase-tools/node_modules/color-name
3902 silly ADD node_modules/firebase-tools/node_modules/color-string
3903 silly ADD node_modules/firebase-tools/node_modules/color-convert
3904 silly ADD node_modules/firebase-tools/node_modules/text-hex
3905 silly ADD node_modules/firebase-tools/node_modules/color
3906 silly ADD node_modules/firebase-tools/node_modules/kuler
3907 silly ADD node_modules/firebase-tools/node_modules/enabled
3908 silly ADD node_modules/firebase-tools/node_modules/@so-ric/colorspace
3909 silly ADD node_modules/firebase-tools/node_modules/stack-trace
3910 silly ADD node_modules/firebase-tools/node_modules/safe-stable-stringify
3911 silly ADD node_modules/firebase-tools/node_modules/one-time
3912 silly ADD node_modules/firebase-tools/node_modules/logform
3913 silly ADD node_modules/firebase-tools/node_modules/logform/node_modules/ms
3914 silly ADD node_modules/firebase-tools/node_modules/logform/node_modules/@colors/colors
3915 silly ADD node_modules/firebase-tools/node_modules/@dabh/diagnostics
3916 silly ADD node_modules/firebase-tools/node_modules/isexe
3917 silly ADD node_modules/firebase-tools/node_modules/webidl-conversions
3918 silly ADD node_modules/firebase-tools/node_modules/tr46
3919 silly ADD node_modules/firebase-tools/node_modules/clone
3920 silly ADD node_modules/firebase-tools/node_modules/defaults
3921 silly ADD node_modules/firebase-tools/node_modules/strip-json-comments
3922 silly ADD node_modules/firebase-tools/node_modules/minimist
3923 silly ADD node_modules/firebase-tools/node_modules/deep-extend
3924 silly ADD node_modules/firebase-tools/node_modules/rc
3925 silly ADD node_modules/firebase-tools/node_modules/rc/node_modules/ini
3926 silly ADD node_modules/firebase-tools/node_modules/proto-list
3927 silly ADD node_modules/firebase-tools/node_modules/config-chain
3928 silly ADD node_modules/firebase-tools/node_modules/config-chain/node_modules/ini
3929 silly ADD node_modules/firebase-tools/node_modules/@pnpm/network.ca-file
3930 silly ADD node_modules/firebase-tools/node_modules/@pnpm/network.ca-file/node_modules/graceful-fs
3931 silly ADD node_modules/firebase-tools/node_modules/@pnpm/config.env-replace
3932 silly ADD node_modules/firebase-tools/node_modules/@pnpm/npm-conf
3933 silly ADD node_modules/firebase-tools/node_modules/escape-goat
3934 silly ADD node_modules/firebase-tools/node_modules/whatwg-fetch
3935 silly ADD node_modules/firebase-tools/node_modules/ini
3936 silly ADD node_modules/firebase-tools/node_modules/is-path-inside
3937 silly ADD node_modules/firebase-tools/node_modules/global-dirs
3938 silly ADD node_modules/firebase-tools/node_modules/ci-info
3939 silly ADD node_modules/firebase-tools/node_modules/widest-line
3940 silly ADD node_modules/firebase-tools/node_modules/type-fest
3941 silly ADD node_modules/firebase-tools/node_modules/cli-boxes
3942 silly ADD node_modules/firebase-tools/node_modules/camelcase
3943 silly ADD node_modules/firebase-tools/node_modules/ansi-align
3944 silly ADD node_modules/firebase-tools/node_modules/semver-diff
3945 silly ADD node_modules/firebase-tools/node_modules/semver-diff/node_modules/semver
3946 silly ADD node_modules/firebase-tools/node_modules/registry-url
3947 silly ADD node_modules/firebase-tools/node_modules/registry-auth-token
3948 silly ADD node_modules/firebase-tools/node_modules/pupa
3949 silly ADD node_modules/firebase-tools/node_modules/isomorphic-fetch
3950 silly ADD node_modules/firebase-tools/node_modules/is-yarn-global
3951 silly ADD node_modules/firebase-tools/node_modules/is-npm
3952 silly ADD node_modules/firebase-tools/node_modules/is-installed-globally
3953 silly ADD node_modules/firebase-tools/node_modules/is-ci
3954 silly ADD node_modules/firebase-tools/node_modules/import-lazy
3955 silly ADD node_modules/firebase-tools/node_modules/has-yarn
3956 silly ADD node_modules/firebase-tools/node_modules/boxen
3957 silly ADD node_modules/firebase-tools/node_modules/boxen/node_modules/ansi-regex
3958 silly ADD node_modules/firebase-tools/node_modules/boxen/node_modules/strip-ansi
3959 silly ADD node_modules/firebase-tools/node_modules/boxen/node_modules/wrap-ansi
3960 silly ADD node_modules/firebase-tools/node_modules/boxen/node_modules/chalk
3961 silly ADD node_modules/firebase-tools/node_modules/crypto-random-string
3962 silly ADD node_modules/firebase-tools/node_modules/media-typer
3963 silly ADD node_modules/firebase-tools/node_modules/is-number
3964 silly ADD node_modules/firebase-tools/node_modules/thenify
3965 silly ADD node_modules/firebase-tools/node_modules/stubs
3966 silly ADD node_modules/firebase-tools/node_modules/stream-events
3967 silly ADD node_modules/firebase-tools/node_modules/ip-regex
3968 silly ADD node_modules/firebase-tools/node_modules/deep-is
3969 silly ADD node_modules/firebase-tools/node_modules/is2
3970 silly ADD node_modules/firebase-tools/node_modules/text-decoder
3971 silly ADD node_modules/firebase-tools/node_modules/events-universal
3972 silly ADD node_modules/firebase-tools/node_modules/teex
3973 silly ADD node_modules/firebase-tools/node_modules/bare-url
3974 silly ADD node_modules/firebase-tools/node_modules/bare-stream
3975 silly ADD node_modules/firebase-tools/node_modules/bare-path
3976 silly ADD node_modules/firebase-tools/node_modules/bare-events
3977 silly ADD node_modules/firebase-tools/node_modules/streamx
3978 silly ADD node_modules/firebase-tools/node_modules/fast-fifo
3979 silly ADD node_modules/firebase-tools/node_modules/bare-fs
3980 silly ADD node_modules/firebase-tools/node_modules/b4a
3981 silly ADD node_modules/firebase-tools/node_modules/yallist
3982 silly ADD node_modules/firebase-tools/node_modules/minizlib
3983 silly ADD node_modules/firebase-tools/node_modules/chownr
3984 silly ADD node_modules/firebase-tools/node_modules/@isaacs/fs-minipass
3985 silly ADD node_modules/firebase-tools/node_modules/supports-color
3986 silly ADD node_modules/firebase-tools/node_modules/has-flag
3987 silly ADD node_modules/firebase-tools/node_modules/is-promise
3988 silly ADD node_modules/firebase-tools/node_modules/abbrev
3989 silly ADD node_modules/firebase-tools/node_modules/tinyglobby
3990 silly ADD node_modules/firebase-tools/node_modules/tinyglobby/node_modules/picomatch
3991 silly ADD node_modules/firebase-tools/node_modules/tinyglobby/node_modules/fdir
3992 silly ADD node_modules/firebase-tools/node_modules/proc-log
3993 silly ADD node_modules/firebase-tools/node_modules/nopt
3994 silly ADD node_modules/firebase-tools/node_modules/exponential-backoff
3995 silly ADD node_modules/firebase-tools/node_modules/env-paths
3996 silly ADD node_modules/firebase-tools/node_modules/node-gyp
3997 silly ADD node_modules/firebase-tools/node_modules/node-gyp/node_modules/isexe
3998 silly ADD node_modules/firebase-tools/node_modules/node-gyp/node_modules/which
3999 silly ADD node_modules/firebase-tools/node_modules/node-gyp/node_modules/undici
4000 silly ADD node_modules/firebase-tools/node_modules/nan
4001 silly ADD node_modules/firebase-tools/node_modules/install-artifact-from-github
4002 silly ADD node_modules/firebase-tools/node_modules/lodash._objecttypes
4003 silly ADD node_modules/firebase-tools/node_modules/valid-url
4004 silly ADD node_modules/firebase-tools/node_modules/url-join
4005 silly ADD node_modules/firebase-tools/node_modules/as-array
4006 silly ADD node_modules/firebase-tools/node_modules/toxic
4007 silly ADD node_modules/firebase-tools/node_modules/lodash.isobject
4008 silly ADD node_modules/firebase-tools/node_modules/glob-slash
4009 silly ADD node_modules/firebase-tools/node_modules/compressible
4010 silly ADD node_modules/firebase-tools/node_modules/tsscmp
4011 silly ADD node_modules/firebase-tools/node_modules/router
4012 silly ADD node_modules/firebase-tools/node_modules/router/node_modules/ms
4013 silly ADD node_modules/firebase-tools/node_modules/router/node_modules/path-to-regexp
4014 silly ADD node_modules/firebase-tools/node_modules/router/node_modules/debug
4015 silly ADD node_modules/firebase-tools/node_modules/re2
4016 silly ADD node_modules/firebase-tools/node_modules/join-path
4017 silly ADD node_modules/firebase-tools/node_modules/is-url
4018 silly ADD node_modules/firebase-tools/node_modules/glob-slasher
4019 silly ADD node_modules/firebase-tools/node_modules/connect
4020 silly ADD node_modules/firebase-tools/node_modules/connect/node_modules/statuses
4021 silly ADD node_modules/firebase-tools/node_modules/connect/node_modules/on-finished
4022 silly ADD node_modules/firebase-tools/node_modules/connect/node_modules/encodeurl
4023 silly ADD node_modules/firebase-tools/node_modules/connect/node_modules/finalhandler
4024 silly ADD node_modules/firebase-tools/node_modules/compression
4025 silly ADD node_modules/firebase-tools/node_modules/compression/node_modules/negotiator
4026 silly ADD node_modules/firebase-tools/node_modules/basic-auth-connect
4027 silly ADD node_modules/firebase-tools/node_modules/is-fullwidth-code-point
4028 silly ADD node_modules/firebase-tools/node_modules/emoji-regex
4029 silly ADD node_modules/firebase-tools/node_modules/ret
4030 silly ADD node_modules/firebase-tools/node_modules/discontinuous-range
4031 silly ADD node_modules/firebase-tools/node_modules/randexp
4032 silly ADD node_modules/firebase-tools/node_modules/railroad-diagrams
4033 silly ADD node_modules/firebase-tools/node_modules/moo
4034 silly ADD node_modules/firebase-tools/node_modules/nearley
4035 silly ADD node_modules/firebase-tools/node_modules/nearley/node_modules/commander
4036 silly ADD node_modules/firebase-tools/node_modules/smart-buffer
4037 silly ADD node_modules/firebase-tools/node_modules/socks
4038 silly ADD node_modules/firebase-tools/node_modules/unicode-emoji-modifier-base
4039 silly ADD node_modules/firebase-tools/node_modules/call-bound
4040 silly ADD node_modules/firebase-tools/node_modules/side-channel-weakmap
4041 silly ADD node_modules/firebase-tools/node_modules/side-channel-map
4042 silly ADD node_modules/firebase-tools/node_modules/side-channel-list
4043 silly ADD node_modules/firebase-tools/node_modules/object-inspect
4044 silly ADD node_modules/firebase-tools/node_modules/shebang-regex
4045 silly ADD node_modules/firebase-tools/node_modules/teeny-request
4046 silly ADD node_modules/firebase-tools/node_modules/teeny-request/node_modules/data-uri-to-buffer
4047 silly ADD node_modules/firebase-tools/node_modules/teeny-request/node_modules/node-fetch
4048 silly ADD node_modules/firebase-tools/node_modules/mimic-fn
4049 silly ADD node_modules/firebase-tools/node_modules/onetime
4050 silly ADD node_modules/firebase-tools/node_modules/string_decoder
4051 silly ADD node_modules/firebase-tools/node_modules/process
4052 silly ADD node_modules/firebase-tools/node_modules/events
4053 silly ADD node_modules/firebase-tools/node_modules/side-channel
4054 silly ADD node_modules/firebase-tools/node_modules/source-map
4055 silly ADD node_modules/firebase-tools/node_modules/esutils
4056 silly ADD node_modules/firebase-tools/node_modules/estraverse
4057 silly ADD node_modules/firebase-tools/node_modules/tslib
4058 silly ADD node_modules/firebase-tools/node_modules/esprima
4059 silly ADD node_modules/firebase-tools/node_modules/escodegen
4060 silly ADD node_modules/firebase-tools/node_modules/ast-types
4061 silly ADD node_modules/firebase-tools/node_modules/netmask
4062 silly ADD node_modules/firebase-tools/node_modules/degenerator
4063 silly ADD node_modules/firebase-tools/node_modules/data-uri-to-buffer
4064 silly ADD node_modules/firebase-tools/node_modules/basic-ftp
4065 silly ADD node_modules/firebase-tools/node_modules/pac-resolver
4066 silly ADD node_modules/firebase-tools/node_modules/get-uri
4067 silly ADD node_modules/firebase-tools/node_modules/get-uri/node_modules/ms
4068 silly ADD node_modules/firebase-tools/node_modules/get-uri/node_modules/debug
4069 silly ADD node_modules/firebase-tools/node_modules/@tootallnate/quickjs-emscripten
4070 silly ADD node_modules/firebase-tools/node_modules/socks-proxy-agent
4071 silly ADD node_modules/firebase-tools/node_modules/socks-proxy-agent/node_modules/ms
4072 silly ADD node_modules/firebase-tools/node_modules/socks-proxy-agent/node_modules/debug
4073 silly ADD node_modules/firebase-tools/node_modules/proxy-from-env
4074 silly ADD node_modules/firebase-tools/node_modules/pac-proxy-agent
4075 silly ADD node_modules/firebase-tools/node_modules/pac-proxy-agent/node_modules/ms
4076 silly ADD node_modules/firebase-tools/node_modules/pac-proxy-agent/node_modules/debug
4077 silly ADD node_modules/firebase-tools/node_modules/http-proxy-agent
4078 silly ADD node_modules/firebase-tools/node_modules/http-proxy-agent/node_modules/ms
4079 silly ADD node_modules/firebase-tools/node_modules/http-proxy-agent/node_modules/debug
4080 silly ADD node_modules/firebase-tools/node_modules/ipaddr.js
4081 silly ADD node_modules/firebase-tools/node_modules/forwarded
4082 silly ADD node_modules/firebase-tools/node_modules/undici-types
4083 silly ADD node_modules/firebase-tools/node_modules/@types/node
4084 silly ADD node_modules/firebase-tools/node_modules/@protobufjs/utf8
4085 silly ADD node_modules/firebase-tools/node_modules/@protobufjs/pool
4086 silly ADD node_modules/firebase-tools/node_modules/@protobufjs/path
4087 silly ADD node_modules/firebase-tools/node_modules/@protobufjs/float
4088 silly ADD node_modules/firebase-tools/node_modules/@protobufjs/fetch
4089 silly ADD node_modules/firebase-tools/node_modules/@protobufjs/eventemitter
4090 silly ADD node_modules/firebase-tools/node_modules/@protobufjs/codegen
4091 silly ADD node_modules/firebase-tools/node_modules/@protobufjs/base64
4092 silly ADD node_modules/firebase-tools/node_modules/@protobufjs/aspromise
4093 silly ADD node_modules/firebase-tools/node_modules/xtend
4094 silly ADD node_modules/firebase-tools/node_modules/split2
4095 silly ADD node_modules/firebase-tools/node_modules/postgres-interval
4096 silly ADD node_modules/firebase-tools/node_modules/postgres-date
4097 silly ADD node_modules/firebase-tools/node_modules/postgres-bytea
4098 silly ADD node_modules/firebase-tools/node_modules/postgres-array
4099 silly ADD node_modules/firebase-tools/node_modules/pg-int8
4100 silly ADD node_modules/firebase-tools/node_modules/pgpass
4101 silly ADD node_modules/firebase-tools/node_modules/pg-types
4102 silly ADD node_modules/firebase-tools/node_modules/pg-protocol
4103 silly ADD node_modules/firebase-tools/node_modules/pg-pool
4104 silly ADD node_modules/firebase-tools/node_modules/pg-connection-string
4105 silly ADD node_modules/firebase-tools/node_modules/pg-cloudflare
4106 silly ADD node_modules/firebase-tools/node_modules/lru-cache
4107 silly ADD node_modules/firebase-tools/node_modules/restore-cursor
4108 silly ADD node_modules/firebase-tools/node_modules/restore-cursor/node_modules/signal-exit
4109 silly ADD node_modules/firebase-tools/node_modules/ieee754
4110 silly ADD node_modules/firebase-tools/node_modules/buffer
4111 silly ADD node_modules/firebase-tools/node_modules/wcwidth
4112 silly ADD node_modules/firebase-tools/node_modules/log-symbols
4113 silly ADD node_modules/firebase-tools/node_modules/log-symbols/node_modules/chalk
4114 silly ADD node_modules/firebase-tools/node_modules/is-unicode-supported
4115 silly ADD node_modules/firebase-tools/node_modules/is-interactive
4116 silly ADD node_modules/firebase-tools/node_modules/cli-spinners
4117 silly ADD node_modules/firebase-tools/node_modules/cli-cursor
4118 silly ADD node_modules/firebase-tools/node_modules/bl
4119 silly ADD node_modules/firebase-tools/node_modules/bl/node_modules/readable-stream
4120 silly ADD node_modules/firebase-tools/node_modules/is-wsl
4121 silly ADD node_modules/firebase-tools/node_modules/wrappy
4122 silly ADD node_modules/firebase-tools/node_modules/ee-first
4123 silly ADD node_modules/firebase-tools/node_modules/whatwg-url
4124 silly ADD node_modules/firebase-tools/node_modules/skin-tone
4125 silly ADD node_modules/firebase-tools/node_modules/emojilib
4126 silly ADD node_modules/firebase-tools/node_modules/char-regex
4127 silly ADD node_modules/firebase-tools/node_modules/@sindresorhus/is
4128 silly ADD node_modules/firebase-tools/node_modules/thenify-all
4129 silly ADD node_modules/firebase-tools/node_modules/any-promise
4130 silly ADD node_modules/firebase-tools/node_modules/on-headers
4131 silly ADD node_modules/firebase-tools/node_modules/basic-auth
4132 silly ADD node_modules/firebase-tools/node_modules/basic-auth/node_modules/safe-buffer
4133 silly ADD node_modules/firebase-tools/node_modules/concat-map
4134 silly ADD node_modules/firebase-tools/node_modules/balanced-match
4135 silly ADD node_modules/firebase-tools/node_modules/brace-expansion
4136 silly ADD node_modules/firebase-tools/node_modules/mime-db
4137 silly ADD node_modules/firebase-tools/node_modules/parse5-htmlparser2-tree-adapter
4138 silly ADD node_modules/firebase-tools/node_modules/parse5-htmlparser2-tree-adapter/node_modules/parse5
4139 silly ADD node_modules/firebase-tools/node_modules/parse5
4140 silly ADD node_modules/firebase-tools/node_modules/mz
4141 silly ADD node_modules/firebase-tools/node_modules/highlight.js
4142 silly ADD node_modules/firebase-tools/node_modules/environment
4143 silly ADD node_modules/firebase-tools/node_modules/supports-hyperlinks
4144 silly ADD node_modules/firebase-tools/node_modules/node-emoji
4145 silly ADD node_modules/firebase-tools/node_modules/cli-highlight
4146 silly ADD node_modules/firebase-tools/node_modules/cli-highlight/node_modules/ansi-regex
4147 silly ADD node_modules/firebase-tools/node_modules/cli-highlight/node_modules/wrap-ansi
4148 silly ADD node_modules/firebase-tools/node_modules/cli-highlight/node_modules/strip-ansi
4149 silly ADD node_modules/firebase-tools/node_modules/cli-highlight/node_modules/yargs-parser
4150 silly ADD node_modules/firebase-tools/node_modules/cli-highlight/node_modules/cliui
4151 silly ADD node_modules/firebase-tools/node_modules/cli-highlight/node_modules/yargs
4152 silly ADD node_modules/firebase-tools/node_modules/cli-highlight/node_modules/chalk
4153 silly ADD node_modules/firebase-tools/node_modules/chalk
4154 silly ADD node_modules/firebase-tools/node_modules/ansi-regex
4155 silly ADD node_modules/firebase-tools/node_modules/ansi-escapes
4156 silly ADD node_modules/firebase-tools/node_modules/libsodium
4157 silly ADD node_modules/firebase-tools/node_modules/buffer-equal-constant-time
4158 silly ADD node_modules/firebase-tools/node_modules/jwa
4159 silly ADD node_modules/firebase-tools/node_modules/lodash.once
4160 silly ADD node_modules/firebase-tools/node_modules/lodash.isstring
4161 silly ADD node_modules/firebase-tools/node_modules/lodash.isplainobject
4162 silly ADD node_modules/firebase-tools/node_modules/lodash.isnumber
4163 silly ADD node_modules/firebase-tools/node_modules/lodash.isinteger
4164 silly ADD node_modules/firebase-tools/node_modules/lodash.isboolean
4165 silly ADD node_modules/firebase-tools/node_modules/lodash.includes
4166 silly ADD node_modules/firebase-tools/node_modules/jju
4167 silly ADD node_modules/firebase-tools/node_modules/bignumber.js
4168 silly ADD node_modules/firebase-tools/node_modules/argparse
4169 silly ADD node_modules/firebase-tools/node_modules/wrap-ansi-cjs
4170 silly ADD node_modules/firebase-tools/node_modules/wrap-ansi-cjs/node_modules/ansi-regex
4171 silly ADD node_modules/firebase-tools/node_modules/wrap-ansi-cjs/node_modules/strip-ansi
4172 silly ADD node_modules/firebase-tools/node_modules/strip-ansi-cjs
4173 silly ADD node_modules/firebase-tools/node_modules/strip-ansi-cjs/node_modules/ansi-regex
4174 silly ADD node_modules/firebase-tools/node_modules/strip-ansi
4175 silly ADD node_modules/firebase-tools/node_modules/string-width-cjs
4176 silly ADD node_modules/firebase-tools/node_modules/string-width-cjs/node_modules/ansi-regex
4177 silly ADD node_modules/firebase-tools/node_modules/string-width-cjs/node_modules/strip-ansi
4178 silly ADD node_modules/firebase-tools/node_modules/@pkgjs/parseargs
4179 silly ADD node_modules/firebase-tools/node_modules/@isaacs/cliui
4180 silly ADD node_modules/firebase-tools/node_modules/@isaacs/cliui/node_modules/ansi-styles
4181 silly ADD node_modules/firebase-tools/node_modules/@isaacs/cliui/node_modules/emoji-regex
4182 silly ADD node_modules/firebase-tools/node_modules/@isaacs/cliui/node_modules/wrap-ansi
4183 silly ADD node_modules/firebase-tools/node_modules/@isaacs/cliui/node_modules/string-width
4184 silly ADD node_modules/firebase-tools/node_modules/is-extglob
4185 silly ADD node_modules/firebase-tools/node_modules/binary-extensions
4186 silly ADD node_modules/firebase-tools/node_modules/safer-buffer
4187 silly ADD node_modules/firebase-tools/node_modules/agent-base
4188 silly ADD node_modules/firebase-tools/node_modules/toidentifier
4189 silly ADD node_modules/firebase-tools/node_modules/url-template
4190 silly ADD node_modules/firebase-tools/node_modules/once
4191 silly ADD node_modules/firebase-tools/node_modules/stream-shift
4192 silly ADD node_modules/firebase-tools/node_modules/inherits
4193 silly ADD node_modules/firebase-tools/node_modules/end-of-stream
4194 silly ADD node_modules/firebase-tools/node_modules/yargs
4195 silly ADD node_modules/firebase-tools/node_modules/lodash.camelcase
4196 silly ADD node_modules/firebase-tools/node_modules/@js-sdsl/ordered-map
4197 silly ADD node_modules/firebase-tools/node_modules/rimraf
4198 silly ADD node_modules/firebase-tools/node_modules/retry-request
4199 silly ADD node_modules/firebase-tools/node_modules/protobufjs
4200 silly ADD node_modules/firebase-tools/node_modules/proto3-json-serializer
4201 silly ADD node_modules/firebase-tools/node_modules/object-hash
4202 silly ADD node_modules/firebase-tools/node_modules/duplexify
4203 silly ADD node_modules/firebase-tools/node_modules/duplexify/node_modules/readable-stream
4204 silly ADD node_modules/firebase-tools/node_modules/@grpc/proto-loader
4205 silly ADD node_modules/firebase-tools/node_modules/@grpc/grpc-js
4206 silly ADD node_modules/firebase-tools/node_modules/json-bigint
4207 silly ADD node_modules/firebase-tools/node_modules/jws
4208 silly ADD node_modules/firebase-tools/node_modules/gtoken
4209 silly ADD node_modules/firebase-tools/node_modules/gcp-metadata
4210 silly ADD node_modules/firebase-tools/node_modules/gcp-metadata/node_modules/google-logging-utils
4211 silly ADD node_modules/firebase-tools/node_modules/ecdsa-sig-formatter
4212 silly ADD node_modules/firebase-tools/node_modules/base64-js
4213 silly ADD node_modules/firebase-tools/node_modules/path-scurry
4214 silly ADD node_modules/firebase-tools/node_modules/package-json-from-dist
4215 silly ADD node_modules/firebase-tools/node_modules/minipass
4216 silly ADD node_modules/firebase-tools/node_modules/jackspeak
4217 silly ADD node_modules/firebase-tools/node_modules/foreground-child
4218 silly ADD node_modules/firebase-tools/node_modules/dunder-proto
4219 silly ADD node_modules/firebase-tools/node_modules/math-intrinsics
4220 silly ADD node_modules/firebase-tools/node_modules/has-symbols
4221 silly ADD node_modules/firebase-tools/node_modules/gopd
4222 silly ADD node_modules/firebase-tools/node_modules/get-proto
4223 silly ADD node_modules/firebase-tools/node_modules/function-bind
4224 silly ADD node_modules/firebase-tools/node_modules/es-object-atoms
4225 silly ADD node_modules/firebase-tools/node_modules/es-define-property
4226 silly ADD node_modules/firebase-tools/node_modules/call-bind-apply-helpers
4227 silly ADD node_modules/firebase-tools/node_modules/uuid
4228 silly ADD node_modules/firebase-tools/node_modules/https-proxy-agent
4229 silly ADD node_modules/firebase-tools/node_modules/https-proxy-agent/node_modules/ms
4230 silly ADD node_modules/firebase-tools/node_modules/https-proxy-agent/node_modules/debug
4231 silly ADD node_modules/firebase-tools/node_modules/universalify
4232 silly ADD node_modules/firebase-tools/node_modules/jsonfile
4233 silly ADD node_modules/firebase-tools/node_modules/has-tostringtag
4234 silly ADD node_modules/firebase-tools/node_modules/get-intrinsic
4235 silly ADD node_modules/firebase-tools/node_modules/es-errors
4236 silly ADD node_modules/firebase-tools/node_modules/delayed-stream
4237 silly ADD node_modules/firebase-tools/node_modules/hasown
4238 silly ADD node_modules/firebase-tools/node_modules/es-set-tostringtag
4239 silly ADD node_modules/firebase-tools/node_modules/combined-stream
4240 silly ADD node_modules/firebase-tools/node_modules/asynckit
4241 silly ADD node_modules/firebase-tools/node_modules/to-regex-range
4242 silly ADD node_modules/firebase-tools/node_modules/ip-address
4243 silly ADD node_modules/firebase-tools/node_modules/negotiator
4244 silly ADD node_modules/firebase-tools/node_modules/mime-types
4245 silly ADD node_modules/firebase-tools/node_modules/utils-merge
4246 silly ADD node_modules/firebase-tools/node_modules/statuses
4247 silly ADD node_modules/firebase-tools/node_modules/setprototypeof
4248 silly ADD node_modules/firebase-tools/node_modules/serve-static
4249 silly ADD node_modules/firebase-tools/node_modules/send
4250 silly ADD node_modules/firebase-tools/node_modules/send/node_modules/ms
4251 silly ADD node_modules/firebase-tools/node_modules/send/node_modules/mime
4252 silly ADD node_modules/firebase-tools/node_modules/safe-buffer
4253 silly ADD node_modules/firebase-tools/node_modules/range-parser
4254 silly ADD node_modules/firebase-tools/node_modules/proxy-addr
4255 silly ADD node_modules/firebase-tools/node_modules/path-to-regexp
4256 silly ADD node_modules/firebase-tools/node_modules/parseurl
4257 silly ADD node_modules/firebase-tools/node_modules/methods
4258 silly ADD node_modules/firebase-tools/node_modules/merge-descriptors
4259 silly ADD node_modules/firebase-tools/node_modules/fresh
4260 silly ADD node_modules/firebase-tools/node_modules/finalhandler
4261 silly ADD node_modules/firebase-tools/node_modules/etag
4262 silly ADD node_modules/firebase-tools/node_modules/escape-html
4263 silly ADD node_modules/firebase-tools/node_modules/encodeurl
4264 silly ADD node_modules/firebase-tools/node_modules/cookie-signature
4265 silly ADD node_modules/firebase-tools/node_modules/cookie
4266 silly ADD node_modules/firebase-tools/node_modules/content-disposition
4267 silly ADD node_modules/firebase-tools/node_modules/array-flatten
4268 silly ADD node_modules/firebase-tools/node_modules/accepts
4269 silly ADD node_modules/firebase-tools/node_modules/call-me-maybe
4270 silly ADD node_modules/firebase-tools/node_modules/@types/json-schema
4271 silly ADD node_modules/firebase-tools/node_modules/@jsdevtools/ono
4272 silly ADD node_modules/firebase-tools/node_modules/promise-breaker
4273 silly ADD node_modules/firebase-tools/node_modules/openapi3-ts
4274 silly ADD node_modules/firebase-tools/node_modules/json-ptr
4275 silly ADD node_modules/firebase-tools/node_modules/events-listener
4276 silly ADD node_modules/firebase-tools/node_modules/deep-freeze
4277 silly ADD node_modules/firebase-tools/node_modules/@apidevtools/json-schema-ref-parser
4278 silly ADD node_modules/firebase-tools/node_modules/is-obj
4279 silly ADD node_modules/firebase-tools/node_modules/ms
4280 silly ADD node_modules/firebase-tools/node_modules/which
4281 silly ADD node_modules/firebase-tools/node_modules/shebang-command
4282 silly ADD node_modules/firebase-tools/node_modules/path-key
4283 silly ADD node_modules/firebase-tools/node_modules/vary
4284 silly ADD node_modules/firebase-tools/node_modules/object-assign
4285 silly ADD node_modules/firebase-tools/node_modules/xdg-basedir
4286 silly ADD node_modules/firebase-tools/node_modules/write-file-atomic
4287 silly ADD node_modules/firebase-tools/node_modules/write-file-atomic/node_modules/signal-exit
4288 silly ADD node_modules/firebase-tools/node_modules/unique-string
4289 silly ADD node_modules/firebase-tools/node_modules/make-dir
4290 silly ADD node_modules/firebase-tools/node_modules/make-dir/node_modules/semver
4291 silly ADD node_modules/firebase-tools/node_modules/dot-prop
4292 silly ADD node_modules/firebase-tools/node_modules/string-width
4293 silly ADD node_modules/firebase-tools/node_modules/string-width/node_modules/ansi-regex
4294 silly ADD node_modules/firebase-tools/node_modules/string-width/node_modules/strip-ansi
4295 silly ADD node_modules/firebase-tools/node_modules/@colors/colors
4296 silly ADD node_modules/firebase-tools/node_modules/json-parse-helpfulerror
4297 silly ADD node_modules/firebase-tools/node_modules/fill-range
4298 silly ADD node_modules/firebase-tools/node_modules/picomatch
4299 silly ADD node_modules/firebase-tools/node_modules/readdirp
4300 silly ADD node_modules/firebase-tools/node_modules/is-glob
4301 silly ADD node_modules/firebase-tools/node_modules/is-binary-path
4302 silly ADD node_modules/firebase-tools/node_modules/glob-parent
4303 silly ADD
4304 silly ADD node_modules/firebase-tools/node_modules/braces
4305 silly ADD node_modules/firebase-tools/node_modules/anymatch
4306 silly ADD node_modules/firebase-tools/node_modules/unpipe
4307 silly ADD node_modules/firebase-tools/node_modules/type-is
4308 silly ADD node_modules/firebase-tools/node_modules/qs
4309 silly ADD node_modules/firebase-tools/node_modules/on-finished
4310 silly ADD node_modules/firebase-tools/node_modules/http-errors
4311 silly ADD node_modules/firebase-tools/node_modules/destroy
4312 silly ADD node_modules/firebase-tools/node_modules/depd
4313 silly ADD node_modules/firebase-tools/node_modules/debug
4314 silly ADD node_modules/firebase-tools/node_modules/bytes
4315 silly ADD node_modules/firebase-tools/node_modules/normalize-path
4316 silly ADD node_modules/firebase-tools/node_modules/lazystream
4317 silly ADD node_modules/firebase-tools/node_modules/lazystream/node_modules/string_decoder
4318 silly ADD node_modules/firebase-tools/node_modules/lazystream/node_modules/safe-buffer
4319 silly ADD node_modules/firebase-tools/node_modules/lazystream/node_modules/readable-stream
4320 silly ADD node_modules/firebase-tools/node_modules/is-stream
4321 silly ADD node_modules/firebase-tools/node_modules/graceful-fs
4322 silly ADD node_modules/firebase-tools/node_modules/zip-stream
4323 silly ADD node_modules/firebase-tools/node_modules/tar-stream
4324 silly ADD node_modules/firebase-tools/node_modules/readdir-glob
4325 silly ADD node_modules/firebase-tools/node_modules/readdir-glob/node_modules/brace-expansion
4326 silly ADD node_modules/firebase-tools/node_modules/readdir-glob/node_modules/minimatch
4327 silly ADD node_modules/firebase-tools/node_modules/readable-stream
4328 silly ADD node_modules/firebase-tools/node_modules/readable-stream/node_modules/buffer
4329 silly ADD node_modules/firebase-tools/node_modules/buffer-crc32
4330 silly ADD node_modules/firebase-tools/node_modules/async
4331 silly ADD node_modules/firebase-tools/node_modules/archiver-utils
4332 silly ADD node_modules/firebase-tools/node_modules/require-from-string
4333 silly ADD node_modules/firebase-tools/node_modules/json-schema-traverse
4334 silly ADD node_modules/firebase-tools/node_modules/fast-uri
4335 silly ADD node_modules/firebase-tools/node_modules/fast-deep-equal
4336 silly ADD node_modules/firebase-tools/node_modules/event-target-shim
4337 silly ADD node_modules/firebase-tools/node_modules/zod-to-json-schema
4338 silly ADD node_modules/firebase-tools/node_modules/raw-body
4339 silly ADD node_modules/firebase-tools/node_modules/pkce-challenge
4340 silly ADD node_modules/firebase-tools/node_modules/json-schema-typed
4341 silly ADD node_modules/firebase-tools/node_modules/jose
4342 silly ADD node_modules/firebase-tools/node_modules/express-rate-limit
4343 silly ADD node_modules/firebase-tools/node_modules/express-rate-limit/node_modules/ms
4344 silly ADD node_modules/firebase-tools/node_modules/express-rate-limit/node_modules/debug
4345 silly ADD node_modules/firebase-tools/node_modules/eventsource-parser
4346 silly ADD node_modules/firebase-tools/node_modules/eventsource
4347 silly ADD node_modules/firebase-tools/node_modules/content-type
4348 silly ADD node_modules/firebase-tools/node_modules/hono
4349 silly ADD node_modules/firebase-tools/node_modules/@hono/node-server
4350 silly ADD node_modules/firebase-tools/node_modules/iconv-lite
4351 silly ADD node_modules/firebase-tools/node_modules/chardet
4352 silly ADD node_modules/firebase-tools/node_modules/@inquirer/external-editor
4353 silly ADD node_modules/firebase-tools/node_modules/wrap-ansi
4354 silly ADD node_modules/firebase-tools/node_modules/wrap-ansi/node_modules/ansi-regex
4355 silly ADD node_modules/firebase-tools/node_modules/wrap-ansi/node_modules/strip-ansi
4356 silly ADD node_modules/firebase-tools/node_modules/signal-exit
4357 silly ADD node_modules/firebase-tools/node_modules/mute-stream
4358 silly ADD node_modules/firebase-tools/node_modules/cli-width
4359 silly ADD node_modules/firebase-tools/node_modules/yoctocolors-cjs
4360 silly ADD node_modules/firebase-tools/node_modules/@inquirer/type
4361 silly ADD node_modules/firebase-tools/node_modules/@inquirer/figures
4362 silly ADD node_modules/firebase-tools/node_modules/@inquirer/core
4363 silly ADD node_modules/firebase-tools/node_modules/@inquirer/ansi
4364 silly ADD node_modules/firebase-tools/node_modules/@inquirer/select
4365 silly ADD node_modules/firebase-tools/node_modules/@inquirer/search
4366 silly ADD node_modules/firebase-tools/node_modules/@inquirer/rawlist
4367 silly ADD node_modules/firebase-tools/node_modules/@inquirer/password
4368 silly ADD node_modules/firebase-tools/node_modules/@inquirer/number
4369 silly ADD node_modules/firebase-tools/node_modules/@inquirer/input
4370 silly ADD node_modules/firebase-tools/node_modules/@inquirer/expand
4371 silly ADD node_modules/firebase-tools/node_modules/@inquirer/editor
4372 silly ADD node_modules/firebase-tools/node_modules/@inquirer/confirm
4373 silly ADD node_modules/firebase-tools/node_modules/@inquirer/checkbox
4374 silly ADD node_modules/firebase-tools/node_modules/googleapis-common
4375 silly ADD node_modules/firebase-tools/node_modules/googleapis-common/node_modules/data-uri-to-buffer
4376 silly ADD node_modules/firebase-tools/node_modules/googleapis-common/node_modules/gtoken
4377 silly ADD node_modules/firebase-tools/node_modules/googleapis-common/node_modules/gcp-metadata
4378 silly ADD node_modules/firebase-tools/node_modules/googleapis-common/node_modules/node-fetch
4379 silly ADD node_modules/firebase-tools/node_modules/googleapis-common/node_modules/google-logging-utils
4380 silly ADD node_modules/firebase-tools/node_modules/googleapis-common/node_modules/google-auth-library
4381 silly ADD node_modules/firebase-tools/node_modules/googleapis-common/node_modules/gaxios
4382 silly ADD node_modules/firebase-tools/node_modules/p-defer
4383 silly ADD node_modules/firebase-tools/node_modules/long
4384 silly ADD node_modules/firebase-tools/node_modules/lodash.snakecase
4385 silly ADD node_modules/firebase-tools/node_modules/is-stream-ended
4386 silly ADD node_modules/firebase-tools/node_modules/heap-js
4387 silly ADD node_modules/firebase-tools/node_modules/google-gax
4388 silly ADD node_modules/firebase-tools/node_modules/google-gax/node_modules/data-uri-to-buffer
4389 silly ADD node_modules/firebase-tools/node_modules/google-gax/node_modules/gtoken
4390 silly ADD node_modules/firebase-tools/node_modules/google-gax/node_modules/gcp-metadata
4391 silly ADD node_modules/firebase-tools/node_modules/google-gax/node_modules/gcp-metadata/node_modules/gaxios
4392 silly ADD node_modules/firebase-tools/node_modules/google-gax/node_modules/gaxios
4393 silly ADD node_modules/firebase-tools/node_modules/google-gax/node_modules/node-fetch
4394 silly ADD node_modules/firebase-tools/node_modules/google-gax/node_modules/google-logging-utils
4395 silly ADD node_modules/firebase-tools/node_modules/google-gax/node_modules/google-auth-library
4396 silly ADD node_modules/firebase-tools/node_modules/extend
4397 silly ADD node_modules/firebase-tools/node_modules/arrify
4398 silly ADD node_modules/firebase-tools/node_modules/@opentelemetry/semantic-conventions
4399 silly ADD node_modules/firebase-tools/node_modules/@opentelemetry/core
4400 silly ADD node_modules/firebase-tools/node_modules/@opentelemetry/core/node_modules/@opentelemetry/semantic-conventions
4401 silly ADD node_modules/firebase-tools/node_modules/@opentelemetry/api
4402 silly ADD node_modules/firebase-tools/node_modules/@google-cloud/promisify
4403 silly ADD node_modules/firebase-tools/node_modules/@google-cloud/projectify
4404 silly ADD node_modules/firebase-tools/node_modules/@google-cloud/precise-date
4405 silly ADD node_modules/firebase-tools/node_modules/@google-cloud/paginator
4406 silly ADD node_modules/firebase-tools/node_modules/p-throttle
4407 silly ADD node_modules/firebase-tools/node_modules/@googleapis/sqladmin
4408 silly ADD node_modules/firebase-tools/node_modules/zod
4409 silly ADD node_modules/firebase-tools/node_modules/yaml
4410 silly ADD node_modules/firebase-tools/node_modules/ws
4411 silly ADD node_modules/firebase-tools/node_modules/winston-transport
4412 silly ADD node_modules/firebase-tools/node_modules/winston-transport/node_modules/readable-stream
4413 silly ADD node_modules/firebase-tools/node_modules/winston
4414 silly ADD node_modules/firebase-tools/node_modules/winston/node_modules/readable-stream
4415 silly ADD node_modules/firebase-tools/node_modules/winston/node_modules/@colors/colors
4416 silly ADD node_modules/firebase-tools/node_modules/update-notifier-cjs
4417 silly ADD node_modules/firebase-tools/node_modules/update-notifier-cjs/node_modules/chalk
4418 silly ADD node_modules/firebase-tools/node_modules/universal-analytics
4419 silly ADD node_modules/firebase-tools/node_modules/universal-analytics/node_modules/ms
4420 silly ADD node_modules/firebase-tools/node_modules/universal-analytics/node_modules/uuid
4421 silly ADD node_modules/firebase-tools/node_modules/universal-analytics/node_modules/debug
4422 silly ADD node_modules/firebase-tools/node_modules/undici
4423 silly ADD node_modules/firebase-tools/node_modules/triple-beam
4424 silly ADD node_modules/firebase-tools/node_modules/tmp
4425 silly ADD node_modules/firebase-tools/node_modules/tcp-port-used
4426 silly ADD node_modules/firebase-tools/node_modules/tcp-port-used/node_modules/ms
4427 silly ADD node_modules/firebase-tools/node_modules/tcp-port-used/node_modules/debug
4428 silly ADD node_modules/firebase-tools/node_modules/tar
4429 silly ADD node_modules/firebase-tools/node_modules/superstatic
4430 silly ADD node_modules/firebase-tools/node_modules/superstatic/node_modules/isarray
4431 silly ADD node_modules/firebase-tools/node_modules/superstatic/node_modules/brace-expansion
4432 silly ADD node_modules/firebase-tools/node_modules/superstatic/node_modules/path-to-regexp
4433 silly ADD node_modules/firebase-tools/node_modules/superstatic/node_modules/minimatch
4434 silly ADD node_modules/firebase-tools/node_modules/superstatic/node_modules/commander
4435 silly ADD node_modules/firebase-tools/node_modules/stream-json
4436 silly ADD node_modules/firebase-tools/node_modules/stream-chain
4437 silly ADD node_modules/firebase-tools/node_modules/sql-formatter
4438 silly ADD node_modules/firebase-tools/node_modules/semver
4439 silly ADD node_modules/firebase-tools/node_modules/retry
4440 silly ADD node_modules/firebase-tools/node_modules/proxy-agent
4441 silly ADD node_modules/firebase-tools/node_modules/proxy-agent/node_modules/ms
4442 silly ADD node_modules/firebase-tools/node_modules/proxy-agent/node_modules/lru-cache
4443 silly ADD node_modules/firebase-tools/node_modules/proxy-agent/node_modules/debug
4444 silly ADD node_modules/firebase-tools/node_modules/progress
4445 silly ADD node_modules/firebase-tools/node_modules/portfinder
4446 silly ADD node_modules/firebase-tools/node_modules/portfinder/node_modules/ms
4447 silly ADD node_modules/firebase-tools/node_modules/portfinder/node_modules/debug
4448 silly ADD node_modules/firebase-tools/node_modules/pglite-2
4449 silly ADD node_modules/firebase-tools/node_modules/pg-gateway
4450 silly ADD node_modules/firebase-tools/node_modules/pg
4451 silly ADD node_modules/firebase-tools/node_modules/ora
4452 silly ADD node_modules/firebase-tools/node_modules/ora/node_modules/ansi-regex
4453 silly ADD node_modules/firebase-tools/node_modules/ora/node_modules/strip-ansi
4454 silly ADD node_modules/firebase-tools/node_modules/ora/node_modules/chalk
4455 silly ADD node_modules/firebase-tools/node_modules/open
4456 silly ADD node_modules/firebase-tools/node_modules/node-fetch
4457 silly ADD node_modules/firebase-tools/node_modules/morgan
4458 silly ADD node_modules/firebase-tools/node_modules/minimatch
4459 silly ADD node_modules/firebase-tools/node_modules/mime
4460 silly ADD node_modules/firebase-tools/node_modules/marked-terminal
4461 silly ADD node_modules/firebase-tools/node_modules/marked
4462 silly ADD node_modules/firebase-tools/node_modules/lsofi
4463 silly ADD node_modules/firebase-tools/node_modules/lodash
4464 silly ADD node_modules/firebase-tools/node_modules/libsodium-wrappers
4465 silly ADD node_modules/firebase-tools/node_modules/jsonwebtoken
4466 silly ADD node_modules/firebase-tools/node_modules/jsonwebtoken/node_modules/ms
4467 silly ADD node_modules/firebase-tools/node_modules/js-yaml
4468 silly ADD node_modules/firebase-tools/node_modules/ignore
4469 silly ADD node_modules/firebase-tools/node_modules/google-auth-library
4470 silly ADD node_modules/firebase-tools/node_modules/glob
4471 silly ADD node_modules/firebase-tools/node_modules/glob/node_modules/brace-expansion
4472 silly ADD node_modules/firebase-tools/node_modules/glob/node_modules/minimatch
4473 silly ADD node_modules/firebase-tools/node_modules/gaxios
4474 silly ADD node_modules/firebase-tools/node_modules/fuzzy
4475 silly ADD node_modules/firebase-tools/node_modules/fs-extra
4476 silly ADD node_modules/firebase-tools/node_modules/form-data
4477 silly ADD node_modules/firebase-tools/node_modules/express
4478 silly ADD node_modules/firebase-tools/node_modules/exegesis-express
4479 silly ADD node_modules/firebase-tools/node_modules/exegesis
4480 silly ADD node_modules/firebase-tools/node_modules/exegesis/node_modules/iconv-lite
4481 silly ADD node_modules/firebase-tools/node_modules/exegesis/node_modules/raw-body
4482 silly ADD node_modules/firebase-tools/node_modules/exegesis/node_modules/ajv-formats
4483 silly ADD node_modules/firebase-tools/node_modules/csv-parse
4484 silly ADD node_modules/firebase-tools/node_modules/cross-spawn
4485 silly ADD node_modules/firebase-tools/node_modules/cross-env
4486 silly ADD node_modules/firebase-tools/node_modules/cors
4487 silly ADD node_modules/firebase-tools/node_modules/configstore
4488 silly ADD node_modules/firebase-tools/node_modules/commander
4489 silly ADD node_modules/firebase-tools/node_modules/colorette
4490 silly ADD node_modules/firebase-tools/node_modules/cli-table3
4491 silly ADD node_modules/firebase-tools/node_modules/cjson
4492 silly ADD node_modules/firebase-tools/node_modules/chokidar
4493 silly ADD node_modules/firebase-tools/node_modules/body-parser
4494 silly ADD node_modules/firebase-tools/node_modules/body-parser/node_modules/raw-body
4495 silly ADD node_modules/firebase-tools/node_modules/body-parser/node_modules/iconv-lite
4496 silly ADD node_modules/firebase-tools/node_modules/async-lock
4497 silly ADD node_modules/firebase-tools/node_modules/archiver
4498 silly ADD node_modules/firebase-tools/node_modules/ajv-formats
4499 silly ADD node_modules/firebase-tools/node_modules/ajv
4500 silly ADD node_modules/firebase-tools/node_modules/abort-controller
4501 silly ADD node_modules/firebase-tools/node_modules/@modelcontextprotocol/sdk
4502 silly ADD node_modules/firebase-tools/node_modules/@modelcontextprotocol/sdk/node_modules/media-typer
4503 silly ADD node_modules/firebase-tools/node_modules/@modelcontextprotocol/sdk/node_modules/mime-db
4504 silly ADD node_modules/firebase-tools/node_modules/@modelcontextprotocol/sdk/node_modules/ms
4505 silly ADD node_modules/firebase-tools/node_modules/@modelcontextprotocol/sdk/node_modules/negotiator
4506 silly ADD node_modules/firebase-tools/node_modules/@modelcontextprotocol/sdk/node_modules/type-is
4507 silly ADD node_modules/firebase-tools/node_modules/@modelcontextprotocol/sdk/node_modules/type-is/node_modules/content-type
4508 silly ADD node_modules/firebase-tools/node_modules/@modelcontextprotocol/sdk/node_modules/serve-static
4509 silly ADD node_modules/firebase-tools/node_modules/@modelcontextprotocol/sdk/node_modules/send
4510 silly ADD node_modules/firebase-tools/node_modules/@modelcontextprotocol/sdk/node_modules/mime-types
4511 silly ADD node_modules/firebase-tools/node_modules/@modelcontextprotocol/sdk/node_modules/merge-descriptors
4512 silly ADD node_modules/firebase-tools/node_modules/@modelcontextprotocol/sdk/node_modules/fresh
4513 silly ADD node_modules/firebase-tools/node_modules/@modelcontextprotocol/sdk/node_modules/finalhandler
4514 silly ADD node_modules/firebase-tools/node_modules/@modelcontextprotocol/sdk/node_modules/debug
4515 silly ADD node_modules/firebase-tools/node_modules/@modelcontextprotocol/sdk/node_modules/cookie-signature
4516 silly ADD node_modules/firebase-tools/node_modules/@modelcontextprotocol/sdk/node_modules/content-disposition
4517 silly ADD node_modules/firebase-tools/node_modules/@modelcontextprotocol/sdk/node_modules/body-parser
4518 silly ADD node_modules/firebase-tools/node_modules/@modelcontextprotocol/sdk/node_modules/body-parser/node_modules/content-type
4519 silly ADD node_modules/firebase-tools/node_modules/@modelcontextprotocol/sdk/node_modules/accepts
4520 silly ADD node_modules/firebase-tools/node_modules/@modelcontextprotocol/sdk/node_modules/express
4521 silly ADD node_modules/firebase-tools/node_modules/@inquirer/prompts
4522 silly ADD node_modules/firebase-tools/node_modules/@google-cloud/pubsub
4523 silly ADD node_modules/firebase-tools/node_modules/@google-cloud/pubsub/node_modules/data-uri-to-buffer
4524 silly ADD node_modules/firebase-tools/node_modules/@google-cloud/pubsub/node_modules/node-fetch
4525 silly ADD node_modules/firebase-tools/node_modules/@google-cloud/pubsub/node_modules/google-logging-utils
4526 silly ADD node_modules/firebase-tools/node_modules/@google-cloud/pubsub/node_modules/gcp-metadata
4527 silly ADD node_modules/firebase-tools/node_modules/@google-cloud/pubsub/node_modules/gaxios
4528 silly ADD node_modules/firebase-tools/node_modules/@google-cloud/pubsub/node_modules/google-auth-library
4529 silly ADD node_modules/firebase-tools/node_modules/@google-cloud/cloud-sql-connector
4530 silly ADD node_modules/firebase-tools/node_modules/@google-cloud/cloud-sql-connector/node_modules/data-uri-to-buffer
4531 silly ADD node_modules/firebase-tools/node_modules/@google-cloud/cloud-sql-connector/node_modules/google-logging-utils
4532 silly ADD node_modules/firebase-tools/node_modules/@google-cloud/cloud-sql-connector/node_modules/gcp-metadata
4533 silly ADD node_modules/firebase-tools/node_modules/@google-cloud/cloud-sql-connector/node_modules/node-fetch
4534 silly ADD node_modules/firebase-tools/node_modules/@google-cloud/cloud-sql-connector/node_modules/google-auth-library
4535 silly ADD node_modules/firebase-tools/node_modules/@google-cloud/cloud-sql-connector/node_modules/gaxios
4536 silly ADD node_modules/firebase-tools/node_modules/@electric-sql/pglite-tools
4537 silly ADD node_modules/firebase-tools/node_modules/@electric-sql/pglite
4538 silly ADD node_modules/firebase-tools/node_modules/@apphosting/common
4539 verbose cwd /
4540 verbose os Linux 6.18.33.2-microsoft-standard-WSL2
4541 verbose node v22.23.2
4542 verbose npm  v10.9.8
4543 verbose exit 0
4544 info ok
