0 verbose cli /usr/local/bin/node /usr/local/bin/npm
1 info using npm@10.9.8
2 info using node@v22.23.2
3 silly config load:file:/usr/local/lib/node_modules/npm/npmrc
4 silly config load:file:/firebase-home/.npmrc
5 silly config load:file:/usr/local/etc/npmrc
6 verbose title npm install firebase-tools@latest
7 verbose argv "install" "--global" "firebase-tools@latest"
8 verbose logfile logs-max:10 dir:/firebase-home/.npm/_logs/2026-08-03T16_10_46_905Z-
9 verbose logfile /firebase-home/.npm/_logs/2026-08-03T16_10_46_905Z-debug-0.log
10 silly packumentCache heap:2197815296 maxSize:549453824 maxEntrySize:274726912
11 silly logfile start cleaning logs, removing 1 files
12 silly packumentCache corgi:https://registry.npmjs.org/firebase-tools cache-miss
13 silly logfile done cleaning log files
14 http fetch GET 200 https://registry.npmjs.org/firebase-tools 434ms (cache revalidated)
15 silly packumentCache corgi:https://registry.npmjs.org/firebase-tools set size:1504331 disposed:false
16 silly idealTree buildDeps
17 silly fetch manifest firebase-tools@15.25.1
18 silly packumentCache full:https://registry.npmjs.org/firebase-tools cache-miss
19 http fetch GET 200 https://registry.npmjs.org/firebase-tools 118ms (cache revalidated)
20 silly packumentCache full:https://registry.npmjs.org/firebase-tools set size:2461582 disposed:false
21 silly placeDep ROOT firebase-tools@15.25.1 OK for:  want: 15.25.1
22 silly fetch manifest pg@^8.11.3
23 silly packumentCache full:https://registry.npmjs.org/pg cache-miss
24 silly fetch manifest ws@^8.21.1
25 silly packumentCache full:https://registry.npmjs.org/ws cache-miss
26 silly fetch manifest ajv@^8.17.1
27 silly packumentCache full:https://registry.npmjs.org/ajv cache-miss
28 silly fetch manifest ora@^5.4.1
29 silly packumentCache full:https://registry.npmjs.org/ora cache-miss
30 silly fetch manifest tar@^7.5.11
31 silly packumentCache full:https://registry.npmjs.org/tar cache-miss
32 silly fetch manifest tmp@^0.2.3
33 silly packumentCache full:https://registry.npmjs.org/tmp cache-miss
34 silly fetch manifest zod@^4.0.0
35 silly packumentCache full:https://registry.npmjs.org/zod cache-miss
36 silly fetch manifest cors@^2.8.5
37 silly packumentCache full:https://registry.npmjs.org/cors cache-miss
38 silly fetch manifest glob@^10.5.0
39 silly packumentCache full:https://registry.npmjs.org/glob cache-miss
40 silly fetch manifest mime@^2.5.2
41 silly packumentCache full:https://registry.npmjs.org/mime cache-miss
42 silly fetch manifest open@^6.3.0
43 silly packumentCache full:https://registry.npmjs.org/open cache-miss
44 http fetch GET 200 https://registry.npmjs.org/pg 189ms (cache revalidated)
45 silly packumentCache full:https://registry.npmjs.org/pg set size:479959 disposed:false
46 silly fetch manifest yaml@^2.8.3
47 silly packumentCache full:https://registry.npmjs.org/yaml cache-miss
48 http fetch GET 200 https://registry.npmjs.org/yaml 104ms (cache revalidated)
49 silly packumentCache full:https://registry.npmjs.org/yaml set size:385754 disposed:false
50 silly fetch manifest cjson@^0.3.1
51 silly packumentCache full:https://registry.npmjs.org/cjson cache-miss
52 http fetch GET 200 https://registry.npmjs.org/cors 323ms (cache revalidated)
53 silly packumentCache full:https://registry.npmjs.org/cors set size:77956 disposed:false
54 silly fetch manifest fuzzy@^0.1.3
55 silly packumentCache full:https://registry.npmjs.org/fuzzy cache-miss
56 http fetch GET 200 https://registry.npmjs.org/mime 331ms (cache revalidated)
57 silly packumentCache full:https://registry.npmjs.org/mime set size:119236 disposed:false
58 silly fetch manifest lsofi@^2.0.0
59 silly packumentCache full:https://registry.npmjs.org/lsofi cache-miss
60 http fetch GET 200 https://registry.npmjs.org/open 336ms (cache revalidated)
61 silly packumentCache full:https://registry.npmjs.org/open set size:136392 disposed:false
62 silly fetch manifest retry@^0.13.1
63 silly packumentCache full:https://registry.npmjs.org/retry cache-miss
64 http fetch GET 200 https://registry.npmjs.org/glob 346ms (cache revalidated)
65 silly packumentCache full:https://registry.npmjs.org/glob set size:469465 disposed:false
66 silly fetch manifest gaxios@^6.7.0
67 silly packumentCache full:https://registry.npmjs.org/gaxios cache-miss
68 http fetch GET 200 https://registry.npmjs.org/ws 363ms (cache revalidated)
69 silly packumentCache full:https://registry.npmjs.org/ws set size:426754 disposed:false
70 silly fetch manifest ignore@^7.0.4
71 silly packumentCache full:https://registry.npmjs.org/ignore cache-miss
72 http fetch GET 200 https://registry.npmjs.org/tmp 368ms (cache revalidated)
73 silly packumentCache full:https://registry.npmjs.org/tmp set size:79523 disposed:false
74 silly fetch manifest lodash@^4.18.0
75 silly packumentCache full:https://registry.npmjs.org/lodash cache-miss
76 http fetch GET 200 https://registry.npmjs.org/ora 374ms (cache revalidated)
77 silly packumentCache full:https://registry.npmjs.org/ora set size:147148 disposed:false
78 silly fetch manifest marked@^13.0.2
79 silly packumentCache full:https://registry.npmjs.org/marked cache-miss
80 http fetch GET 200 https://registry.npmjs.org/ajv 382ms (cache revalidated)
81 silly packumentCache full:https://registry.npmjs.org/ajv set size:1142658 disposed:false
82 silly fetch manifest morgan@^1.10.0
83 silly packumentCache full:https://registry.npmjs.org/morgan cache-miss
84 http fetch GET 200 https://registry.npmjs.org/zod 396ms (cache revalidated)
85 silly packumentCache full:https://registry.npmjs.org/zod set size:3552562 disposed:false
86 silly fetch manifest semver@^7.5.2
87 silly packumentCache full:https://registry.npmjs.org/semver cache-miss
88 http fetch GET 200 https://registry.npmjs.org/tar 435ms (cache revalidated)
89 silly packumentCache full:https://registry.npmjs.org/tar set size:591769 disposed:false
90 silly fetch manifest undici@^6.19.0
91 silly packumentCache full:https://registry.npmjs.org/undici cache-miss
92 http fetch GET 200 https://registry.npmjs.org/cjson 187ms (cache revalidated)
93 silly packumentCache full:https://registry.npmjs.org/cjson set size:24554 disposed:false
94 silly fetch manifest express@^4.16.4
95 silly packumentCache full:https://registry.npmjs.org/express cache-miss
96 http fetch GET 200 https://registry.npmjs.org/gaxios 220ms (cache revalidated)
97 silly packumentCache full:https://registry.npmjs.org/gaxios set size:359495 disposed:false
98 silly fetch manifest js-yaml@^4.2.0
99 silly packumentCache full:https://registry.npmjs.org/js-yaml cache-miss
100 http fetch GET 200 https://registry.npmjs.org/retry 252ms (cache revalidated)
101 silly packumentCache full:https://registry.npmjs.org/retry set size:31161 disposed:false
102 silly fetch manifest winston@^3.0.0
103 silly packumentCache full:https://registry.npmjs.org/winston cache-miss
104 http fetch GET 200 https://registry.npmjs.org/morgan 218ms (cache revalidated)
105 silly packumentCache full:https://registry.npmjs.org/morgan set size:78895 disposed:false
106 silly fetch manifest archiver@^7.0.0
107 silly packumentCache full:https://registry.npmjs.org/archiver cache-miss
108 http fetch GET 200 https://registry.npmjs.org/ignore 249ms (cache revalidated)
109 silly packumentCache full:https://registry.npmjs.org/ignore set size:240910 disposed:false
110 silly fetch manifest chokidar@^3.6.0
111 silly packumentCache full:https://registry.npmjs.org/chokidar cache-miss
112 http fetch GET 200 https://registry.npmjs.org/lodash 251ms (cache revalidated)
113 silly packumentCache full:https://registry.npmjs.org/lodash set size:247652 disposed:false
114 silly fetch manifest exegesis@^4.2.0
115 silly packumentCache full:https://registry.npmjs.org/exegesis cache-miss
116 http fetch GET 200 https://registry.npmjs.org/fuzzy 298ms (cache revalidated)
117 silly packumentCache full:https://registry.npmjs.org/fuzzy set size:12033 disposed:false
118 silly fetch manifest fs-extra@^10.1.0
119 silly packumentCache full:https://registry.npmjs.org/fs-extra cache-miss
120 http fetch GET 200 https://registry.npmjs.org/semver 223ms (cache revalidated)
121 silly packumentCache full:https://registry.npmjs.org/semver set size:246069 disposed:false
122 silly fetch manifest pglite-2@npm:@electric-sql/pglite@0.2.17
123 silly packumentCache full:https://registry.npmjs.org/@electric-sql%2fpglite cache-miss
124 http fetch GET 200 https://registry.npmjs.org/marked 280ms (cache revalidated)
125 silly packumentCache full:https://registry.npmjs.org/marked set size:757491 disposed:false
126 silly fetch manifest progress@^2.0.3
127 silly packumentCache full:https://registry.npmjs.org/progress cache-miss
128 http fetch GET 200 https://registry.npmjs.org/undici 235ms (cache revalidated)
129 silly packumentCache full:https://registry.npmjs.org/undici set size:1531430 disposed:false
130 silly fetch manifest colorette@^2.0.19
131 silly packumentCache full:https://registry.npmjs.org/colorette cache-miss
132 http fetch GET 200 https://registry.npmjs.org/express 209ms (cache revalidated)
133 silly packumentCache full:https://registry.npmjs.org/express set size:804956 disposed:false
134 silly fetch manifest commander@^5.1.0
135 silly packumentCache full:https://registry.npmjs.org/commander cache-miss
136 http fetch GET 200 https://registry.npmjs.org/lsofi 380ms (cache revalidated)
137 silly packumentCache full:https://registry.npmjs.org/lsofi set size:5929 disposed:false
138 silly fetch manifest cross-env@^7.0.3
139 silly packumentCache full:https://registry.npmjs.org/cross-env cache-miss
140 http fetch GET 200 https://registry.npmjs.org/js-yaml 285ms (cache revalidated)
141 silly packumentCache full:https://registry.npmjs.org/js-yaml set size:184624 disposed:false
142 silly fetch manifest csv-parse@^5.0.4
143 silly packumentCache full:https://registry.npmjs.org/csv-parse cache-miss
144 http fetch GET 200 https://registry.npmjs.org/fs-extra 263ms (cache revalidated)
145 silly packumentCache full:https://registry.npmjs.org/fs-extra set size:239581 disposed:false
146 silly fetch manifest form-data@^4.0.1
147 silly packumentCache full:https://registry.npmjs.org/form-data cache-miss
148 http fetch GET 200 https://registry.npmjs.org/archiver 294ms (cache revalidated)
149 silly packumentCache full:https://registry.npmjs.org/archiver set size:169973 disposed:false
150 silly fetch manifest minimatch@^3.0.4
151 silly packumentCache full:https://registry.npmjs.org/minimatch cache-miss
152 http fetch GET 200 https://registry.npmjs.org/chokidar 290ms (cache revalidated)
153 silly packumentCache full:https://registry.npmjs.org/chokidar set size:255902 disposed:false
154 silly fetch manifest async-lock@1.4.1
155 silly packumentCache full:https://registry.npmjs.org/async-lock cache-miss
156 http fetch GET 200 https://registry.npmjs.org/winston 313ms (cache revalidated)
157 silly packumentCache full:https://registry.npmjs.org/winston set size:276467 disposed:false
158 silly fetch manifest cli-table3@0.6.5
159 silly packumentCache full:https://registry.npmjs.org/cli-table3 cache-miss
160 http fetch GET 200 https://registry.npmjs.org/exegesis 299ms (cache revalidated)
161 silly packumentCache full:https://registry.npmjs.org/exegesis set size:289051 disposed:false
162 silly fetch manifest node-fetch@^2.6.7
163 silly packumentCache full:https://registry.npmjs.org/node-fetch cache-miss
164 http fetch GET 200 https://registry.npmjs.org/progress 272ms (cache revalidated)
165 silly packumentCache full:https://registry.npmjs.org/progress set size:34179 disposed:false
166 silly fetch manifest pg-gateway@^0.3.0-beta.4
167 silly packumentCache full:https://registry.npmjs.org/pg-gateway cache-miss
168 http fetch GET 200 https://registry.npmjs.org/@electric-sql%2fpglite 312ms (cache revalidated)
169 silly packumentCache full:https://registry.npmjs.org/@electric-sql%2fpglite set size:344589 disposed:false
170 silly fetch manifest portfinder@^1.0.32
171 silly packumentCache full:https://registry.npmjs.org/portfinder cache-miss
172 http fetch GET 200 https://registry.npmjs.org/colorette 276ms (cache revalidated)
173 silly packumentCache full:https://registry.npmjs.org/colorette set size:92733 disposed:false
174 silly fetch manifest ajv-formats@3.0.1
175 silly packumentCache full:https://registry.npmjs.org/ajv-formats cache-miss
176 http fetch GET 200 https://registry.npmjs.org/cross-env 245ms (cache revalidated)
177 silly packumentCache full:https://registry.npmjs.org/cross-env set size:151372 disposed:false
178 silly fetch manifest body-parser@^1.19.0
179 silly packumentCache full:https://registry.npmjs.org/body-parser cache-miss
180 http fetch GET 200 https://registry.npmjs.org/commander 274ms (cache revalidated)
181 silly packumentCache full:https://registry.npmjs.org/commander set size:353115 disposed:false
182 silly fetch manifest configstore@^5.0.1
183 silly packumentCache full:https://registry.npmjs.org/configstore cache-miss
184 http fetch GET 200 https://registry.npmjs.org/cli-table3 257ms (cache revalidated)
185 silly packumentCache full:https://registry.npmjs.org/cli-table3 set size:40139 disposed:false
186 silly fetch manifest cross-spawn@^7.0.5
187 silly packumentCache full:https://registry.npmjs.org/cross-spawn cache-miss
188 http fetch GET 200 https://registry.npmjs.org/form-data 289ms (cache revalidated)
189 silly packumentCache full:https://registry.npmjs.org/form-data set size:153174 disposed:false
190 silly fetch manifest proxy-agent@^6.3.0
191 silly packumentCache full:https://registry.npmjs.org/proxy-agent cache-miss
192 http fetch GET 200 https://registry.npmjs.org/csv-parse 312ms (cache revalidated)
193 silly packumentCache full:https://registry.npmjs.org/csv-parse set size:598945 disposed:false
194 silly fetch manifest stream-json@^1.7.3
195 silly packumentCache full:https://registry.npmjs.org/stream-json cache-miss
196 http fetch GET 200 https://registry.npmjs.org/minimatch 299ms (cache revalidated)
197 silly packumentCache full:https://registry.npmjs.org/minimatch set size:377924 disposed:false
198 silly fetch manifest superstatic@^10.0.0
199 silly packumentCache full:https://registry.npmjs.org/superstatic cache-miss
200 http fetch GET 200 https://registry.npmjs.org/node-fetch 284ms (cache revalidated)
201 silly packumentCache full:https://registry.npmjs.org/node-fetch set size:896010 disposed:false
202 silly fetch manifest triple-beam@^1.3.0
203 silly packumentCache full:https://registry.npmjs.org/triple-beam cache-miss
204 http fetch GET 200 https://registry.npmjs.org/async-lock 313ms (cache revalidated)
205 silly packumentCache full:https://registry.npmjs.org/async-lock set size:98301 disposed:false
206 silly fetch manifest jsonwebtoken@^9.0.2
207 silly packumentCache full:https://registry.npmjs.org/jsonwebtoken cache-miss
208 http fetch GET 200 https://registry.npmjs.org/pg-gateway 291ms (cache revalidated)
209 silly packumentCache full:https://registry.npmjs.org/pg-gateway set size:35105 disposed:false
210 silly fetch manifest stream-chain@^2.2.4
211 silly packumentCache full:https://registry.npmjs.org/stream-chain cache-miss
212 http fetch GET 200 https://registry.npmjs.org/ajv-formats 291ms (cache revalidated)
213 silly packumentCache full:https://registry.npmjs.org/ajv-formats set size:141264 disposed:false
214 silly fetch manifest sql-formatter@^15.3.0
215 silly packumentCache full:https://registry.npmjs.org/sql-formatter cache-miss
216 http fetch GET 200 https://registry.npmjs.org/configstore 283ms (cache revalidated)
217 silly packumentCache full:https://registry.npmjs.org/configstore set size:82080 disposed:false
218 silly fetch manifest tcp-port-used@^1.0.2
219 silly packumentCache full:https://registry.npmjs.org/tcp-port-used cache-miss
220 http fetch GET 200 https://registry.npmjs.org/body-parser 299ms (cache revalidated)
221 silly packumentCache full:https://registry.npmjs.org/body-parser set size:204559 disposed:false
222 silly fetch manifest marked-terminal@^7.0.0
223 silly packumentCache full:https://registry.npmjs.org/marked-terminal cache-miss
224 http fetch GET 200 https://registry.npmjs.org/portfinder 316ms (cache revalidated)
225 silly packumentCache full:https://registry.npmjs.org/portfinder set size:92930 disposed:false
226 silly fetch manifest abort-controller@^3.0.0
227 silly packumentCache full:https://registry.npmjs.org/abort-controller cache-miss
228 http fetch GET 200 https://registry.npmjs.org/cross-spawn 216ms (cache revalidated)
229 silly packumentCache full:https://registry.npmjs.org/cross-spawn set size:109066 disposed:false
230 silly fetch manifest exegesis-express@^4.0.0
231 silly packumentCache full:https://registry.npmjs.org/exegesis-express cache-miss
232 http fetch GET 200 https://registry.npmjs.org/stream-json 205ms (cache revalidated)
233 silly packumentCache full:https://registry.npmjs.org/stream-json set size:148044 disposed:false
234 silly fetch manifest @inquirer/prompts@^7.10.1
235 silly packumentCache full:https://registry.npmjs.org/@inquirer%2fprompts cache-miss
236 http fetch GET 200 https://registry.npmjs.org/jsonwebtoken 185ms (cache revalidated)
237 silly packumentCache full:https://registry.npmjs.org/jsonwebtoken set size:183413 disposed:false
238 silly fetch manifest winston-transport@^4.4.0
239 silly packumentCache full:https://registry.npmjs.org/winston-transport cache-miss
240 http fetch GET 200 https://registry.npmjs.org/triple-beam 193ms (cache revalidated)
241 silly packumentCache full:https://registry.npmjs.org/triple-beam set size:15133 disposed:false
242 silly fetch manifest @apphosting/common@^0.0.8
243 silly packumentCache full:https://registry.npmjs.org/@apphosting%2fcommon cache-miss
244 http fetch GET 200 https://registry.npmjs.org/proxy-agent 225ms (cache revalidated)
245 silly packumentCache full:https://registry.npmjs.org/proxy-agent set size:81277 disposed:false
246 silly fetch manifest libsodium-wrappers@^0.7.10
247 silly packumentCache full:https://registry.npmjs.org/libsodium-wrappers cache-miss
248 http fetch GET 200 https://registry.npmjs.org/superstatic 212ms (cache revalidated)
249 silly packumentCache full:https://registry.npmjs.org/superstatic set size:570455 disposed:false
250 silly fetch manifest google-auth-library@^9.11.0
251 silly packumentCache full:https://registry.npmjs.org/google-auth-library cache-miss
252 http fetch GET 200 https://registry.npmjs.org/stream-chain 204ms (cache revalidated)
253 silly packumentCache full:https://registry.npmjs.org/stream-chain set size:109985 disposed:false
254 silly fetch manifest universal-analytics@^0.5.3
255 silly packumentCache full:https://registry.npmjs.org/universal-analytics cache-miss
256 http fetch GET 200 https://registry.npmjs.org/tcp-port-used 172ms (cache revalidated)
257 silly packumentCache full:https://registry.npmjs.org/tcp-port-used set size:29388 disposed:false
258 silly fetch manifest update-notifier-cjs@^5.1.6
259 silly packumentCache full:https://registry.npmjs.org/update-notifier-cjs cache-miss
260 http fetch GET 200 https://registry.npmjs.org/abort-controller 173ms (cache revalidated)
261 silly packumentCache full:https://registry.npmjs.org/abort-controller set size:47272 disposed:false
262 silly fetch manifest @electric-sql/pglite@^0.3.3
263 silly packumentCache full:https://registry.npmjs.org/@electric-sql%2fpglite cache-hit
264 silly fetch manifest @google-cloud/pubsub@^5.2.0
265 silly packumentCache full:https://registry.npmjs.org/@google-cloud%2fpubsub cache-miss
266 http fetch GET 200 https://registry.npmjs.org/marked-terminal 242ms (cache revalidated)
267 silly packumentCache full:https://registry.npmjs.org/marked-terminal set size:81779 disposed:false
268 silly fetch manifest @modelcontextprotocol/sdk@^1.24.0
269 silly packumentCache full:https://registry.npmjs.org/@modelcontextprotocol%2fsdk cache-miss
270 http fetch GET 200 https://registry.npmjs.org/sql-formatter 261ms (cache revalidated)
271 silly packumentCache full:https://registry.npmjs.org/sql-formatter set size:1132835 disposed:false
272 silly fetch manifest @electric-sql/pglite-tools@^0.2.8
273 silly packumentCache full:https://registry.npmjs.org/@electric-sql%2fpglite-tools cache-miss
274 http fetch GET 200 https://registry.npmjs.org/exegesis-express 173ms (cache revalidated)
275 silly packumentCache full:https://registry.npmjs.org/exegesis-express set size:61313 disposed:false
276 silly fetch manifest @google-cloud/cloud-sql-connector@^1.3.3
277 silly packumentCache full:https://registry.npmjs.org/@google-cloud%2fcloud-sql-connector cache-miss
278 http fetch GET 200 https://registry.npmjs.org/winston-transport 169ms (cache revalidated)
279 silly packumentCache full:https://registry.npmjs.org/winston-transport set size:60135 disposed:false
280 http fetch GET 200 https://registry.npmjs.org/libsodium-wrappers 168ms (cache revalidated)
281 silly packumentCache full:https://registry.npmjs.org/libsodium-wrappers set size:96083 disposed:false
282 http fetch GET 200 https://registry.npmjs.org/google-auth-library 162ms (cache revalidated)
283 silly packumentCache full:https://registry.npmjs.org/google-auth-library set size:737867 disposed:false
284 http fetch GET 200 https://registry.npmjs.org/universal-analytics 168ms (cache revalidated)
285 silly packumentCache full:https://registry.npmjs.org/universal-analytics set size:104106 disposed:false
286 http fetch GET 200 https://registry.npmjs.org/@inquirer%2fprompts 202ms (cache revalidated)
287 silly packumentCache full:https://registry.npmjs.org/@inquirer%2fprompts set size:331361 disposed:false
288 http fetch GET 200 https://registry.npmjs.org/@apphosting%2fcommon 215ms (cache revalidated)
289 silly packumentCache full:https://registry.npmjs.org/@apphosting%2fcommon set size:66674 disposed:false
290 http fetch GET 200 https://registry.npmjs.org/@google-cloud%2fpubsub 173ms (cache revalidated)
291 silly packumentCache full:https://registry.npmjs.org/@google-cloud%2fpubsub set size:740924 disposed:false
292 http fetch GET 200 https://registry.npmjs.org/update-notifier-cjs 256ms (cache revalidated)
293 silly packumentCache full:https://registry.npmjs.org/update-notifier-cjs set size:28206 disposed:false
294 http fetch GET 200 https://registry.npmjs.org/@electric-sql%2fpglite-tools 172ms (cache revalidated)
295 silly packumentCache full:https://registry.npmjs.org/@electric-sql%2fpglite-tools set size:94133 disposed:false
296 http fetch GET 200 https://registry.npmjs.org/@google-cloud%2fcloud-sql-connector 160ms (cache revalidated)
297 silly packumentCache full:https://registry.npmjs.org/@google-cloud%2fcloud-sql-connector set size:159814 disposed:false
298 http fetch GET 200 https://registry.npmjs.org/@modelcontextprotocol%2fsdk 248ms (cache revalidated)
299 silly packumentCache full:https://registry.npmjs.org/@modelcontextprotocol%2fsdk set size:302290 disposed:false
300 silly fetch manifest pg-native@>=3.0.1
301 silly packumentCache full:https://registry.npmjs.org/pg-native cache-miss
302 http fetch GET 200 https://registry.npmjs.org/pg-native 115ms (cache revalidated)
303 silly packumentCache full:https://registry.npmjs.org/pg-native set size:92711 disposed:false
304 silly fetch manifest bufferutil@^4.0.1
305 silly packumentCache full:https://registry.npmjs.org/bufferutil cache-miss
306 http fetch GET 200 https://registry.npmjs.org/bufferutil 92ms (cache revalidated)
307 silly packumentCache full:https://registry.npmjs.org/bufferutil set size:52668 disposed:false
308 silly fetch manifest utf-8-validate@>=5.0.2
309 silly packumentCache full:https://registry.npmjs.org/utf-8-validate cache-miss
310 http fetch GET 200 https://registry.npmjs.org/utf-8-validate 97ms (cache revalidated)
311 silly packumentCache full:https://registry.npmjs.org/utf-8-validate set size:77012 disposed:false
312 silly fetch manifest encoding@^0.1.0
313 silly packumentCache full:https://registry.npmjs.org/encoding cache-miss
314 http fetch GET 200 https://registry.npmjs.org/encoding 99ms (cache revalidated)
315 silly packumentCache full:https://registry.npmjs.org/encoding set size:17833 disposed:false
316 silly fetch manifest @types/node@>=18
317 silly packumentCache full:https://registry.npmjs.org/@types%2fnode cache-miss
318 http fetch GET 200 https://registry.npmjs.org/@types%2fnode 267ms (cache revalidated)
319 silly packumentCache full:https://registry.npmjs.org/@types%2fnode set size:11084776 disposed:false
320 silly fetch manifest @cfworker/json-schema@^4.1.1
321 silly packumentCache full:https://registry.npmjs.org/@cfworker%2fjson-schema cache-miss
322 http fetch GET 200 https://registry.npmjs.org/@cfworker%2fjson-schema 120ms (cache revalidated)
323 silly packumentCache full:https://registry.npmjs.org/@cfworker%2fjson-schema set size:144207 disposed:false
324 silly placeDep node_modules/firebase-tools @apphosting/common@0.0.8 OK for: firebase-tools@15.25.1 want: ^0.0.8
325 silly placeDep node_modules/firebase-tools @electric-sql/pglite@0.3.16 OK for: firebase-tools@15.25.1 want: ^0.3.3
326 silly placeDep node_modules/firebase-tools @electric-sql/pglite-tools@0.2.21 OK for: firebase-tools@15.25.1 want: ^0.2.8
327 silly placeDep node_modules/firebase-tools @google-cloud/cloud-sql-connector@1.11.3 OK for: firebase-tools@15.25.1 want: ^1.3.3
328 silly placeDep node_modules/firebase-tools @google-cloud/pubsub@5.3.1 OK for: firebase-tools@15.25.1 want: ^5.2.0
329 silly placeDep node_modules/firebase-tools @inquirer/prompts@7.10.1 OK for: firebase-tools@15.25.1 want: ^7.10.1
330 silly placeDep node_modules/firebase-tools @modelcontextprotocol/sdk@1.30.0 OK for: firebase-tools@15.25.1 want: ^1.24.0
331 silly placeDep node_modules/firebase-tools abort-controller@3.0.0 OK for: firebase-tools@15.25.1 want: ^3.0.0
332 silly placeDep node_modules/firebase-tools ajv@8.20.0 OK for: firebase-tools@15.25.1 want: ^8.17.1
333 silly placeDep node_modules/firebase-tools ajv-formats@3.0.1 OK for: firebase-tools@15.25.1 want: 3.0.1
334 silly placeDep node_modules/firebase-tools archiver@7.0.1 OK for: firebase-tools@15.25.1 want: ^7.0.0
335 silly placeDep node_modules/firebase-tools async-lock@1.4.1 OK for: firebase-tools@15.25.1 want: 1.4.1
336 silly placeDep node_modules/firebase-tools body-parser@1.20.6 OK for: firebase-tools@15.25.1 want: ^1.19.0
337 silly placeDep node_modules/firebase-tools chokidar@3.6.0 OK for: firebase-tools@15.25.1 want: ^3.6.0
338 silly placeDep node_modules/firebase-tools cjson@0.3.3 OK for: firebase-tools@15.25.1 want: ^0.3.1
339 silly placeDep node_modules/firebase-tools cli-table3@0.6.5 OK for: firebase-tools@15.25.1 want: 0.6.5
340 silly placeDep node_modules/firebase-tools colorette@2.0.20 OK for: firebase-tools@15.25.1 want: ^2.0.19
341 silly placeDep node_modules/firebase-tools commander@5.1.0 OK for: firebase-tools@15.25.1 want: ^5.1.0
342 silly placeDep node_modules/firebase-tools configstore@5.0.1 OK for: firebase-tools@15.25.1 want: ^5.0.1
343 silly placeDep node_modules/firebase-tools cors@2.8.6 OK for: firebase-tools@15.25.1 want: ^2.8.5
344 silly placeDep node_modules/firebase-tools cross-env@7.0.3 OK for: firebase-tools@15.25.1 want: ^7.0.3
345 silly placeDep node_modules/firebase-tools cross-spawn@7.0.6 OK for: firebase-tools@15.25.1 want: ^7.0.5
346 silly placeDep node_modules/firebase-tools csv-parse@5.6.0 OK for: firebase-tools@15.25.1 want: ^5.0.4
347 silly placeDep node_modules/firebase-tools exegesis@4.3.0 OK for: firebase-tools@15.25.1 want: ^4.2.0
348 silly placeDep node_modules/firebase-tools exegesis-express@4.0.0 OK for: firebase-tools@15.25.1 want: ^4.0.0
349 silly placeDep node_modules/firebase-tools express@4.22.2 OK for: firebase-tools@15.25.1 want: ^4.16.4
350 silly placeDep node_modules/firebase-tools form-data@4.0.6 OK for: firebase-tools@15.25.1 want: ^4.0.1
351 silly placeDep node_modules/firebase-tools fs-extra@10.1.0 OK for: firebase-tools@15.25.1 want: ^10.1.0
352 silly placeDep node_modules/firebase-tools fuzzy@0.1.3 OK for: firebase-tools@15.25.1 want: ^0.1.3
353 silly placeDep node_modules/firebase-tools gaxios@6.7.1 OK for: firebase-tools@15.25.1 want: ^6.7.0
354 silly placeDep node_modules/firebase-tools glob@10.5.0 OK for: firebase-tools@15.25.1 want: ^10.5.0
355 silly placeDep node_modules/firebase-tools google-auth-library@9.15.1 OK for: firebase-tools@15.25.1 want: ^9.11.0
356 silly placeDep node_modules/firebase-tools ignore@7.0.6 OK for: firebase-tools@15.25.1 want: ^7.0.4
357 silly placeDep node_modules/firebase-tools js-yaml@4.3.1 OK for: firebase-tools@15.25.1 want: ^4.2.0
358 silly placeDep node_modules/firebase-tools jsonwebtoken@9.0.3 OK for: firebase-tools@15.25.1 want: ^9.0.2
359 silly placeDep node_modules/firebase-tools libsodium-wrappers@0.7.16 OK for: firebase-tools@15.25.1 want: ^0.7.10
360 silly placeDep node_modules/firebase-tools lodash@4.18.1 OK for: firebase-tools@15.25.1 want: ^4.18.0
361 silly placeDep node_modules/firebase-tools lsofi@2.0.0 OK for: firebase-tools@15.25.1 want: ^2.0.0
362 silly placeDep node_modules/firebase-tools marked@13.0.3 OK for: firebase-tools@15.25.1 want: ^13.0.2
363 silly placeDep node_modules/firebase-tools marked-terminal@7.3.0 OK for: firebase-tools@15.25.1 want: ^7.0.0
364 silly placeDep node_modules/firebase-tools mime@2.6.0 OK for: firebase-tools@15.25.1 want: ^2.5.2
365 silly placeDep node_modules/firebase-tools minimatch@3.1.5 OK for: firebase-tools@15.25.1 want: ^3.0.4
366 silly placeDep node_modules/firebase-tools morgan@1.11.0 OK for: firebase-tools@15.25.1 want: ^1.10.0
367 silly placeDep node_modules/firebase-tools node-fetch@2.7.0 OK for: firebase-tools@15.25.1 want: ^2.6.7
368 silly placeDep node_modules/firebase-tools open@6.4.0 OK for: firebase-tools@15.25.1 want: ^6.3.0
369 silly placeDep node_modules/firebase-tools ora@5.4.1 OK for: firebase-tools@15.25.1 want: ^5.4.1
370 silly placeDep node_modules/firebase-tools pg@8.22.0 OK for: firebase-tools@15.25.1 want: ^8.11.3
371 silly placeDep node_modules/firebase-tools pg-gateway@0.3.0-beta.4 OK for: firebase-tools@15.25.1 want: ^0.3.0-beta.4
372 silly placeDep node_modules/firebase-tools pglite-2@0.2.17 OK for: firebase-tools@15.25.1 want: npm:@electric-sql/pglite@0.2.17
373 silly placeDep node_modules/firebase-tools portfinder@1.0.38 OK for: firebase-tools@15.25.1 want: ^1.0.32
374 silly placeDep node_modules/firebase-tools progress@2.0.3 OK for: firebase-tools@15.25.1 want: ^2.0.3
375 silly placeDep node_modules/firebase-tools proxy-agent@6.5.0 OK for: firebase-tools@15.25.1 want: ^6.3.0
376 silly placeDep node_modules/firebase-tools retry@0.13.1 OK for: firebase-tools@15.25.1 want: ^0.13.1
377 silly placeDep node_modules/firebase-tools semver@7.8.5 OK for: firebase-tools@15.25.1 want: ^7.5.2
378 silly placeDep node_modules/firebase-tools sql-formatter@15.8.2 OK for: firebase-tools@15.25.1 want: ^15.3.0
379 silly placeDep node_modules/firebase-tools stream-chain@2.2.5 OK for: firebase-tools@15.25.1 want: ^2.2.4
380 silly placeDep node_modules/firebase-tools stream-json@1.9.1 OK for: firebase-tools@15.25.1 want: ^1.7.3
381 silly placeDep node_modules/firebase-tools superstatic@10.0.0 OK for: firebase-tools@15.25.1 want: ^10.0.0
382 silly placeDep node_modules/firebase-tools tar@7.5.22 OK for: firebase-tools@15.25.1 want: ^7.5.11
383 silly placeDep node_modules/firebase-tools tcp-port-used@1.0.3 OK for: firebase-tools@15.25.1 want: ^1.0.2
384 silly placeDep node_modules/firebase-tools tmp@0.2.7 OK for: firebase-tools@15.25.1 want: ^0.2.3
385 silly placeDep node_modules/firebase-tools triple-beam@1.4.1 OK for: firebase-tools@15.25.1 want: ^1.3.0
386 silly placeDep node_modules/firebase-tools undici@6.28.0 OK for: firebase-tools@15.25.1 want: ^6.19.0
387 silly placeDep node_modules/firebase-tools universal-analytics@0.5.4 OK for: firebase-tools@15.25.1 want: ^0.5.3
388 silly placeDep node_modules/firebase-tools update-notifier-cjs@5.1.7 OK for: firebase-tools@15.25.1 want: ^5.1.6
389 silly placeDep node_modules/firebase-tools winston@3.19.0 OK for: firebase-tools@15.25.1 want: ^3.0.0
390 silly placeDep node_modules/firebase-tools winston-transport@4.9.0 OK for: firebase-tools@15.25.1 want: ^4.4.0
391 silly placeDep node_modules/firebase-tools ws@8.21.1 OK for: firebase-tools@15.25.1 want: ^8.21.1
392 silly placeDep node_modules/firebase-tools yaml@2.9.0 OK for: firebase-tools@15.25.1 want: ^2.8.3
393 silly placeDep node_modules/firebase-tools zod@4.4.3 OK for: firebase-tools@15.25.1 want: ^4.0.0
394 silly fetch manifest gaxios@^7.1.4
395 silly packumentCache full:https://registry.npmjs.org/gaxios cache-hit
396 silly fetch manifest p-throttle@^8.1.0
397 silly packumentCache full:https://registry.npmjs.org/p-throttle cache-miss
398 silly fetch manifest google-auth-library@^10.6.2
399 silly packumentCache full:https://registry.npmjs.org/google-auth-library cache-hit
400 silly fetch manifest @googleapis/sqladmin@^37.0.0
401 silly packumentCache full:https://registry.npmjs.org/@googleapis%2fsqladmin cache-miss
402 silly fetch manifest @google-cloud/paginator@^6.0.0
403 silly packumentCache full:https://registry.npmjs.org/@google-cloud%2fpaginator cache-miss
404 silly fetch manifest @google-cloud/precise-date@^5.0.0
405 silly packumentCache full:https://registry.npmjs.org/@google-cloud%2fprecise-date cache-miss
406 silly fetch manifest @google-cloud/projectify@^5.0.0
407 silly packumentCache full:https://registry.npmjs.org/@google-cloud%2fprojectify cache-miss
408 silly fetch manifest @google-cloud/promisify@^5.0.0
409 silly packumentCache full:https://registry.npmjs.org/@google-cloud%2fpromisify cache-miss
410 silly fetch manifest @opentelemetry/api@~1.9.0
411 silly packumentCache full:https://registry.npmjs.org/@opentelemetry%2fapi cache-miss
412 silly fetch manifest @opentelemetry/core@^1.30.1
413 silly packumentCache full:https://registry.npmjs.org/@opentelemetry%2fcore cache-miss
414 silly fetch manifest @opentelemetry/semantic-conventions@~1.39.0
415 silly packumentCache full:https://registry.npmjs.org/@opentelemetry%2fsemantic-conventions cache-miss
416 silly fetch manifest arrify@^2.0.0
417 silly packumentCache full:https://registry.npmjs.org/arrify cache-miss
418 silly fetch manifest extend@^3.0.2
419 silly packumentCache full:https://registry.npmjs.org/extend cache-miss
420 http fetch GET 200 https://registry.npmjs.org/extend 162ms (cache revalidated)
421 silly packumentCache full:https://registry.npmjs.org/extend set size:25974 disposed:false
422 silly fetch manifest google-auth-library@^10.5.0
423 silly packumentCache full:https://registry.npmjs.org/google-auth-library cache-hit
424 silly fetch manifest google-gax@^5.0.5
425 silly packumentCache full:https://registry.npmjs.org/google-gax cache-miss
426 http fetch GET 200 https://registry.npmjs.org/arrify 169ms (cache revalidated)
427 silly packumentCache full:https://registry.npmjs.org/arrify set size:11862 disposed:false
428 silly fetch manifest google-logging-utils@^1.1.3
429 silly packumentCache full:https://registry.npmjs.org/google-logging-utils cache-miss
430 http fetch GET 200 https://registry.npmjs.org/@google-cloud%2fprecise-date 190ms (cache revalidated)
431 silly packumentCache full:https://registry.npmjs.org/@google-cloud%2fprecise-date set size:58219 disposed:false
432 silly fetch manifest heap-js@^2.6.0
433 silly packumentCache full:https://registry.npmjs.org/heap-js cache-miss
434 http fetch GET 200 https://registry.npmjs.org/@opentelemetry%2fcore 194ms (cache revalidated)
435 silly packumentCache full:https://registry.npmjs.org/@opentelemetry%2fcore set size:832723 disposed:false
436 silly fetch manifest is-stream-ended@^0.1.4
437 silly packumentCache full:https://registry.npmjs.org/is-stream-ended cache-miss
438 http fetch GET 200 https://registry.npmjs.org/@google-cloud%2fpromisify 203ms (cache revalidated)
439 silly packumentCache full:https://registry.npmjs.org/@google-cloud%2fpromisify set size:75979 disposed:false
440 silly fetch manifest lodash.snakecase@^4.1.1
441 silly packumentCache full:https://registry.npmjs.org/lodash.snakecase cache-miss
442 http fetch GET 200 https://registry.npmjs.org/@opentelemetry%2fsemantic-conventions 205ms (cache revalidated)
443 silly packumentCache full:https://registry.npmjs.org/@opentelemetry%2fsemantic-conventions set size:428824 disposed:false
444 silly fetch manifest long@^5.3.1
445 silly packumentCache full:https://registry.npmjs.org/long cache-miss
446 http fetch GET 200 https://registry.npmjs.org/@google-cloud%2fpaginator 216ms (cache revalidated)
447 silly packumentCache full:https://registry.npmjs.org/@google-cloud%2fpaginator set size:97180 disposed:false
448 silly fetch manifest p-defer@^3.0.0
449 silly packumentCache full:https://registry.npmjs.org/p-defer cache-miss
450 http fetch GET 200 https://registry.npmjs.org/@opentelemetry%2fapi 223ms (cache revalidated)
451 silly packumentCache full:https://registry.npmjs.org/@opentelemetry%2fapi set size:272967 disposed:false
452 silly fetch manifest @inquirer/input@^4.3.1
453 silly packumentCache full:https://registry.npmjs.org/@inquirer%2finput cache-miss
454 http fetch GET 200 https://registry.npmjs.org/@googleapis%2fsqladmin 252ms (cache revalidated)
455 silly packumentCache full:https://registry.npmjs.org/@googleapis%2fsqladmin set size:135961 disposed:false
456 silly fetch manifest @inquirer/editor@^4.2.23
457 silly packumentCache full:https://registry.npmjs.org/@inquirer%2feditor cache-miss
458 http fetch GET 200 https://registry.npmjs.org/p-throttle 278ms (cache revalidated)
459 silly packumentCache full:https://registry.npmjs.org/p-throttle set size:47894 disposed:false
460 silly fetch manifest @inquirer/expand@^4.0.23
461 silly packumentCache full:https://registry.npmjs.org/@inquirer%2fexpand cache-miss
462 http fetch GET 200 https://registry.npmjs.org/google-logging-utils 156ms (cache revalidated)
463 silly packumentCache full:https://registry.npmjs.org/google-logging-utils set size:28645 disposed:false
464 silly fetch manifest @inquirer/number@^3.0.23
465 silly packumentCache full:https://registry.npmjs.org/@inquirer%2fnumber cache-miss
466 http fetch GET 200 https://registry.npmjs.org/is-stream-ended 136ms (cache revalidated)
467 silly packumentCache full:https://registry.npmjs.org/is-stream-ended set size:8902 disposed:false
468 silly fetch manifest @inquirer/search@^3.2.2
469 silly packumentCache full:https://registry.npmjs.org/@inquirer%2fsearch cache-miss
470 http fetch GET 200 https://registry.npmjs.org/google-gax 173ms (cache revalidated)
471 silly packumentCache full:https://registry.npmjs.org/google-gax set size:2073092 disposed:false
472 silly fetch manifest @inquirer/select@^4.4.2
473 silly packumentCache full:https://registry.npmjs.org/@inquirer%2fselect cache-miss
474 http fetch GET 200 https://registry.npmjs.org/heap-js 177ms (cache revalidated)
475 silly packumentCache full:https://registry.npmjs.org/heap-js set size:106897 disposed:false
476 silly fetch manifest @inquirer/confirm@^5.1.21
477 silly packumentCache full:https://registry.npmjs.org/@inquirer%2fconfirm cache-miss
478 http fetch GET 200 https://registry.npmjs.org/p-defer 170ms (cache revalidated)
479 silly packumentCache full:https://registry.npmjs.org/p-defer set size:17545 disposed:false
480 silly fetch manifest @inquirer/rawlist@^4.1.11
481 silly packumentCache full:https://registry.npmjs.org/@inquirer%2frawlist cache-miss
482 http fetch GET 200 https://registry.npmjs.org/lodash.snakecase 185ms (cache revalidated)
483 silly packumentCache full:https://registry.npmjs.org/lodash.snakecase set size:16878 disposed:false
484 silly fetch manifest @inquirer/checkbox@^4.3.2
485 silly packumentCache full:https://registry.npmjs.org/@inquirer%2fcheckbox cache-miss
486 http fetch GET 200 https://registry.npmjs.org/long 185ms (cache revalidated)
487 silly packumentCache full:https://registry.npmjs.org/long set size:80704 disposed:false
488 silly fetch manifest @inquirer/password@^4.0.23
489 silly packumentCache full:https://registry.npmjs.org/@inquirer%2fpassword cache-miss
490 http fetch GET 200 https://registry.npmjs.org/@google-cloud%2fprojectify 404ms (cache revalidated)
491 silly packumentCache full:https://registry.npmjs.org/@google-cloud%2fprojectify set size:71811 disposed:false
492 silly fetch manifest zod@^3.25 || ^4.0
493 silly packumentCache full:https://registry.npmjs.org/zod cache-miss
494 http fetch GET 200 https://registry.npmjs.org/@inquirer%2finput 184ms (cache revalidated)
495 silly packumentCache full:https://registry.npmjs.org/@inquirer%2finput set size:319406 disposed:false
496 silly fetch manifest hono@^4.11.4
497 silly packumentCache full:https://registry.npmjs.org/hono cache-miss
498 http fetch GET 200 https://registry.npmjs.org/@inquirer%2feditor 167ms (cache revalidated)
499 silly packumentCache full:https://registry.npmjs.org/@inquirer%2feditor set size:322894 disposed:false
500 silly fetch manifest jose@^6.1.3
501 silly packumentCache full:https://registry.npmjs.org/jose cache-miss
502 http fetch GET 200 https://registry.npmjs.org/@inquirer%2fexpand 150ms (cache revalidated)
503 silly packumentCache full:https://registry.npmjs.org/@inquirer%2fexpand set size:322112 disposed:false
504 silly fetch manifest express@^5.2.1
505 silly packumentCache full:https://registry.npmjs.org/express cache-hit
506 silly fetch manifest raw-body@^3.0.0
507 silly packumentCache full:https://registry.npmjs.org/raw-body cache-miss
508 http cache https://registry.npmjs.org/zod 97ms (cache hit)
509 silly packumentCache full:https://registry.npmjs.org/zod set size:3552562 disposed:false
510 silly fetch manifest ajv-formats@^3.0.1
511 silly packumentCache full:https://registry.npmjs.org/ajv-formats cache-hit
512 silly fetch manifest eventsource@^3.0.2
513 silly packumentCache full:https://registry.npmjs.org/eventsource cache-miss
514 http fetch GET 200 https://registry.npmjs.org/@inquirer%2fnumber 214ms (cache revalidated)
515 silly packumentCache full:https://registry.npmjs.org/@inquirer%2fnumber set size:142567 disposed:false
516 silly fetch manifest content-type@^1.0.5
517 silly packumentCache full:https://registry.npmjs.org/content-type cache-miss
518 http fetch GET 200 https://registry.npmjs.org/@inquirer%2fselect 195ms (cache revalidated)
519 silly packumentCache full:https://registry.npmjs.org/@inquirer%2fselect set size:335462 disposed:false
520 silly fetch manifest pkce-challenge@^5.0.0
521 silly packumentCache full:https://registry.npmjs.org/pkce-challenge cache-miss
522 http fetch GET 200 https://registry.npmjs.org/@inquirer%2fconfirm 192ms (cache revalidated)
523 silly packumentCache full:https://registry.npmjs.org/@inquirer%2fconfirm set size:320882 disposed:false
524 silly fetch manifest @hono/node-server@^1.19.9 || ^2.0.5
525 silly packumentCache full:https://registry.npmjs.org/@hono%2fnode-server cache-miss
526 http fetch GET 200 https://registry.npmjs.org/@inquirer%2fsearch 236ms (cache revalidated)
527 silly packumentCache full:https://registry.npmjs.org/@inquirer%2fsearch set size:142958 disposed:false
528 silly fetch manifest json-schema-typed@^8.0.2
529 silly packumentCache full:https://registry.npmjs.org/json-schema-typed cache-miss
530 http fetch GET 200 https://registry.npmjs.org/raw-body 158ms (cache revalidated)
531 silly packumentCache full:https://registry.npmjs.org/raw-body set size:120042 disposed:false
532 silly fetch manifest eventsource-parser@^3.0.0
533 silly packumentCache full:https://registry.npmjs.org/eventsource-parser cache-miss
534 http fetch GET 200 https://registry.npmjs.org/@inquirer%2fpassword 199ms (cache revalidated)
535 silly packumentCache full:https://registry.npmjs.org/@inquirer%2fpassword set size:318894 disposed:false
536 silly fetch manifest express-rate-limit@^8.2.1
537 silly packumentCache full:https://registry.npmjs.org/express-rate-limit cache-miss
538 http fetch GET 200 https://registry.npmjs.org/jose 184ms (cache revalidated)
539 silly packumentCache full:https://registry.npmjs.org/jose set size:1440823 disposed:false
540 silly fetch manifest zod-to-json-schema@^3.25.1
541 silly packumentCache full:https://registry.npmjs.org/zod-to-json-schema cache-miss
542 http fetch GET 200 https://registry.npmjs.org/@inquirer%2frawlist 230ms (cache revalidated)
543 silly packumentCache full:https://registry.npmjs.org/@inquirer%2frawlist set size:288948 disposed:false
544 silly fetch manifest event-target-shim@^5.0.0
545 silly packumentCache full:https://registry.npmjs.org/event-target-shim cache-miss
546 http fetch GET 200 https://registry.npmjs.org/hono 218ms (cache revalidated)
547 silly packumentCache full:https://registry.npmjs.org/hono set size:6010339 disposed:false
548 silly fetch manifest fast-deep-equal@^3.1.3
549 silly packumentCache full:https://registry.npmjs.org/fast-deep-equal cache-miss
550 http fetch GET 200 https://registry.npmjs.org/@inquirer%2fcheckbox 284ms (cache revalidated)
551 silly packumentCache full:https://registry.npmjs.org/@inquirer%2fcheckbox set size:346573 disposed:false
552 silly fetch manifest fast-uri@^3.0.1
553 silly packumentCache full:https://registry.npmjs.org/fast-uri cache-miss
554 http fetch GET 200 https://registry.npmjs.org/eventsource 200ms (cache revalidated)
555 silly packumentCache full:https://registry.npmjs.org/eventsource set size:128214 disposed:false
556 silly fetch manifest json-schema-traverse@^1.0.0
557 silly packumentCache full:https://registry.npmjs.org/json-schema-traverse cache-miss
558 http fetch GET 200 https://registry.npmjs.org/json-schema-typed 310ms (cache revalidated)
559 silly packumentCache full:https://registry.npmjs.org/json-schema-typed set size:26165 disposed:false
560 silly fetch manifest require-from-string@^2.0.2
561 silly packumentCache full:https://registry.npmjs.org/require-from-string cache-miss
562 http fetch GET 200 https://registry.npmjs.org/fast-deep-equal 220ms (cache revalidated)
563 silly packumentCache full:https://registry.npmjs.org/fast-deep-equal set size:48634 disposed:false
564 silly fetch manifest async@^3.2.4
565 silly packumentCache full:https://registry.npmjs.org/async cache-miss
566 http fetch GET 200 https://registry.npmjs.org/json-schema-traverse 173ms (cache revalidated)
567 silly packumentCache full:https://registry.npmjs.org/json-schema-traverse set size:23537 disposed:false
568 silly fetch manifest tar-stream@^3.0.0
569 silly packumentCache full:https://registry.npmjs.org/tar-stream cache-miss
570 http fetch GET 200 https://registry.npmjs.org/zod-to-json-schema 286ms (cache revalidated)
571 silly packumentCache full:https://registry.npmjs.org/zod-to-json-schema set size:309584 disposed:false
572 silly fetch manifest zip-stream@^6.0.1
573 silly packumentCache full:https://registry.npmjs.org/zip-stream cache-miss
574 http fetch GET 200 https://registry.npmjs.org/content-type 353ms (cache revalidated)
575 silly packumentCache full:https://registry.npmjs.org/content-type set size:18994 disposed:false
576 silly fetch manifest buffer-crc32@^1.0.0
577 silly packumentCache full:https://registry.npmjs.org/buffer-crc32 cache-miss
578 http fetch GET 200 https://registry.npmjs.org/pkce-challenge 348ms (cache revalidated)
579 silly packumentCache full:https://registry.npmjs.org/pkce-challenge set size:37734 disposed:false
580 silly fetch manifest readdir-glob@^1.1.2
581 silly packumentCache full:https://registry.npmjs.org/readdir-glob cache-miss
582 http fetch GET 200 https://registry.npmjs.org/event-target-shim 291ms (cache revalidated)
583 silly packumentCache full:https://registry.npmjs.org/event-target-shim set size:103601 disposed:false
584 silly fetch manifest archiver-utils@^5.0.2
585 silly packumentCache full:https://registry.npmjs.org/archiver-utils cache-miss
586 http fetch GET 200 https://registry.npmjs.org/eventsource-parser 323ms (cache revalidated)
587 silly packumentCache full:https://registry.npmjs.org/eventsource-parser set size:78018 disposed:false
588 silly fetch manifest readable-stream@^4.0.0
589 silly packumentCache full:https://registry.npmjs.org/readable-stream cache-miss
590 http fetch GET 200 https://registry.npmjs.org/fast-uri 239ms (cache revalidated)
591 silly packumentCache full:https://registry.npmjs.org/fast-uri set size:91614 disposed:false
592 silly fetch manifest qs@~6.15.1
593 silly packumentCache full:https://registry.npmjs.org/qs cache-miss
594 http fetch GET 200 https://registry.npmjs.org/express-rate-limit 323ms (cache revalidated)
595 silly packumentCache full:https://registry.npmjs.org/express-rate-limit set size:452248 disposed:false
596 silly fetch manifest depd@2.0.0
597 silly packumentCache full:https://registry.npmjs.org/depd cache-miss
598 http fetch GET 200 https://registry.npmjs.org/@hono%2fnode-server 372ms (cache revalidated)
599 silly packumentCache full:https://registry.npmjs.org/@hono%2fnode-server set size:277956 disposed:false
600 silly fetch manifest bytes@~3.1.2
601 silly packumentCache full:https://registry.npmjs.org/bytes cache-miss
602 http fetch GET 200 https://registry.npmjs.org/require-from-string 382ms (cache revalidated)
603 silly packumentCache full:https://registry.npmjs.org/require-from-string set size:15128 disposed:false
604 silly fetch manifest debug@2.6.9
605 silly packumentCache full:https://registry.npmjs.org/debug cache-miss
606 http fetch GET 200 https://registry.npmjs.org/archiver-utils 365ms (cache revalidated)
607 silly packumentCache full:https://registry.npmjs.org/archiver-utils set size:31398 disposed:false
608 silly fetch manifest unpipe@~1.0.0
609 silly packumentCache full:https://registry.npmjs.org/unpipe cache-miss
610 http fetch GET 200 https://registry.npmjs.org/depd 353ms (cache revalidated)
611 silly packumentCache full:https://registry.npmjs.org/depd set size:40182 disposed:false
612 silly fetch manifest destroy@~1.2.0
613 silly packumentCache full:https://registry.npmjs.org/destroy cache-miss
614 http fetch GET 200 https://registry.npmjs.org/async 389ms (cache revalidated)
615 silly packumentCache full:https://registry.npmjs.org/async set size:230482 disposed:false
616 silly fetch manifest type-is@~1.6.18
617 silly packumentCache full:https://registry.npmjs.org/type-is cache-miss
618 http fetch GET 200 https://registry.npmjs.org/bytes 350ms (cache revalidated)
619 silly packumentCache full:https://registry.npmjs.org/bytes set size:37018 disposed:false
620 silly fetch manifest raw-body@~2.5.3
621 silly packumentCache full:https://registry.npmjs.org/raw-body cache-hit
622 silly fetch manifest iconv-lite@~0.4.24
623 silly packumentCache full:https://registry.npmjs.org/iconv-lite cache-miss
624 http fetch GET 200 https://registry.npmjs.org/tar-stream 396ms (cache revalidated)
625 silly packumentCache full:https://registry.npmjs.org/tar-stream set size:137875 disposed:false
626 silly fetch manifest http-errors@~2.0.1
627 silly packumentCache full:https://registry.npmjs.org/http-errors cache-miss
628 http fetch GET 200 https://registry.npmjs.org/readable-stream 381ms (cache revalidated)
629 silly packumentCache full:https://registry.npmjs.org/readable-stream set size:261096 disposed:false
630 silly fetch manifest on-finished@~2.4.1
631 silly packumentCache full:https://registry.npmjs.org/on-finished cache-miss
632 http fetch GET 200 https://registry.npmjs.org/readdir-glob 394ms (cache revalidated)
633 silly packumentCache full:https://registry.npmjs.org/readdir-glob set size:30196 disposed:false
634 silly fetch manifest content-type@~1.0.5
635 silly packumentCache full:https://registry.npmjs.org/content-type cache-hit
636 silly fetch manifest braces@~3.0.2
637 silly packumentCache full:https://registry.npmjs.org/braces cache-miss
638 http fetch GET 200 https://registry.npmjs.org/zip-stream 403ms (cache revalidated)
639 silly packumentCache full:https://registry.npmjs.org/zip-stream set size:109574 disposed:false
640 silly fetch manifest is-glob@~4.0.1
641 silly packumentCache full:https://registry.npmjs.org/is-glob cache-miss
642 http fetch GET 200 https://registry.npmjs.org/qs 389ms (cache revalidated)
643 silly packumentCache full:https://registry.npmjs.org/qs set size:360318 disposed:false
644 silly fetch manifest anymatch@~3.1.2
645 silly packumentCache full:https://registry.npmjs.org/anymatch cache-miss
646 http fetch GET 200 https://registry.npmjs.org/buffer-crc32 409ms (cache revalidated)
647 silly packumentCache full:https://registry.npmjs.org/buffer-crc32 set size:58100 disposed:false
648 silly fetch manifest readdirp@~3.6.0
649 silly packumentCache full:https://registry.npmjs.org/readdirp cache-miss
650 http fetch GET 200 https://registry.npmjs.org/on-finished 244ms (cache revalidated)
651 silly packumentCache full:https://registry.npmjs.org/on-finished set size:23212 disposed:false
652 silly fetch manifest glob-parent@~5.1.2
653 silly packumentCache full:https://registry.npmjs.org/glob-parent cache-miss
654 http fetch GET 200 https://registry.npmjs.org/anymatch 237ms (cache revalidated)
655 silly packumentCache full:https://registry.npmjs.org/anymatch set size:42974 disposed:false
656 silly fetch manifest is-binary-path@~2.1.0
657 silly packumentCache full:https://registry.npmjs.org/is-binary-path cache-miss
658 http fetch GET 200 https://registry.npmjs.org/is-glob 246ms (cache revalidated)
659 silly packumentCache full:https://registry.npmjs.org/is-glob set size:40530 disposed:false
660 silly fetch manifest normalize-path@~3.0.0
661 silly packumentCache full:https://registry.npmjs.org/normalize-path cache-miss
662 http fetch GET 200 https://registry.npmjs.org/iconv-lite 264ms (cache revalidated)
663 silly packumentCache full:https://registry.npmjs.org/iconv-lite set size:126462 disposed:false
664 silly fetch manifest fsevents@~2.3.2
665 silly packumentCache full:https://registry.npmjs.org/fsevents cache-miss
666 http fetch GET 200 https://registry.npmjs.org/http-errors 264ms (cache revalidated)
667 silly packumentCache full:https://registry.npmjs.org/http-errors set size:71987 disposed:false
668 silly fetch manifest json-parse-helpfulerror@^1.0.3
669 silly packumentCache full:https://registry.npmjs.org/json-parse-helpfulerror cache-miss
670 http fetch GET 200 https://registry.npmjs.org/unpipe 284ms (cache revalidated)
671 silly packumentCache full:https://registry.npmjs.org/unpipe set size:3609 disposed:false
672 silly fetch manifest string-width@^4.2.0
673 silly packumentCache full:https://registry.npmjs.org/string-width cache-miss
674 http fetch GET 200 https://registry.npmjs.org/type-is 278ms (cache revalidated)
675 silly packumentCache full:https://registry.npmjs.org/type-is set size:88614 disposed:false
676 silly fetch manifest @colors/colors@1.5.0
677 silly packumentCache full:https://registry.npmjs.org/@colors%2fcolors cache-miss
678 http fetch GET 200 https://registry.npmjs.org/braces 264ms (cache revalidated)
679 silly packumentCache full:https://registry.npmjs.org/braces set size:114529 disposed:false
680 silly fetch manifest dot-prop@^5.2.0
681 silly packumentCache full:https://registry.npmjs.org/dot-prop cache-miss
682 http fetch GET 200 https://registry.npmjs.org/readdirp 255ms (cache revalidated)
683 silly packumentCache full:https://registry.npmjs.org/readdirp set size:107589 disposed:false
684 silly fetch manifest make-dir@^3.0.0
685 silly packumentCache full:https://registry.npmjs.org/make-dir cache-miss
686 http fetch GET 200 https://registry.npmjs.org/destroy 293ms (cache revalidated)
687 silly packumentCache full:https://registry.npmjs.org/destroy set size:15738 disposed:false
688 silly fetch manifest graceful-fs@^4.1.2
689 silly packumentCache full:https://registry.npmjs.org/graceful-fs cache-miss
690 http fetch GET 200 https://registry.npmjs.org/debug 302ms (cache revalidated)
691 silly packumentCache full:https://registry.npmjs.org/debug set size:195840 disposed:false
692 silly fetch manifest xdg-basedir@^4.0.0
693 silly packumentCache full:https://registry.npmjs.org/xdg-basedir cache-miss
694 http fetch GET 200 https://registry.npmjs.org/fsevents 177ms (cache revalidated)
695 silly packumentCache full:https://registry.npmjs.org/fsevents set size:182472 disposed:false
696 silly fetch manifest unique-string@^2.0.0
697 silly packumentCache full:https://registry.npmjs.org/unique-string cache-miss
698 http fetch GET 200 https://registry.npmjs.org/glob-parent 195ms (cache revalidated)
699 silly packumentCache full:https://registry.npmjs.org/glob-parent set size:42445 disposed:false
700 silly fetch manifest write-file-atomic@^3.0.0
701 silly packumentCache full:https://registry.npmjs.org/write-file-atomic cache-miss
702 http fetch GET 200 https://registry.npmjs.org/normalize-path 193ms (cache revalidated)
703 silly packumentCache full:https://registry.npmjs.org/normalize-path set size:28713 disposed:false
704 silly fetch manifest object-assign@^4
705 silly packumentCache full:https://registry.npmjs.org/object-assign cache-miss
706 http fetch GET 200 https://registry.npmjs.org/string-width 186ms (cache revalidated)
707 silly packumentCache full:https://registry.npmjs.org/string-width set size:72458 disposed:false
708 silly fetch manifest vary@^1
709 silly packumentCache full:https://registry.npmjs.org/vary cache-miss
710 http fetch GET 200 https://registry.npmjs.org/is-binary-path 202ms (cache revalidated)
711 silly packumentCache full:https://registry.npmjs.org/is-binary-path set size:13475 disposed:false
712 silly fetch manifest cross-spawn@^7.0.1
713 silly packumentCache full:https://registry.npmjs.org/cross-spawn cache-hit
714 silly fetch manifest which@^2.0.1
715 silly packumentCache full:https://registry.npmjs.org/which cache-miss
716 http fetch GET 200 https://registry.npmjs.org/json-parse-helpfulerror 196ms (cache revalidated)
717 silly packumentCache full:https://registry.npmjs.org/json-parse-helpfulerror set size:6012 disposed:false
718 silly fetch manifest path-key@^3.1.0
719 silly packumentCache full:https://registry.npmjs.org/path-key cache-miss
720 http fetch GET 200 https://registry.npmjs.org/dot-prop 190ms (cache revalidated)
721 silly packumentCache full:https://registry.npmjs.org/dot-prop set size:77505 disposed:false
722 silly fetch manifest shebang-command@^2.0.0
723 silly packumentCache full:https://registry.npmjs.org/shebang-command cache-miss
724 http fetch GET 200 https://registry.npmjs.org/xdg-basedir 187ms (cache revalidated)
725 silly packumentCache full:https://registry.npmjs.org/xdg-basedir set size:19771 disposed:false
726 silly fetch manifest @apidevtools/json-schema-ref-parser@^9.0.3
727 silly packumentCache full:https://registry.npmjs.org/@apidevtools%2fjson-schema-ref-parser cache-miss
728 http fetch GET 200 https://registry.npmjs.org/make-dir 197ms (cache revalidated)
729 silly packumentCache full:https://registry.npmjs.org/make-dir set size:34889 disposed:false
730 silly fetch manifest ajv-formats@^2.1.0
731 silly packumentCache full:https://registry.npmjs.org/ajv-formats cache-hit
732 silly fetch manifest content-type@^1.0.4
733 silly packumentCache full:https://registry.npmjs.org/content-type cache-hit
734 silly fetch manifest deep-freeze@0.0.1
735 silly packumentCache full:https://registry.npmjs.org/deep-freeze cache-miss
736 http fetch GET 200 https://registry.npmjs.org/graceful-fs 200ms (cache revalidated)
737 silly packumentCache full:https://registry.npmjs.org/graceful-fs set size:124285 disposed:false
738 silly fetch manifest events-listener@^1.1.0
739 silly packumentCache full:https://registry.npmjs.org/events-listener cache-miss
740 http fetch GET 200 https://registry.npmjs.org/@colors%2fcolors 211ms (cache revalidated)
741 silly packumentCache full:https://registry.npmjs.org/@colors%2fcolors set size:12042 disposed:false
742 silly fetch manifest glob@^10.3.10
743 silly packumentCache full:https://registry.npmjs.org/glob cache-hit
744 silly fetch manifest json-ptr@^3.0.1
745 silly packumentCache full:https://registry.npmjs.org/json-ptr cache-miss
746 http fetch GET 200 https://registry.npmjs.org/vary 267ms (cache revalidated)
747 silly packumentCache full:https://registry.npmjs.org/vary set size:15994 disposed:false
748 silly fetch manifest lodash@^4.17.11
749 silly packumentCache full:https://registry.npmjs.org/lodash cache-hit
750 silly fetch manifest openapi3-ts@^3.1.1
751 silly packumentCache full:https://registry.npmjs.org/openapi3-ts cache-miss
752 http fetch GET 200 https://registry.npmjs.org/unique-string 297ms (cache revalidated)
753 silly packumentCache full:https://registry.npmjs.org/unique-string set size:8164 disposed:false
754 silly fetch manifest promise-breaker@^6.0.0
755 silly packumentCache full:https://registry.npmjs.org/promise-breaker cache-miss
756 http fetch GET 200 https://registry.npmjs.org/which 286ms (cache revalidated)
757 silly packumentCache full:https://registry.npmjs.org/which set size:70087 disposed:false
758 silly fetch manifest qs@^6.6.0
759 silly packumentCache full:https://registry.npmjs.org/qs cache-hit
760 silly fetch manifest raw-body@^2.3.3
761 silly packumentCache full:https://registry.npmjs.org/raw-body cache-hit
762 silly fetch manifest semver@^7.0.0
763 silly packumentCache full:https://registry.npmjs.org/semver cache-hit
764 silly fetch manifest etag@~1.8.1
765 silly packumentCache full:https://registry.npmjs.org/etag cache-miss
766 http fetch GET 200 https://registry.npmjs.org/object-assign 304ms (cache revalidated)
767 silly packumentCache full:https://registry.npmjs.org/object-assign set size:28988 disposed:false
768 silly fetch manifest send@~0.19.0
769 silly packumentCache full:https://registry.npmjs.org/send cache-miss
770 http fetch GET 200 https://registry.npmjs.org/write-file-atomic 318ms (cache revalidated)
771 silly packumentCache full:https://registry.npmjs.org/write-file-atomic set size:82722 disposed:false
772 silly fetch manifest vary@~1.1.2
773 silly packumentCache full:https://registry.npmjs.org/vary cache-hit
774 silly fetch manifest fresh@~0.5.2
775 silly packumentCache full:https://registry.npmjs.org/fresh cache-miss
776 http fetch GET 200 https://registry.npmjs.org/path-key 312ms (cache revalidated)
777 silly packumentCache full:https://registry.npmjs.org/path-key set size:16975 disposed:false
778 silly fetch manifest cookie@~0.7.1
779 silly packumentCache full:https://registry.npmjs.org/cookie cache-miss
780 http fetch GET 200 https://registry.npmjs.org/events-listener 297ms (cache revalidated)
781 silly packumentCache full:https://registry.npmjs.org/events-listener set size:11001 disposed:false
782 silly fetch manifest accepts@~1.3.8
783 silly packumentCache full:https://registry.npmjs.org/accepts cache-miss
784 http fetch GET 200 https://registry.npmjs.org/shebang-command 313ms (cache revalidated)
785 silly packumentCache full:https://registry.npmjs.org/shebang-command set size:8525 disposed:false
786 silly fetch manifest methods@~1.1.2
787 silly packumentCache full:https://registry.npmjs.org/methods cache-miss
788 http fetch GET 200 https://registry.npmjs.org/json-ptr 303ms (cache revalidated)
789 silly packumentCache full:https://registry.npmjs.org/json-ptr set size:1448490 disposed:false
790 silly fetch manifest parseurl@~1.3.3
791 silly packumentCache full:https://registry.npmjs.org/parseurl cache-miss
792 http fetch GET 200 https://registry.npmjs.org/deep-freeze 323ms (cache revalidated)
793 silly packumentCache full:https://registry.npmjs.org/deep-freeze set size:3226 disposed:false
794 silly fetch manifest statuses@~2.0.1
795 silly packumentCache full:https://registry.npmjs.org/statuses cache-miss
796 http fetch GET 200 https://registry.npmjs.org/@apidevtools%2fjson-schema-ref-parser 379ms (cache revalidated)
797 silly packumentCache full:https://registry.npmjs.org/@apidevtools%2fjson-schema-ref-parser set size:311724 disposed:false
798 silly fetch manifest encodeurl@~2.0.0
799 silly packumentCache full:https://registry.npmjs.org/encodeurl cache-miss
800 http fetch GET 200 https://registry.npmjs.org/accepts 150ms (cache revalidated)
801 silly packumentCache full:https://registry.npmjs.org/accepts set size:77054 disposed:false
802 silly fetch manifest proxy-addr@~2.0.7
803 silly packumentCache full:https://registry.npmjs.org/proxy-addr cache-miss
804 http fetch GET 200 https://registry.npmjs.org/fresh 161ms (cache revalidated)
805 silly packumentCache full:https://registry.npmjs.org/fresh set size:25427 disposed:false
806 silly fetch manifest escape-html@~1.0.3
807 silly packumentCache full:https://registry.npmjs.org/escape-html cache-miss
808 http fetch GET 200 https://registry.npmjs.org/etag 183ms (cache revalidated)
809 silly packumentCache full:https://registry.npmjs.org/etag set size:30032 disposed:false
810 silly fetch manifest http-errors@~2.0.0
811 silly packumentCache full:https://registry.npmjs.org/http-errors cache-hit
812 silly fetch manifest safe-buffer@5.2.1
813 silly packumentCache full:https://registry.npmjs.org/safe-buffer cache-miss
814 http fetch GET 200 https://registry.npmjs.org/openapi3-ts 203ms (cache revalidated)
815 silly packumentCache full:https://registry.npmjs.org/openapi3-ts set size:159478 disposed:false
816 silly fetch manifest utils-merge@1.0.1
817 silly packumentCache full:https://registry.npmjs.org/utils-merge cache-miss
818 http fetch GET 200 https://registry.npmjs.org/send 186ms (cache revalidated)
819 silly packumentCache full:https://registry.npmjs.org/send set size:152810 disposed:false
820 silly fetch manifest content-type@~1.0.4
821 silly packumentCache full:https://registry.npmjs.org/content-type cache-hit
822 silly fetch manifest finalhandler@~1.3.1
823 silly packumentCache full:https://registry.npmjs.org/finalhandler cache-miss
824 http fetch GET 200 https://registry.npmjs.org/cookie 175ms (cache revalidated)
825 silly packumentCache full:https://registry.npmjs.org/cookie set size:78274 disposed:false
826 silly fetch manifest range-parser@~1.2.1
827 silly packumentCache full:https://registry.npmjs.org/range-parser cache-miss
828 http fetch GET 200 https://registry.npmjs.org/promise-breaker 212ms (cache revalidated)
829 silly packumentCache full:https://registry.npmjs.org/promise-breaker set size:71308 disposed:false
830 silly fetch manifest serve-static@~1.16.2
831 silly packumentCache full:https://registry.npmjs.org/serve-static cache-miss
832 http fetch GET 200 https://registry.npmjs.org/parseurl 177ms (cache revalidated)
833 silly packumentCache full:https://registry.npmjs.org/parseurl set size:24148 disposed:false
834 silly fetch manifest array-flatten@1.1.1
835 silly packumentCache full:https://registry.npmjs.org/array-flatten cache-miss
836 http fetch GET 200 https://registry.npmjs.org/methods 194ms (cache revalidated)
837 silly packumentCache full:https://registry.npmjs.org/methods set size:12600 disposed:false
838 silly fetch manifest path-to-regexp@~0.1.12
839 silly packumentCache full:https://registry.npmjs.org/path-to-regexp cache-miss
840 http fetch GET 200 https://registry.npmjs.org/statuses 191ms (cache revalidated)
841 silly packumentCache full:https://registry.npmjs.org/statuses set size:37117 disposed:false
842 silly fetch manifest setprototypeof@1.2.0
843 silly packumentCache full:https://registry.npmjs.org/setprototypeof cache-miss
844 http fetch GET 200 https://registry.npmjs.org/encodeurl 141ms (cache revalidated)
845 silly packumentCache full:https://registry.npmjs.org/encodeurl set size:12296 disposed:false
846 silly fetch manifest cookie-signature@~1.0.6
847 silly packumentCache full:https://registry.npmjs.org/cookie-signature cache-miss
848 http fetch GET 200 https://registry.npmjs.org/escape-html 222ms (cache revalidated)
849 silly packumentCache full:https://registry.npmjs.org/escape-html set size:7345 disposed:false
850 silly fetch manifest merge-descriptors@1.0.3
851 silly packumentCache full:https://registry.npmjs.org/merge-descriptors cache-miss
852 http fetch GET 200 https://registry.npmjs.org/finalhandler 215ms (cache revalidated)
853 silly packumentCache full:https://registry.npmjs.org/finalhandler set size:79291 disposed:false
854 silly fetch manifest content-disposition@~0.5.4
855 silly packumentCache full:https://registry.npmjs.org/content-disposition cache-miss
856 http fetch GET 200 https://registry.npmjs.org/serve-static 213ms (cache revalidated)
857 silly packumentCache full:https://registry.npmjs.org/serve-static set size:150391 disposed:false
858 silly fetch manifest hasown@^2.0.4
859 silly packumentCache full:https://registry.npmjs.org/hasown cache-miss
860 http fetch GET 200 https://registry.npmjs.org/safe-buffer 236ms (cache revalidated)
861 silly packumentCache full:https://registry.npmjs.org/safe-buffer set size:41183 disposed:false
862 silly fetch manifest asynckit@^0.4.0
863 silly packumentCache full:https://registry.npmjs.org/asynckit cache-miss
864 http fetch GET 200 https://registry.npmjs.org/range-parser 228ms (cache revalidated)
865 silly packumentCache full:https://registry.npmjs.org/range-parser set size:24852 disposed:false
866 silly fetch manifest mime-types@^2.1.35
867 silly packumentCache full:https://registry.npmjs.org/mime-types cache-miss
868 http fetch GET 200 https://registry.npmjs.org/proxy-addr 253ms (cache revalidated)
869 silly packumentCache full:https://registry.npmjs.org/proxy-addr set size:61619 disposed:false
870 silly fetch manifest combined-stream@^1.0.8
871 silly packumentCache full:https://registry.npmjs.org/combined-stream cache-miss
872 http fetch GET 200 https://registry.npmjs.org/path-to-regexp 211ms (cache revalidated)
873 silly packumentCache full:https://registry.npmjs.org/path-to-regexp set size:216334 disposed:false
874 silly fetch manifest es-set-tostringtag@^2.1.0
875 silly packumentCache full:https://registry.npmjs.org/es-set-tostringtag cache-miss
876 http fetch GET 200 https://registry.npmjs.org/array-flatten 219ms (cache revalidated)
877 silly packumentCache full:https://registry.npmjs.org/array-flatten set size:24005 disposed:false
878 silly fetch manifest jsonfile@^6.0.1
879 silly packumentCache full:https://registry.npmjs.org/jsonfile cache-miss
880 http fetch GET 200 https://registry.npmjs.org/cookie-signature 199ms (cache revalidated)
881 silly packumentCache full:https://registry.npmjs.org/cookie-signature set size:21777 disposed:false
882 silly fetch manifest graceful-fs@^4.2.0
883 silly packumentCache full:https://registry.npmjs.org/graceful-fs cache-hit
884 silly fetch manifest universalify@^2.0.0
885 silly packumentCache full:https://registry.npmjs.org/universalify cache-miss
886 http fetch GET 200 https://registry.npmjs.org/setprototypeof 208ms (cache revalidated)
887 silly packumentCache full:https://registry.npmjs.org/setprototypeof set size:14532 disposed:false
888 silly fetch manifest uuid@^9.0.1
889 silly packumentCache full:https://registry.npmjs.org/uuid cache-miss
890 http fetch GET 200 https://registry.npmjs.org/utils-merge 280ms (cache revalidated)
891 silly packumentCache full:https://registry.npmjs.org/utils-merge set size:5237 disposed:false
892 silly fetch manifest is-stream@^2.0.0
893 silly packumentCache full:https://registry.npmjs.org/is-stream cache-miss
894 http fetch GET 200 https://registry.npmjs.org/content-disposition 144ms (cache revalidated)
895 silly packumentCache full:https://registry.npmjs.org/content-disposition set size:42862 disposed:false
896 silly fetch manifest node-fetch@^2.6.9
897 silly packumentCache full:https://registry.npmjs.org/node-fetch cache-hit
898 silly fetch manifest https-proxy-agent@^7.0.1
899 silly packumentCache full:https://registry.npmjs.org/https-proxy-agent cache-miss
900 http fetch GET 200 https://registry.npmjs.org/merge-descriptors 164ms (cache revalidated)
901 silly packumentCache full:https://registry.npmjs.org/merge-descriptors set size:16527 disposed:false
902 silly fetch manifest minipass@^7.1.2
903 silly packumentCache full:https://registry.npmjs.org/minipass cache-miss
904 http fetch GET 200 https://registry.npmjs.org/hasown 167ms (cache revalidated)
905 silly packumentCache full:https://registry.npmjs.org/hasown set size:18361 disposed:false
906 silly fetch manifest jackspeak@^3.1.2
907 silly packumentCache full:https://registry.npmjs.org/jackspeak cache-miss
908 http fetch GET 200 https://registry.npmjs.org/asynckit 173ms (cache revalidated)
909 silly packumentCache full:https://registry.npmjs.org/asynckit set size:18932 disposed:false
910 silly fetch manifest minimatch@^9.0.4
911 silly packumentCache full:https://registry.npmjs.org/minimatch cache-hit
912 silly fetch manifest path-scurry@^1.11.1
913 silly packumentCache full:https://registry.npmjs.org/path-scurry cache-miss
914 http fetch GET 200 https://registry.npmjs.org/es-set-tostringtag 164ms (cache revalidated)
915 silly packumentCache full:https://registry.npmjs.org/es-set-tostringtag set size:22094 disposed:false
916 silly fetch manifest foreground-child@^3.1.0
917 silly packumentCache full:https://registry.npmjs.org/foreground-child cache-miss
918 http fetch GET 200 https://registry.npmjs.org/combined-stream 173ms (cache revalidated)
919 silly packumentCache full:https://registry.npmjs.org/combined-stream set size:40337 disposed:false
920 silly fetch manifest package-json-from-dist@^1.0.0
921 silly packumentCache full:https://registry.npmjs.org/package-json-from-dist cache-miss
922 http fetch GET 200 https://registry.npmjs.org/mime-types 181ms (cache revalidated)
923 silly packumentCache full:https://registry.npmjs.org/mime-types set size:139110 disposed:false
924 silly fetch manifest jws@^4.0.0
925 silly packumentCache full:https://registry.npmjs.org/jws cache-miss
926 http fetch GET 200 https://registry.npmjs.org/jsonfile 173ms (cache revalidated)
927 silly packumentCache full:https://registry.npmjs.org/jsonfile set size:53210 disposed:false
928 silly fetch manifest gtoken@^7.0.0
929 silly packumentCache full:https://registry.npmjs.org/gtoken cache-miss
930 http fetch GET 200 https://registry.npmjs.org/universalify 172ms (cache revalidated)
931 silly packumentCache full:https://registry.npmjs.org/universalify set size:19431 disposed:false
932 silly fetch manifest base64-js@^1.3.0
933 silly packumentCache full:https://registry.npmjs.org/base64-js cache-miss
934 http fetch GET 200 https://registry.npmjs.org/uuid 171ms (cache revalidated)
935 silly packumentCache full:https://registry.npmjs.org/uuid set size:256419 disposed:false
936 silly fetch manifest gcp-metadata@^6.1.0
937 silly packumentCache full:https://registry.npmjs.org/gcp-metadata cache-miss
938 http fetch GET 200 https://registry.npmjs.org/is-stream 226ms (cache revalidated)
939 silly packumentCache full:https://registry.npmjs.org/is-stream set size:18582 disposed:false
940 silly fetch manifest ecdsa-sig-formatter@^1.0.11
941 silly packumentCache full:https://registry.npmjs.org/ecdsa-sig-formatter cache-miss
942 http fetch GET 200 https://registry.npmjs.org/https-proxy-agent 190ms (cache revalidated)
943 silly packumentCache full:https://registry.npmjs.org/https-proxy-agent set size:83792 disposed:false
944 silly fetch manifest argparse@^2.0.1
945 silly packumentCache full:https://registry.npmjs.org/argparse cache-miss
946 http fetch GET 200 https://registry.npmjs.org/minipass 209ms (cache revalidated)
947 silly packumentCache full:https://registry.npmjs.org/minipass set size:276925 disposed:false
948 silly fetch manifest ms@^2.1.1
949 silly packumentCache full:https://registry.npmjs.org/ms cache-miss
950 http fetch GET 200 https://registry.npmjs.org/package-json-from-dist 207ms (cache revalidated)
951 silly packumentCache full:https://registry.npmjs.org/package-json-from-dist set size:8854 disposed:false
952 silly fetch manifest jws@^4.0.1
953 silly packumentCache full:https://registry.npmjs.org/jws cache-miss
954 http fetch GET 200 https://registry.npmjs.org/gtoken 210ms (cache revalidated)
955 silly packumentCache full:https://registry.npmjs.org/gtoken set size:155604 disposed:false
956 silly fetch manifest semver@^7.5.4
957 silly packumentCache full:https://registry.npmjs.org/semver cache-hit
958 silly fetch manifest lodash.once@^4.0.0
959 silly packumentCache full:https://registry.npmjs.org/lodash.once cache-miss
960 http fetch GET 200 https://registry.npmjs.org/jackspeak 244ms (cache revalidated)
961 silly packumentCache full:https://registry.npmjs.org/jackspeak set size:204267 disposed:false
962 silly fetch manifest lodash.includes@^4.3.0
963 silly packumentCache full:https://registry.npmjs.org/lodash.includes cache-miss
964 http fetch GET 200 https://registry.npmjs.org/path-scurry 240ms (cache revalidated)
965 silly packumentCache full:https://registry.npmjs.org/path-scurry set size:117612 disposed:false
966 silly fetch manifest lodash.isnumber@^3.0.3
967 silly packumentCache full:https://registry.npmjs.org/lodash.isnumber cache-miss
968 http fetch GET 200 https://registry.npmjs.org/jws 235ms (cache revalidated)
969 silly packumentCache full:https://registry.npmjs.org/jws set size:48740 disposed:false
970 silly fetch manifest lodash.isstring@^4.0.1
971 silly packumentCache full:https://registry.npmjs.org/lodash.isstring cache-miss
972 http fetch GET 200 https://registry.npmjs.org/foreground-child 253ms (cache revalidated)
973 silly packumentCache full:https://registry.npmjs.org/foreground-child set size:71503 disposed:false
974 silly fetch manifest lodash.isboolean@^3.0.3
975 silly packumentCache full:https://registry.npmjs.org/lodash.isboolean cache-miss
976 http fetch GET 200 https://registry.npmjs.org/gcp-metadata 199ms (cache revalidated)
977 silly packumentCache full:https://registry.npmjs.org/gcp-metadata set size:200440 disposed:false
978 silly fetch manifest lodash.isinteger@^4.0.4
979 silly packumentCache full:https://registry.npmjs.org/lodash.isinteger cache-miss
980 http fetch GET 200 https://registry.npmjs.org/base64-js 276ms (cache revalidated)
981 silly packumentCache full:https://registry.npmjs.org/base64-js set size:41270 disposed:false
982 silly fetch manifest lodash.isplainobject@^4.0.6
983 silly packumentCache full:https://registry.npmjs.org/lodash.isplainobject cache-miss
984 http fetch GET 200 https://registry.npmjs.org/ecdsa-sig-formatter 214ms (cache revalidated)
985 silly packumentCache full:https://registry.npmjs.org/ecdsa-sig-formatter set size:23546 disposed:false
986 silly fetch manifest libsodium@^0.7.16
987 silly packumentCache full:https://registry.npmjs.org/libsodium cache-miss
988 http fetch GET 200 https://registry.npmjs.org/argparse 182ms (cache revalidated)
989 silly packumentCache full:https://registry.npmjs.org/argparse set size:51348 disposed:false
990 silly fetch manifest ansi-escapes@^7.0.0
991 silly packumentCache full:https://registry.npmjs.org/ansi-escapes cache-miss
992 http cache https://registry.npmjs.org/jws 239ms (cache hit)
993 silly packumentCache full:https://registry.npmjs.org/jws set size:48740 disposed:false
994 silly packumentCache full:https://registry.npmjs.org/jws dispose
995 silly fetch manifest ansi-regex@^6.1.0
996 silly packumentCache full:https://registry.npmjs.org/ansi-regex cache-miss
997 http fetch GET 200 https://registry.npmjs.org/ms 300ms (cache revalidated)
998 silly packumentCache full:https://registry.npmjs.org/ms set size:92208 disposed:false
999 silly fetch manifest chalk@^5.4.1
1000 silly packumentCache full:https://registry.npmjs.org/chalk cache-miss
1001 http fetch GET 200 https://registry.npmjs.org/lodash.includes 340ms (cache revalidated)
1002 silly packumentCache full:https://registry.npmjs.org/lodash.includes set size:27594 disposed:false
1003 silly fetch manifest cli-highlight@^2.1.11
1004 silly packumentCache full:https://registry.npmjs.org/cli-highlight cache-miss
1005 http fetch GET 200 https://registry.npmjs.org/lodash.isnumber 348ms (cache revalidated)
1006 silly packumentCache full:https://registry.npmjs.org/lodash.isnumber set size:21368 disposed:false
1007 silly fetch manifest node-emoji@^2.2.0
1008 silly packumentCache full:https://registry.npmjs.org/node-emoji cache-miss
1009 http fetch GET 200 https://registry.npmjs.org/lodash.once 372ms (cache revalidated)
1010 silly packumentCache full:https://registry.npmjs.org/lodash.once set size:23407 disposed:false
1011 silly fetch manifest supports-hyperlinks@^3.1.0
1012 silly packumentCache full:https://registry.npmjs.org/supports-hyperlinks cache-miss
1013 http fetch GET 200 https://registry.npmjs.org/lodash.isboolean 353ms (cache revalidated)
1014 silly packumentCache full:https://registry.npmjs.org/lodash.isboolean set size:21437 disposed:false
1015 silly fetch manifest brace-expansion@^1.1.7
1016 silly packumentCache full:https://registry.npmjs.org/brace-expansion cache-miss
1017 http fetch GET 200 https://registry.npmjs.org/lodash.isstring 372ms (cache revalidated)
1018 silly packumentCache full:https://registry.npmjs.org/lodash.isstring set size:21368 disposed:false
1019 silly fetch manifest basic-auth@~2.0.1
1020 silly packumentCache full:https://registry.npmjs.org/basic-auth cache-miss
1021 http fetch GET 200 https://registry.npmjs.org/lodash.isinteger 395ms (cache revalidated)
1022 silly packumentCache full:https://registry.npmjs.org/lodash.isinteger set size:10827 disposed:false
1023 silly fetch manifest depd@~2.0.0
1024 silly packumentCache full:https://registry.npmjs.org/depd cache-hit
1025 silly fetch manifest on-headers@~1.1.0
1026 silly packumentCache full:https://registry.npmjs.org/on-headers cache-miss
1027 http fetch GET 200 https://registry.npmjs.org/ansi-escapes 337ms (cache revalidated)
1028 silly packumentCache full:https://registry.npmjs.org/ansi-escapes set size:70915 disposed:false
1029 silly fetch manifest whatwg-url@^5.0.0
1030 silly packumentCache full:https://registry.npmjs.org/whatwg-url cache-miss
1031 http fetch GET 200 https://registry.npmjs.org/libsodium 366ms (cache revalidated)
1032 silly packumentCache full:https://registry.npmjs.org/libsodium set size:89062 disposed:false
1033 silly fetch manifest is-wsl@^1.1.0
1034 silly packumentCache full:https://registry.npmjs.org/is-wsl cache-miss
1035 http fetch GET 200 https://registry.npmjs.org/lodash.isplainobject 414ms (cache revalidated)
1036 silly packumentCache full:https://registry.npmjs.org/lodash.isplainobject set size:38531 disposed:false
1037 silly fetch manifest bl@^4.1.0
1038 silly packumentCache full:https://registry.npmjs.org/bl cache-miss
1039 http fetch GET 200 https://registry.npmjs.org/ansi-regex 316ms (cache revalidated)
1040 silly packumentCache full:https://registry.npmjs.org/ansi-regex set size:43572 disposed:false
1041 silly fetch manifest chalk@^4.1.0
1042 silly packumentCache full:https://registry.npmjs.org/chalk cache-miss
1043 http fetch GET 200 https://registry.npmjs.org/chalk 315ms (cache revalidated)
1044 silly packumentCache full:https://registry.npmjs.org/chalk set size:134775 disposed:false
1045 silly fetch manifest wcwidth@^1.0.1
1046 silly packumentCache full:https://registry.npmjs.org/wcwidth cache-miss
1047 http cache https://registry.npmjs.org/chalk 50ms (cache hit)
1048 silly packumentCache full:https://registry.npmjs.org/chalk set size:134775 disposed:false
1049 silly packumentCache full:https://registry.npmjs.org/chalk dispose
1050 silly fetch manifest cli-cursor@^3.1.0
1051 silly packumentCache full:https://registry.npmjs.org/cli-cursor cache-miss
1052 http fetch GET 200 https://registry.npmjs.org/supports-hyperlinks 252ms (cache revalidated)
1053 silly packumentCache full:https://registry.npmjs.org/supports-hyperlinks set size:38477 disposed:false
1054 silly fetch manifest strip-ansi@^6.0.0
1055 silly packumentCache full:https://registry.npmjs.org/strip-ansi cache-miss
1056 http fetch GET 200 https://registry.npmjs.org/node-emoji 266ms (cache revalidated)
1057 silly packumentCache full:https://registry.npmjs.org/node-emoji set size:88366 disposed:false
1058 silly fetch manifest log-symbols@^4.1.0
1059 silly packumentCache full:https://registry.npmjs.org/log-symbols cache-miss
1060 http fetch GET 200 https://registry.npmjs.org/cli-highlight 285ms (cache revalidated)
1061 silly packumentCache full:https://registry.npmjs.org/cli-highlight set size:82544 disposed:false
1062 silly fetch manifest cli-spinners@^2.5.0
1063 silly packumentCache full:https://registry.npmjs.org/cli-spinners cache-miss
1064 http fetch GET 200 https://registry.npmjs.org/brace-expansion 257ms (cache revalidated)
1065 silly packumentCache full:https://registry.npmjs.org/brace-expansion set size:101024 disposed:false
1066 silly fetch manifest is-interactive@^1.0.0
1067 silly packumentCache full:https://registry.npmjs.org/is-interactive cache-miss
1068 http fetch GET 200 https://registry.npmjs.org/basic-auth 253ms (cache revalidated)
1069 silly packumentCache full:https://registry.npmjs.org/basic-auth set size:21757 disposed:false
1070 silly fetch manifest is-unicode-supported@^0.1.0
1071 silly packumentCache full:https://registry.npmjs.org/is-unicode-supported cache-miss
1072 http fetch GET 200 https://registry.npmjs.org/whatwg-url 212ms (cache revalidated)
1073 silly packumentCache full:https://registry.npmjs.org/whatwg-url set size:177251 disposed:false
1074 silly fetch manifest pgpass@1.0.5
1075 silly packumentCache full:https://registry.npmjs.org/pgpass cache-miss
1076 http fetch GET 200 https://registry.npmjs.org/is-wsl 207ms (cache revalidated)
1077 silly packumentCache full:https://registry.npmjs.org/is-wsl set size:20683 disposed:false
1078 silly fetch manifest pg-pool@^3.14.0
1079 silly packumentCache full:https://registry.npmjs.org/pg-pool cache-miss
1080 http fetch GET 200 https://registry.npmjs.org/on-headers 240ms (cache revalidated)
1081 silly packumentCache full:https://registry.npmjs.org/on-headers set size:13226 disposed:false
1082 silly fetch manifest pg-types@2.2.0
1083 silly packumentCache full:https://registry.npmjs.org/pg-types cache-miss
1084 http fetch GET 200 https://registry.npmjs.org/wcwidth 110ms (cache revalidated)
1085 silly packumentCache full:https://registry.npmjs.org/wcwidth set size:5904 disposed:false
1086 silly fetch manifest pg-protocol@^1.15.0
1087 silly packumentCache full:https://registry.npmjs.org/pg-protocol cache-miss
1088 http fetch GET 200 https://registry.npmjs.org/bl 211ms (cache revalidated)
1089 silly packumentCache full:https://registry.npmjs.org/bl set size:237796 disposed:false
1090 silly fetch manifest pg-connection-string@^2.14.0
1091 silly packumentCache full:https://registry.npmjs.org/pg-connection-string cache-miss
1092 http fetch GET 200 https://registry.npmjs.org/cli-cursor 140ms (cache revalidated)
1093 silly packumentCache full:https://registry.npmjs.org/cli-cursor set size:18913 disposed:false
1094 silly fetch manifest pg-cloudflare@^1.4.0
1095 silly packumentCache full:https://registry.npmjs.org/pg-cloudflare cache-miss
1096 http fetch GET 200 https://registry.npmjs.org/is-unicode-supported 134ms (cache revalidated)
1097 silly packumentCache full:https://registry.npmjs.org/is-unicode-supported set size:19461 disposed:false
1098 silly fetch manifest async@^3.2.6
1099 silly packumentCache full:https://registry.npmjs.org/async cache-hit
1100 silly fetch manifest debug@^4.3.6
1101 silly packumentCache full:https://registry.npmjs.org/debug cache-hit
1102 silly fetch manifest debug@^4.3.4
1103 silly packumentCache full:https://registry.npmjs.org/debug cache-hit
1104 silly fetch manifest lru-cache@^7.14.1
1105 silly packumentCache full:https://registry.npmjs.org/lru-cache cache-miss
1106 http fetch GET 200 https://registry.npmjs.org/cli-spinners 150ms (cache revalidated)
1107 silly packumentCache full:https://registry.npmjs.org/cli-spinners set size:67473 disposed:false
1108 silly fetch manifest agent-base@^7.1.2
1109 silly packumentCache full:https://registry.npmjs.org/agent-base cache-miss
1110 http fetch GET 200 https://registry.npmjs.org/log-symbols 157ms (cache revalidated)
1111 silly packumentCache full:https://registry.npmjs.org/log-symbols set size:31977 disposed:false
1112 silly fetch manifest proxy-from-env@^1.1.0
1113 silly packumentCache full:https://registry.npmjs.org/proxy-from-env cache-miss
1114 http fetch GET 200 https://registry.npmjs.org/strip-ansi 164ms (cache revalidated)
1115 silly packumentCache full:https://registry.npmjs.org/strip-ansi set size:44998 disposed:false
1116 silly fetch manifest pac-proxy-agent@^7.1.0
1117 silly packumentCache full:https://registry.npmjs.org/pac-proxy-agent cache-miss
1118 http fetch GET 200 https://registry.npmjs.org/is-interactive 158ms (cache revalidated)
1119 silly packumentCache full:https://registry.npmjs.org/is-interactive set size:10692 disposed:false
1120 silly fetch manifest http-proxy-agent@^7.0.1
1121 silly packumentCache full:https://registry.npmjs.org/http-proxy-agent cache-miss
1122 http fetch GET 200 https://registry.npmjs.org/pgpass 149ms (cache revalidated)
1123 silly packumentCache full:https://registry.npmjs.org/pgpass set size:28590 disposed:false
1124 silly fetch manifest https-proxy-agent@^7.0.6
1125 silly packumentCache full:https://registry.npmjs.org/https-proxy-agent cache-hit
1126 silly fetch manifest socks-proxy-agent@^8.0.5
1127 silly packumentCache full:https://registry.npmjs.org/socks-proxy-agent cache-miss
1128 http fetch GET 200 https://registry.npmjs.org/pg-connection-string 145ms (cache revalidated)
1129 silly packumentCache full:https://registry.npmjs.org/pg-connection-string set size:78715 disposed:false
1130 silly fetch manifest nearley@^2.20.1
1131 silly packumentCache full:https://registry.npmjs.org/nearley cache-miss
1132 http fetch GET 200 https://registry.npmjs.org/pg-types 158ms (cache revalidated)
1133 silly packumentCache full:https://registry.npmjs.org/pg-types set size:51397 disposed:false
1134 silly fetch manifest is-url@^1.2.2
1135 silly packumentCache full:https://registry.npmjs.org/is-url cache-miss
1136 http fetch GET 200 https://registry.npmjs.org/pg-pool 165ms (cache revalidated)
1137 silly packumentCache full:https://registry.npmjs.org/pg-pool set size:132010 disposed:false
1138 silly fetch manifest router@^2.0.0
1139 silly packumentCache full:https://registry.npmjs.org/router cache-miss
1140 http fetch GET 200 https://registry.npmjs.org/pg-protocol 164ms (cache revalidated)
1141 silly packumentCache full:https://registry.npmjs.org/pg-protocol set size:55319 disposed:false
1142 silly fetch manifest connect@^3.7.0
1143 silly packumentCache full:https://registry.npmjs.org/connect cache-miss
1144 http fetch GET 200 https://registry.npmjs.org/pg-cloudflare 184ms (cache revalidated)
1145 silly packumentCache full:https://registry.npmjs.org/pg-cloudflare set size:22655 disposed:false
1146 silly fetch manifest destroy@^1.0.4
1147 silly packumentCache full:https://registry.npmjs.org/destroy cache-hit
1148 silly fetch manifest commander@^10.0.0
1149 silly packumentCache full:https://registry.npmjs.org/commander cache-hit
1150 silly fetch manifest join-path@^1.1.1
1151 silly packumentCache full:https://registry.npmjs.org/join-path cache-miss
1152 http fetch GET 200 https://registry.npmjs.org/pac-proxy-agent 160ms (cache revalidated)
1153 silly packumentCache full:https://registry.npmjs.org/pac-proxy-agent set size:69698 disposed:false
1154 silly fetch manifest minimatch@^6.1.6
1155 silly packumentCache full:https://registry.npmjs.org/minimatch cache-hit
1156 silly fetch manifest on-headers@^1.0.0
1157 silly packumentCache full:https://registry.npmjs.org/on-headers cache-hit
1158 silly fetch manifest compression@^1.7.0
1159 silly packumentCache full:https://registry.npmjs.org/compression cache-miss
1160 http fetch GET 200 https://registry.npmjs.org/proxy-from-env 171ms (cache revalidated)
1161 silly packumentCache full:https://registry.npmjs.org/proxy-from-env set size:21422 disposed:false
1162 silly fetch manifest on-finished@^2.2.0
1163 silly packumentCache full:https://registry.npmjs.org/on-finished cache-hit
1164 silly fetch manifest glob-slasher@^1.0.1
1165 silly packumentCache full:https://registry.npmjs.org/glob-slasher cache-miss
1166 http fetch GET 200 https://registry.npmjs.org/lru-cache 185ms (cache revalidated)
1167 silly packumentCache full:https://registry.npmjs.org/lru-cache set size:460407 disposed:false
1168 silly fetch manifest path-to-regexp@^1.9.0
1169 silly packumentCache full:https://registry.npmjs.org/path-to-regexp cache-hit
1170 silly fetch manifest basic-auth-connect@^1.1.0
1171 silly packumentCache full:https://registry.npmjs.org/basic-auth-connect cache-miss
1172 http fetch GET 200 https://registry.npmjs.org/agent-base 189ms (cache revalidated)
1173 silly packumentCache full:https://registry.npmjs.org/agent-base set size:72085 disposed:false
1174 silly fetch manifest re2@^1.17.7
1175 silly packumentCache full:https://registry.npmjs.org/re2 cache-miss
1176 http fetch GET 200 https://registry.npmjs.org/http-proxy-agent 206ms (cache revalidated)
1177 silly packumentCache full:https://registry.npmjs.org/http-proxy-agent set size:57253 disposed:false
1178 silly fetch manifest chownr@^3.0.0
1179 silly packumentCache full:https://registry.npmjs.org/chownr cache-miss
1180 http fetch GET 200 https://registry.npmjs.org/is-url 213ms (cache revalidated)
1181 silly packumentCache full:https://registry.npmjs.org/is-url set size:11343 disposed:false
1182 silly fetch manifest yallist@^5.0.0
1183 silly packumentCache full:https://registry.npmjs.org/yallist cache-miss
1184 http fetch GET 200 https://registry.npmjs.org/socks-proxy-agent 229ms (cache revalidated)
1185 silly packumentCache full:https://registry.npmjs.org/socks-proxy-agent set size:108698 disposed:false
1186 silly fetch manifest minizlib@^3.1.0
1187 silly packumentCache full:https://registry.npmjs.org/minizlib cache-miss
1188 http fetch GET 200 https://registry.npmjs.org/router 222ms (cache revalidated)
1189 silly packumentCache full:https://registry.npmjs.org/router set size:116499 disposed:false
1190 silly fetch manifest @isaacs/fs-minipass@^4.0.0
1191 silly packumentCache full:https://registry.npmjs.org/@isaacs%2ffs-minipass cache-miss
1192 http fetch GET 200 https://registry.npmjs.org/connect 224ms (cache revalidated)
1193 silly packumentCache full:https://registry.npmjs.org/connect set size:438385 disposed:false
1194 silly fetch manifest debug@4.3.1
1195 silly packumentCache full:https://registry.npmjs.org/debug cache-hit
1196 silly fetch manifest is2@2.0.1
1197 silly packumentCache full:https://registry.npmjs.org/is2 cache-miss
1198 http fetch GET 200 https://registry.npmjs.org/glob-slasher 143ms (cache revalidated)
1199 silly packumentCache full:https://registry.npmjs.org/glob-slasher set size:4547 disposed:false
1200 silly fetch manifest debug@^4.3.1
1201 silly packumentCache full:https://registry.npmjs.org/debug cache-hit
1202 silly fetch manifest uuid@^14.0.0
1203 silly packumentCache full:https://registry.npmjs.org/uuid cache-hit
1204 silly fetch manifest boxen@^5.0.0
1205 silly packumentCache full:https://registry.npmjs.org/boxen cache-miss
1206 http fetch GET 200 https://registry.npmjs.org/join-path 178ms (cache revalidated)
1207 silly packumentCache full:https://registry.npmjs.org/join-path set size:6792 disposed:false
1208 silly fetch manifest has-yarn@^2.1.0
1209 silly packumentCache full:https://registry.npmjs.org/has-yarn cache-miss
1210 http fetch GET 200 https://registry.npmjs.org/re2 141ms (cache revalidated)
1211 silly packumentCache full:https://registry.npmjs.org/re2 set size:255379 disposed:false
1212 silly fetch manifest import-lazy@^2.1.0
1213 silly packumentCache full:https://registry.npmjs.org/import-lazy cache-miss
1214 http fetch GET 200 https://registry.npmjs.org/basic-auth-connect 150ms (cache revalidated)
1215 silly packumentCache full:https://registry.npmjs.org/basic-auth-connect set size:5161 disposed:false
1216 silly fetch manifest is-ci@^2.0.0
1217 silly packumentCache full:https://registry.npmjs.org/is-ci cache-miss
1218 http fetch GET 200 https://registry.npmjs.org/chownr 125ms (cache revalidated)
1219 silly packumentCache full:https://registry.npmjs.org/chownr set size:22157 disposed:false
1220 silly fetch manifest is-installed-globally@^0.4.0
1221 silly packumentCache full:https://registry.npmjs.org/is-installed-globally cache-miss
1222 http fetch GET 200 https://registry.npmjs.org/nearley 312ms (cache revalidated)
1223 silly packumentCache full:https://registry.npmjs.org/nearley set size:210822 disposed:false
1224 silly fetch manifest is-npm@^5.0.0
1225 silly packumentCache full:https://registry.npmjs.org/is-npm cache-miss
1226 http fetch GET 200 https://registry.npmjs.org/minizlib 124ms (cache revalidated)
1227 silly packumentCache full:https://registry.npmjs.org/minizlib set size:62862 disposed:false
1228 silly fetch manifest is-yarn-global@^0.3.0
1229 silly packumentCache full:https://registry.npmjs.org/is-yarn-global cache-miss
1230 http fetch GET 200 https://registry.npmjs.org/compression 231ms (cache revalidated)
1231 silly packumentCache full:https://registry.npmjs.org/compression set size:98424 disposed:false
1232 silly fetch manifest isomorphic-fetch@^3.0.0
1233 silly packumentCache full:https://registry.npmjs.org/isomorphic-fetch cache-miss
1234 http fetch GET 200 https://registry.npmjs.org/yallist 137ms (cache revalidated)
1235 silly packumentCache full:https://registry.npmjs.org/yallist set size:34610 disposed:false
1236 silly fetch manifest pupa@^2.1.1
1237 silly packumentCache full:https://registry.npmjs.org/pupa cache-miss
1238 http fetch GET 200 https://registry.npmjs.org/is2 133ms (cache revalidated)
1239 silly packumentCache full:https://registry.npmjs.org/is2 set size:60262 disposed:false
1240 silly fetch manifest registry-auth-token@^5.0.1
1241 silly packumentCache full:https://registry.npmjs.org/registry-auth-token cache-miss
1242 http fetch GET 200 https://registry.npmjs.org/@isaacs%2ffs-minipass 160ms (cache revalidated)
1243 silly packumentCache full:https://registry.npmjs.org/@isaacs%2ffs-minipass set size:7912 disposed:false
1244 silly fetch manifest registry-url@^5.1.0
1245 silly packumentCache full:https://registry.npmjs.org/registry-url cache-miss
1246 http fetch GET 200 https://registry.npmjs.org/is-installed-globally 116ms (cache revalidated)
1247 silly packumentCache full:https://registry.npmjs.org/is-installed-globally set size:19693 disposed:false
1248 silly fetch manifest semver-diff@^3.1.1
1249 silly packumentCache full:https://registry.npmjs.org/semver-diff cache-miss
1250 http fetch GET 200 https://registry.npmjs.org/is-ci 132ms (cache revalidated)
1251 silly packumentCache full:https://registry.npmjs.org/is-ci set size:35380 disposed:false
1252 silly fetch manifest async@^3.2.3
1253 silly packumentCache full:https://registry.npmjs.org/async cache-hit
1254 silly fetch manifest logform@^2.7.0
1255 silly packumentCache full:https://registry.npmjs.org/logform cache-miss
1256 http fetch GET 200 https://registry.npmjs.org/boxen 147ms (cache revalidated)
1257 silly packumentCache full:https://registry.npmjs.org/boxen set size:96237 disposed:false
1258 silly fetch manifest one-time@^1.0.0
1259 silly packumentCache full:https://registry.npmjs.org/one-time cache-miss
1260 http fetch GET 200 https://registry.npmjs.org/import-lazy 152ms (cache revalidated)
1261 silly packumentCache full:https://registry.npmjs.org/import-lazy set size:9891 disposed:false
1262 silly fetch manifest stack-trace@0.0.x
1263 silly packumentCache full:https://registry.npmjs.org/stack-trace cache-miss
1264 http fetch GET 200 https://registry.npmjs.org/is-npm 143ms (cache revalidated)
1265 silly packumentCache full:https://registry.npmjs.org/is-npm set size:19322 disposed:false
1266 silly fetch manifest @colors/colors@^1.6.0
1267 silly packumentCache full:https://registry.npmjs.org/@colors%2fcolors cache-hit
1268 silly fetch manifest readable-stream@^3.4.0
1269 silly packumentCache full:https://registry.npmjs.org/readable-stream cache-hit
1270 silly fetch manifest @dabh/diagnostics@^2.0.8
1271 silly packumentCache full:https://registry.npmjs.org/@dabh%2fdiagnostics cache-miss
1272 http fetch GET 200 https://registry.npmjs.org/pupa 113ms (cache revalidated)
1273 silly packumentCache full:https://registry.npmjs.org/pupa set size:27054 disposed:false
1274 silly fetch manifest winston-transport@^4.9.0
1275 silly packumentCache full:https://registry.npmjs.org/winston-transport cache-hit
1276 silly fetch manifest safe-stable-stringify@^2.3.1
1277 silly packumentCache full:https://registry.npmjs.org/safe-stable-stringify cache-miss
1278 http fetch GET 200 https://registry.npmjs.org/isomorphic-fetch 120ms (cache revalidated)
1279 silly packumentCache full:https://registry.npmjs.org/isomorphic-fetch set size:45618 disposed:false
1280 silly fetch manifest logform@^2.7.0
1281 silly packumentCache full:https://registry.npmjs.org/logform cache-miss
1282 http fetch GET 200 https://registry.npmjs.org/is-yarn-global 128ms (cache revalidated)
1283 silly packumentCache full:https://registry.npmjs.org/is-yarn-global set size:10545 disposed:false
1284 silly fetch manifest readable-stream@^3.6.2
1285 silly packumentCache full:https://registry.npmjs.org/readable-stream cache-hit
1286 http fetch GET 200 https://registry.npmjs.org/registry-auth-token 115ms (cache revalidated)
1287 silly packumentCache full:https://registry.npmjs.org/registry-auth-token set size:64303 disposed:false
1288 http fetch GET 200 https://registry.npmjs.org/has-yarn 221ms (cache revalidated)
1289 silly packumentCache full:https://registry.npmjs.org/has-yarn set size:12720 disposed:false
1290 http fetch GET 200 https://registry.npmjs.org/registry-url 117ms (cache revalidated)
1291 silly packumentCache full:https://registry.npmjs.org/registry-url set size:35136 disposed:false
1292 http fetch GET 200 https://registry.npmjs.org/semver-diff 116ms (cache revalidated)
1293 silly packumentCache full:https://registry.npmjs.org/semver-diff set size:20386 disposed:false
1294 http fetch GET 200 https://registry.npmjs.org/one-time 111ms (cache revalidated)
1295 silly packumentCache full:https://registry.npmjs.org/one-time set size:12254 disposed:false
1296 http fetch GET 200 https://registry.npmjs.org/logform 116ms (cache revalidated)
1297 silly packumentCache full:https://registry.npmjs.org/logform set size:101534 disposed:false
1298 http fetch GET 200 https://registry.npmjs.org/safe-stable-stringify 101ms (cache revalidated)
1299 silly packumentCache full:https://registry.npmjs.org/safe-stable-stringify set size:45091 disposed:false
1300 http fetch GET 200 https://registry.npmjs.org/stack-trace 137ms (cache revalidated)
1301 silly packumentCache full:https://registry.npmjs.org/stack-trace set size:26231 disposed:false
1302 http fetch GET 200 https://registry.npmjs.org/logform 103ms (cache revalidated)
1303 silly packumentCache full:https://registry.npmjs.org/logform set size:101534 disposed:false
1304 silly packumentCache full:https://registry.npmjs.org/logform dispose
1305 http fetch GET 200 https://registry.npmjs.org/@dabh%2fdiagnostics 122ms (cache revalidated)
1306 silly packumentCache full:https://registry.npmjs.org/@dabh%2fdiagnostics set size:34310 disposed:false
1307 silly placeDep node_modules/firebase-tools @googleapis/sqladmin@37.0.0 OK for: @google-cloud/cloud-sql-connector@1.11.3 want: ^37.0.0
1308 silly placeDep node_modules/firebase-tools/node_modules/@google-cloud/cloud-sql-connector gaxios@7.3.0 OK for: @google-cloud/cloud-sql-connector@1.11.3 want: ^7.1.4
1309 silly placeDep node_modules/firebase-tools/node_modules/@google-cloud/cloud-sql-connector google-auth-library@10.9.1 OK for: @google-cloud/cloud-sql-connector@1.11.3 want: ^10.6.2
1310 silly placeDep node_modules/firebase-tools p-throttle@8.1.0 OK for: @google-cloud/cloud-sql-connector@1.11.3 want: ^8.1.0
1311 silly fetch manifest googleapis-common@^8.0.0
1312 silly packumentCache full:https://registry.npmjs.org/googleapis-common cache-miss
1313 silly fetch manifest node-fetch@^3.3.2
1314 silly packumentCache full:https://registry.npmjs.org/node-fetch cache-hit
1315 silly fetch manifest gcp-metadata@8.1.2
1316 silly packumentCache full:https://registry.npmjs.org/gcp-metadata cache-hit
1317 silly fetch manifest google-logging-utils@1.1.3
1318 silly packumentCache full:https://registry.npmjs.org/google-logging-utils cache-hit
1319 http fetch GET 200 https://registry.npmjs.org/googleapis-common 101ms (cache revalidated)
1320 silly packumentCache full:https://registry.npmjs.org/googleapis-common set size:237452 disposed:false
1321 silly placeDep node_modules/firebase-tools @google-cloud/paginator@6.1.0 OK for: @google-cloud/pubsub@5.3.1 want: ^6.0.0
1322 silly placeDep node_modules/firebase-tools @google-cloud/precise-date@5.2.0 OK for: @google-cloud/pubsub@5.3.1 want: ^5.0.0
1323 silly placeDep node_modules/firebase-tools @google-cloud/projectify@5.2.0 OK for: @google-cloud/pubsub@5.3.1 want: ^5.0.0
1324 silly placeDep node_modules/firebase-tools @google-cloud/promisify@5.1.0 OK for: @google-cloud/pubsub@5.3.1 want: ^5.0.0
1325 silly placeDep node_modules/firebase-tools @opentelemetry/api@1.9.1 OK for: @google-cloud/pubsub@5.3.1 want: ~1.9.0
1326 silly placeDep node_modules/firebase-tools @opentelemetry/core@1.30.1 OK for: @google-cloud/pubsub@5.3.1 want: ^1.30.1
1327 silly placeDep node_modules/firebase-tools @opentelemetry/semantic-conventions@1.39.0 OK for: @google-cloud/pubsub@5.3.1 want: ~1.39.0
1328 silly placeDep node_modules/firebase-tools arrify@2.0.1 OK for: @google-cloud/pubsub@5.3.1 want: ^2.0.0
1329 silly placeDep node_modules/firebase-tools extend@3.0.2 OK for: @google-cloud/pubsub@5.3.1 want: ^3.0.2
1330 silly placeDep node_modules/firebase-tools/node_modules/@google-cloud/pubsub google-auth-library@10.9.1 OK for: @google-cloud/pubsub@5.3.1 want: ^10.5.0
1331 silly placeDep node_modules/firebase-tools google-gax@5.0.8 OK for: @google-cloud/pubsub@5.3.1 want: ^5.0.5
1332 silly placeDep node_modules/firebase-tools google-logging-utils@1.2.0 OK for: @google-cloud/pubsub@5.3.1 want: ^1.1.3
1333 silly placeDep node_modules/firebase-tools heap-js@2.7.1 OK for: @google-cloud/pubsub@5.3.1 want: ^2.6.0
1334 silly placeDep node_modules/firebase-tools is-stream-ended@0.1.4 OK for: @google-cloud/pubsub@5.3.1 want: ^0.1.4
1335 silly placeDep node_modules/firebase-tools lodash.snakecase@4.1.1 OK for: @google-cloud/pubsub@5.3.1 want: ^4.1.1
1336 silly placeDep node_modules/firebase-tools long@5.3.2 OK for: @google-cloud/pubsub@5.3.1 want: ^5.3.1
1337 silly placeDep node_modules/firebase-tools p-defer@3.0.0 OK for: @google-cloud/pubsub@5.3.1 want: ^3.0.0
1338 silly fetch manifest @opentelemetry/semantic-conventions@1.28.0
1339 silly packumentCache full:https://registry.npmjs.org/@opentelemetry%2fsemantic-conventions cache-hit
1340 silly fetch manifest rimraf@^5.0.1
1341 silly packumentCache full:https://registry.npmjs.org/rimraf cache-miss
1342 silly fetch manifest duplexify@^4.1.3
1343 silly packumentCache full:https://registry.npmjs.org/duplexify cache-miss
1344 silly fetch manifest protobufjs@^7.5.4
1345 silly packumentCache full:https://registry.npmjs.org/protobufjs cache-miss
1346 silly fetch manifest object-hash@^3.0.0
1347 silly packumentCache full:https://registry.npmjs.org/object-hash cache-miss
1348 silly fetch manifest @grpc/grpc-js@^1.12.6
1349 silly packumentCache full:https://registry.npmjs.org/@grpc%2fgrpc-js cache-miss
1350 silly fetch manifest retry-request@^8.0.2
1351 silly packumentCache full:https://registry.npmjs.org/retry-request cache-miss
1352 silly fetch manifest @grpc/proto-loader@^0.8.0
1353 silly packumentCache full:https://registry.npmjs.org/@grpc%2fproto-loader cache-miss
1354 silly fetch manifest google-auth-library@10.5.0
1355 silly packumentCache full:https://registry.npmjs.org/google-auth-library cache-hit
1356 silly fetch manifest proto3-json-serializer@3.0.4
1357 silly packumentCache full:https://registry.npmjs.org/proto3-json-serializer cache-miss
1358 http fetch GET 200 https://registry.npmjs.org/rimraf 146ms (cache revalidated)
1359 silly packumentCache full:https://registry.npmjs.org/rimraf set size:212626 disposed:false
1360 http fetch GET 200 https://registry.npmjs.org/proto3-json-serializer 145ms (cache revalidated)
1361 silly packumentCache full:https://registry.npmjs.org/proto3-json-serializer set size:91023 disposed:false
1362 http fetch GET 200 https://registry.npmjs.org/retry-request 148ms (cache revalidated)
1363 silly packumentCache full:https://registry.npmjs.org/retry-request set size:94976 disposed:false
1364 http fetch GET 200 https://registry.npmjs.org/protobufjs 154ms (cache revalidated)
1365 silly packumentCache full:https://registry.npmjs.org/protobufjs set size:768226 disposed:false
1366 http fetch GET 200 https://registry.npmjs.org/duplexify 165ms (cache revalidated)
1367 silly packumentCache full:https://registry.npmjs.org/duplexify set size:73064 disposed:false
1368 http fetch GET 200 https://registry.npmjs.org/@grpc%2fproto-loader 163ms (cache revalidated)
1369 silly packumentCache full:https://registry.npmjs.org/@grpc%2fproto-loader set size:218355 disposed:false
1370 http fetch GET 200 https://registry.npmjs.org/@grpc%2fgrpc-js 171ms (cache revalidated)
1371 silly packumentCache full:https://registry.npmjs.org/@grpc%2fgrpc-js set size:674221 disposed:false
1372 http fetch GET 200 https://registry.npmjs.org/object-hash 178ms (cache revalidated)
1373 silly packumentCache full:https://registry.npmjs.org/object-hash set size:100564 disposed:false
1374 silly placeDep node_modules/firebase-tools googleapis-common@8.0.3 OK for: @googleapis/sqladmin@37.0.0 want: ^8.0.0
1375 silly fetch manifest qs@^6.7.0
1376 silly packumentCache full:https://registry.npmjs.org/qs cache-hit
1377 silly fetch manifest gaxios@7.1.3
1378 silly packumentCache full:https://registry.npmjs.org/gaxios cache-hit
1379 silly fetch manifest url-template@^2.0.8
1380 silly packumentCache full:https://registry.npmjs.org/url-template cache-miss
1381 http fetch GET 200 https://registry.npmjs.org/url-template 217ms (cache revalidated)
1382 silly packumentCache full:https://registry.npmjs.org/url-template set size:25205 disposed:false
1383 silly placeDep node_modules/firebase-tools @inquirer/checkbox@4.3.2 OK for: @inquirer/prompts@7.10.1 want: ^4.3.2
1384 silly placeDep node_modules/firebase-tools @inquirer/confirm@5.1.21 OK for: @inquirer/prompts@7.10.1 want: ^5.1.21
1385 silly placeDep node_modules/firebase-tools @inquirer/editor@4.2.23 OK for: @inquirer/prompts@7.10.1 want: ^4.2.23
1386 silly placeDep node_modules/firebase-tools @inquirer/expand@4.0.23 OK for: @inquirer/prompts@7.10.1 want: ^4.0.23
1387 silly placeDep node_modules/firebase-tools @inquirer/input@4.3.1 OK for: @inquirer/prompts@7.10.1 want: ^4.3.1
1388 silly placeDep node_modules/firebase-tools @inquirer/number@3.0.23 OK for: @inquirer/prompts@7.10.1 want: ^3.0.23
1389 silly placeDep node_modules/firebase-tools @inquirer/password@4.0.23 OK for: @inquirer/prompts@7.10.1 want: ^4.0.23
1390 silly placeDep node_modules/firebase-tools @inquirer/rawlist@4.1.11 OK for: @inquirer/prompts@7.10.1 want: ^4.1.11
1391 silly placeDep node_modules/firebase-tools @inquirer/search@3.2.2 OK for: @inquirer/prompts@7.10.1 want: ^3.2.2
1392 silly placeDep node_modules/firebase-tools @inquirer/select@4.4.2 OK for: @inquirer/prompts@7.10.1 want: ^4.4.2
1393 silly fetch manifest @inquirer/ansi@^1.0.2
1394 silly packumentCache full:https://registry.npmjs.org/@inquirer%2fansi cache-miss
1395 silly fetch manifest @inquirer/core@^10.3.2
1396 silly packumentCache full:https://registry.npmjs.org/@inquirer%2fcore cache-miss
1397 silly fetch manifest @inquirer/type@^3.0.10
1398 silly packumentCache full:https://registry.npmjs.org/@inquirer%2ftype cache-miss
1399 silly fetch manifest yoctocolors-cjs@^2.1.3
1400 silly packumentCache full:https://registry.npmjs.org/yoctocolors-cjs cache-miss
1401 silly fetch manifest @inquirer/figures@^1.0.15
1402 silly packumentCache full:https://registry.npmjs.org/@inquirer%2ffigures cache-miss
1403 silly fetch manifest @inquirer/core@^10.3.2
1404 silly packumentCache full:https://registry.npmjs.org/@inquirer%2fcore cache-miss
1405 silly fetch manifest @inquirer/type@^3.0.10
1406 silly packumentCache full:https://registry.npmjs.org/@inquirer%2ftype cache-miss
1407 silly fetch manifest @inquirer/core@^10.3.2
1408 silly packumentCache full:https://registry.npmjs.org/@inquirer%2fcore cache-miss
1409 silly fetch manifest @inquirer/type@^3.0.10
1410 silly packumentCache full:https://registry.npmjs.org/@inquirer%2ftype cache-miss
1411 silly fetch manifest @inquirer/external-editor@^1.0.3
1412 silly packumentCache full:https://registry.npmjs.org/@inquirer%2fexternal-editor cache-miss
1413 silly fetch manifest @inquirer/core@^10.3.2
1414 silly packumentCache full:https://registry.npmjs.org/@inquirer%2fcore cache-miss
1415 http fetch GET 200 https://registry.npmjs.org/@inquirer%2ftype 168ms (cache revalidated)
1416 silly packumentCache full:https://registry.npmjs.org/@inquirer%2ftype set size:119899 disposed:false
1417 silly fetch manifest yoctocolors-cjs@^2.1.3
1418 silly packumentCache full:https://registry.npmjs.org/yoctocolors-cjs cache-miss
1419 http fetch GET 200 https://registry.npmjs.org/@inquirer%2ftype 177ms (cache revalidated)
1420 silly packumentCache full:https://registry.npmjs.org/@inquirer%2ftype set size:119899 disposed:false
1421 silly packumentCache full:https://registry.npmjs.org/@inquirer%2ftype dispose
1422 silly fetch manifest @inquirer/core@^10.3.2
1423 silly packumentCache full:https://registry.npmjs.org/@inquirer%2fcore cache-miss
1424 http fetch GET 200 https://registry.npmjs.org/@inquirer%2ftype 176ms (cache revalidated)
1425 silly packumentCache full:https://registry.npmjs.org/@inquirer%2ftype set size:119899 disposed:true
1426 silly packumentCache full:https://registry.npmjs.org/@inquirer%2ftype dispose
1427 silly fetch manifest @inquirer/core@^10.3.2
1428 silly packumentCache full:https://registry.npmjs.org/@inquirer%2fcore cache-miss
1429 http fetch GET 200 https://registry.npmjs.org/@inquirer%2fcore 183ms (cache revalidated)
1430 silly packumentCache full:https://registry.npmjs.org/@inquirer%2fcore set size:353358 disposed:false
1431 silly fetch manifest @inquirer/ansi@^1.0.2
1432 silly packumentCache full:https://registry.npmjs.org/@inquirer%2fansi cache-miss
1433 http fetch GET 200 https://registry.npmjs.org/yoctocolors-cjs 188ms (cache revalidated)
1434 silly packumentCache full:https://registry.npmjs.org/yoctocolors-cjs set size:12865 disposed:false
1435 silly fetch manifest @inquirer/figures@^1.0.15
1436 silly packumentCache full:https://registry.npmjs.org/@inquirer%2ffigures cache-miss
1437 http fetch GET 200 https://registry.npmjs.org/@inquirer%2fcore 187ms (cache revalidated)
1438 silly packumentCache full:https://registry.npmjs.org/@inquirer%2fcore set size:353358 disposed:false
1439 silly packumentCache full:https://registry.npmjs.org/@inquirer%2fcore dispose
1440 silly fetch manifest @inquirer/ansi@^1.0.2
1441 silly packumentCache full:https://registry.npmjs.org/@inquirer%2fansi cache-miss
1442 http fetch GET 200 https://registry.npmjs.org/@inquirer%2fexternal-editor 193ms (cache revalidated)
1443 silly packumentCache full:https://registry.npmjs.org/@inquirer%2fexternal-editor set size:41046 disposed:false
1444 silly fetch manifest @inquirer/figures@^1.0.15
1445 silly packumentCache full:https://registry.npmjs.org/@inquirer%2ffigures cache-miss
1446 http fetch GET 200 https://registry.npmjs.org/@inquirer%2fcore 198ms (cache revalidated)
1447 silly packumentCache full:https://registry.npmjs.org/@inquirer%2fcore set size:353358 disposed:true
1448 silly packumentCache full:https://registry.npmjs.org/@inquirer%2fcore dispose
1449 http fetch GET 200 https://registry.npmjs.org/@inquirer%2fcore 207ms (cache revalidated)
1450 silly packumentCache full:https://registry.npmjs.org/@inquirer%2fcore set size:353358 disposed:true
1451 silly packumentCache full:https://registry.npmjs.org/@inquirer%2fcore dispose
1452 http fetch GET 200 https://registry.npmjs.org/@inquirer%2ffigures 208ms (cache revalidated)
1453 silly packumentCache full:https://registry.npmjs.org/@inquirer%2ffigures set size:57318 disposed:false
1454 http fetch GET 200 https://registry.npmjs.org/@inquirer%2fansi 224ms (cache revalidated)
1455 silly packumentCache full:https://registry.npmjs.org/@inquirer%2fansi set size:29199 disposed:false
1456 http cache https://registry.npmjs.org/yoctocolors-cjs 155ms (cache hit)
1457 silly packumentCache full:https://registry.npmjs.org/yoctocolors-cjs set size:12865 disposed:false
1458 silly packumentCache full:https://registry.npmjs.org/yoctocolors-cjs dispose
1459 http cache https://registry.npmjs.org/@inquirer%2fcore 156ms (cache hit)
1460 silly packumentCache full:https://registry.npmjs.org/@inquirer%2fcore set size:353358 disposed:true
1461 silly packumentCache full:https://registry.npmjs.org/@inquirer%2fcore dispose
1462 http cache https://registry.npmjs.org/@inquirer%2fcore 157ms (cache hit)
1463 silly packumentCache full:https://registry.npmjs.org/@inquirer%2fcore set size:353358 disposed:true
1464 silly packumentCache full:https://registry.npmjs.org/@inquirer%2fcore dispose
1465 http cache https://registry.npmjs.org/@inquirer%2fansi 156ms (cache hit)
1466 silly packumentCache full:https://registry.npmjs.org/@inquirer%2fansi set size:29199 disposed:false
1467 silly packumentCache full:https://registry.npmjs.org/@inquirer%2fansi dispose
1468 http cache https://registry.npmjs.org/@inquirer%2ffigures 155ms (cache hit)
1469 silly packumentCache full:https://registry.npmjs.org/@inquirer%2ffigures set size:57318 disposed:false
1470 silly packumentCache full:https://registry.npmjs.org/@inquirer%2ffigures dispose
1471 http cache https://registry.npmjs.org/@inquirer%2ffigures 148ms (cache hit)
1472 silly packumentCache full:https://registry.npmjs.org/@inquirer%2ffigures set size:57318 disposed:true
1473 silly packumentCache full:https://registry.npmjs.org/@inquirer%2ffigures dispose
1474 http cache https://registry.npmjs.org/@inquirer%2fansi 154ms (cache hit)
1475 silly packumentCache full:https://registry.npmjs.org/@inquirer%2fansi set size:29199 disposed:true
1476 silly packumentCache full:https://registry.npmjs.org/@inquirer%2fansi dispose
1477 silly placeDep node_modules/firebase-tools @inquirer/ansi@1.0.2 OK for: @inquirer/checkbox@4.3.2 want: ^1.0.2
1478 silly placeDep node_modules/firebase-tools @inquirer/core@10.3.2 OK for: @inquirer/checkbox@4.3.2 want: ^10.3.2
1479 silly placeDep node_modules/firebase-tools @inquirer/figures@1.0.15 OK for: @inquirer/checkbox@4.3.2 want: ^1.0.15
1480 silly placeDep node_modules/firebase-tools @inquirer/type@3.0.10 OK for: @inquirer/checkbox@4.3.2 want: ^3.0.10
1481 silly placeDep node_modules/firebase-tools yoctocolors-cjs@2.1.3 OK for: @inquirer/checkbox@4.3.2 want: ^2.1.3
1482 silly fetch manifest cli-width@^4.1.0
1483 silly packumentCache full:https://registry.npmjs.org/cli-width cache-miss
1484 silly fetch manifest wrap-ansi@^6.2.0
1485 silly packumentCache full:https://registry.npmjs.org/wrap-ansi cache-miss
1486 silly fetch manifest mute-stream@^2.0.0
1487 silly packumentCache full:https://registry.npmjs.org/mute-stream cache-miss
1488 silly fetch manifest signal-exit@^4.1.0
1489 silly packumentCache full:https://registry.npmjs.org/signal-exit cache-miss
1490 http fetch GET 200 https://registry.npmjs.org/mute-stream 114ms (cache revalidated)
1491 silly packumentCache full:https://registry.npmjs.org/mute-stream set size:24413 disposed:false
1492 http fetch GET 200 https://registry.npmjs.org/cli-width 117ms (cache revalidated)
1493 silly packumentCache full:https://registry.npmjs.org/cli-width set size:24976 disposed:false
1494 http fetch GET 200 https://registry.npmjs.org/signal-exit 117ms (cache revalidated)
1495 silly packumentCache full:https://registry.npmjs.org/signal-exit set size:53489 disposed:false
1496 http fetch GET 200 https://registry.npmjs.org/wrap-ansi 125ms (cache revalidated)
1497 silly packumentCache full:https://registry.npmjs.org/wrap-ansi set size:55299 disposed:false
1498 silly placeDep node_modules/firebase-tools cli-width@4.1.0 OK for: @inquirer/core@10.3.2 want: ^4.1.0
1499 silly placeDep node_modules/firebase-tools mute-stream@2.0.0 OK for: @inquirer/core@10.3.2 want: ^2.0.0
1500 silly placeDep node_modules/firebase-tools signal-exit@4.1.0 OK for: @inquirer/core@10.3.2 want: ^4.1.0
1501 silly placeDep node_modules/firebase-tools wrap-ansi@6.2.0 OK for: @inquirer/core@10.3.2 want: ^6.2.0
1502 silly fetch manifest ansi-styles@^4.0.0
1503 silly packumentCache full:https://registry.npmjs.org/ansi-styles cache-miss
1504 silly fetch manifest string-width@^4.1.0
1505 silly packumentCache full:https://registry.npmjs.org/string-width cache-hit
1506 http fetch GET 200 https://registry.npmjs.org/ansi-styles 102ms (cache revalidated)
1507 silly packumentCache full:https://registry.npmjs.org/ansi-styles set size:71772 disposed:false
1508 silly placeDep node_modules/firebase-tools @inquirer/external-editor@1.0.3 OK for: @inquirer/editor@4.2.23 want: ^1.0.3
1509 silly fetch manifest chardet@^2.1.1
1510 silly packumentCache full:https://registry.npmjs.org/chardet cache-miss
1511 silly fetch manifest iconv-lite@^0.7.0
1512 silly packumentCache full:https://registry.npmjs.org/iconv-lite cache-hit
1513 http fetch GET 200 https://registry.npmjs.org/chardet 85ms (cache revalidated)
1514 silly packumentCache full:https://registry.npmjs.org/chardet set size:73855 disposed:false
1515 silly placeDep node_modules/firebase-tools chardet@2.2.0 OK for: @inquirer/external-editor@1.0.3 want: ^2.1.1
1516 silly placeDep node_modules/firebase-tools iconv-lite@0.7.3 OK for: @inquirer/external-editor@1.0.3 want: ^0.7.0
1517 silly fetch manifest safer-buffer@>= 2.1.2 < 3.0.0
1518 silly packumentCache full:https://registry.npmjs.org/safer-buffer cache-miss
1519 http fetch GET 200 https://registry.npmjs.org/safer-buffer 106ms (cache revalidated)
1520 silly packumentCache full:https://registry.npmjs.org/safer-buffer set size:18521 disposed:false
1521 silly placeDep node_modules/firebase-tools @hono/node-server@2.0.12 OK for: @modelcontextprotocol/sdk@1.30.0 want: ^1.19.9 || ^2.0.5
1522 silly placeDep node_modules/firebase-tools hono@4.12.34 OK for: @hono/node-server@2.0.12 want: ^4
1523 silly placeDep node_modules/firebase-tools content-type@1.0.5 OK for: @modelcontextprotocol/sdk@1.30.0 want: ^1.0.5
1524 silly placeDep node_modules/firebase-tools eventsource@3.0.7 OK for: @modelcontextprotocol/sdk@1.30.0 want: ^3.0.2
1525 silly placeDep node_modules/firebase-tools eventsource-parser@3.1.0 OK for: @modelcontextprotocol/sdk@1.30.0 want: ^3.0.0
1526 silly placeDep node_modules/firebase-tools/node_modules/@modelcontextprotocol/sdk express@5.2.1 OK for: @modelcontextprotocol/sdk@1.30.0 want: ^5.2.1
1527 silly placeDep node_modules/firebase-tools express-rate-limit@8.6.1 OK for: @modelcontextprotocol/sdk@1.30.0 want: ^8.2.1
1528 silly placeDep node_modules/firebase-tools jose@6.2.8 OK for: @modelcontextprotocol/sdk@1.30.0 want: ^6.1.3
1529 silly placeDep node_modules/firebase-tools json-schema-typed@8.0.2 OK for: @modelcontextprotocol/sdk@1.30.0 want: ^8.0.2
1530 silly placeDep node_modules/firebase-tools pkce-challenge@5.0.1 OK for: @modelcontextprotocol/sdk@1.30.0 want: ^5.0.0
1531 silly placeDep node_modules/firebase-tools raw-body@3.0.2 OK for: @modelcontextprotocol/sdk@1.30.0 want: ^3.0.0
1532 silly placeDep node_modules/firebase-tools zod-to-json-schema@3.25.2 OK for: @modelcontextprotocol/sdk@1.30.0 want: ^3.25.1
1533 silly fetch manifest eventsource-parser@^3.0.1
1534 silly packumentCache full:https://registry.npmjs.org/eventsource-parser cache-hit
1535 silly fetch manifest qs@^6.14.0
1536 silly packumentCache full:https://registry.npmjs.org/qs cache-hit
1537 silly fetch manifest depd@^2.0.0
1538 silly packumentCache full:https://registry.npmjs.org/depd cache-hit
1539 silly fetch manifest etag@^1.8.1
1540 silly packumentCache full:https://registry.npmjs.org/etag cache-hit
1541 silly fetch manifest once@^1.4.0
1542 silly packumentCache full:https://registry.npmjs.org/once cache-miss
1543 silly fetch manifest send@^1.1.0
1544 silly packumentCache full:https://registry.npmjs.org/send cache-hit
1545 silly fetch manifest vary@^1.1.2
1546 silly packumentCache full:https://registry.npmjs.org/vary cache-hit
1547 silly fetch manifest debug@^4.4.0
1548 silly packumentCache full:https://registry.npmjs.org/debug cache-hit
1549 silly fetch manifest fresh@^2.0.0
1550 silly packumentCache full:https://registry.npmjs.org/fresh cache-hit
1551 silly fetch manifest cookie@^0.7.1
1552 silly packumentCache full:https://registry.npmjs.org/cookie cache-hit
1553 silly fetch manifest router@^2.2.0
1554 silly packumentCache full:https://registry.npmjs.org/router cache-hit
1555 silly fetch manifest accepts@^2.0.0
1556 silly packumentCache full:https://registry.npmjs.org/accepts cache-hit
1557 silly fetch manifest type-is@^2.0.1
1558 silly packumentCache full:https://registry.npmjs.org/type-is cache-hit
1559 silly fetch manifest parseurl@^1.3.3
1560 silly packumentCache full:https://registry.npmjs.org/parseurl cache-hit
1561 silly fetch manifest statuses@^2.0.1
1562 silly packumentCache full:https://registry.npmjs.org/statuses cache-hit
1563 silly fetch manifest encodeurl@^2.0.0
1564 silly packumentCache full:https://registry.npmjs.org/encodeurl cache-hit
1565 silly fetch manifest mime-types@^3.0.0
1566 silly packumentCache full:https://registry.npmjs.org/mime-types cache-hit
1567 silly fetch manifest proxy-addr@^2.0.7
1568 silly packumentCache full:https://registry.npmjs.org/proxy-addr cache-hit
1569 silly fetch manifest body-parser@^2.2.1
1570 silly packumentCache full:https://registry.npmjs.org/body-parser cache-hit
1571 silly fetch manifest escape-html@^1.0.3
1572 silly packumentCache full:https://registry.npmjs.org/escape-html cache-hit
1573 silly fetch manifest http-errors@^2.0.0
1574 silly packumentCache full:https://registry.npmjs.org/http-errors cache-hit
1575 silly fetch manifest on-finished@^2.4.1
1576 silly packumentCache full:https://registry.npmjs.org/on-finished cache-hit
1577 silly fetch manifest finalhandler@^2.1.0
1578 silly packumentCache full:https://registry.npmjs.org/finalhandler cache-hit
1579 silly fetch manifest range-parser@^1.2.1
1580 silly packumentCache full:https://registry.npmjs.org/range-parser cache-hit
1581 silly fetch manifest serve-static@^2.2.0
1582 silly packumentCache full:https://registry.npmjs.org/serve-static cache-hit
1583 silly fetch manifest cookie-signature@^1.2.1
1584 silly packumentCache full:https://registry.npmjs.org/cookie-signature cache-hit
1585 silly fetch manifest merge-descriptors@^2.0.0
1586 silly packumentCache full:https://registry.npmjs.org/merge-descriptors cache-hit
1587 silly fetch manifest content-disposition@^1.0.0
1588 silly packumentCache full:https://registry.npmjs.org/content-disposition cache-hit
1589 silly fetch manifest debug@^4.4.3
1590 silly packumentCache full:https://registry.npmjs.org/debug cache-hit
1591 silly fetch manifest ip-address@^10.2.0
1592 silly packumentCache full:https://registry.npmjs.org/ip-address cache-miss
1593 http fetch GET 200 https://registry.npmjs.org/once 235ms (cache revalidated)
1594 silly packumentCache full:https://registry.npmjs.org/once set size:11752 disposed:false
1595 http fetch GET 200 https://registry.npmjs.org/ip-address 215ms (cache revalidated)
1596 silly packumentCache full:https://registry.npmjs.org/ip-address set size:192342 disposed:false
1597 silly placeDep node_modules/firebase-tools/node_modules/@opentelemetry/core @opentelemetry/semantic-conventions@1.28.0 OK for: @opentelemetry/core@1.30.1 want: 1.28.0
1598 silly placeDep node_modules/firebase-tools event-target-shim@5.0.1 OK for: abort-controller@3.0.0 want: ^5.0.0
1599 silly placeDep node_modules/firebase-tools fast-deep-equal@3.1.3 OK for: ajv@8.20.0 want: ^3.1.3
1600 silly placeDep node_modules/firebase-tools fast-uri@3.1.5 OK for: ajv@8.20.0 want: ^3.0.1
1601 silly placeDep node_modules/firebase-tools json-schema-traverse@1.0.0 OK for: ajv@8.20.0 want: ^1.0.0
1602 silly placeDep node_modules/firebase-tools require-from-string@2.0.2 OK for: ajv@8.20.0 want: ^2.0.2
1603 silly placeDep node_modules/firebase-tools archiver-utils@5.0.2 OK for: archiver@7.0.1 want: ^5.0.2
1604 silly placeDep node_modules/firebase-tools async@3.2.6 OK for: archiver@7.0.1 want: ^3.2.4
1605 silly placeDep node_modules/firebase-tools buffer-crc32@1.0.0 OK for: archiver@7.0.1 want: ^1.0.0
1606 silly placeDep node_modules/firebase-tools readable-stream@4.7.0 OK for: archiver@7.0.1 want: ^4.0.0
1607 silly placeDep node_modules/firebase-tools readdir-glob@1.1.3 OK for: archiver@7.0.1 want: ^1.1.2
1608 silly placeDep node_modules/firebase-tools tar-stream@3.2.0 OK for: archiver@7.0.1 want: ^3.0.0
1609 silly placeDep node_modules/firebase-tools zip-stream@6.0.1 OK for: archiver@7.0.1 want: ^6.0.1
1610 silly fetch manifest is-stream@^2.0.1
1611 silly packumentCache full:https://registry.npmjs.org/is-stream cache-hit
1612 silly fetch manifest lazystream@^1.0.0
1613 silly packumentCache full:https://registry.npmjs.org/lazystream cache-miss
1614 silly fetch manifest normalize-path@^3.0.0
1615 silly packumentCache full:https://registry.npmjs.org/normalize-path cache-hit
1616 silly fetch manifest buffer@^6.0.3
1617 silly packumentCache full:https://registry.npmjs.org/buffer cache-miss
1618 silly fetch manifest events@^3.3.0
1619 silly packumentCache full:https://registry.npmjs.org/events cache-miss
1620 silly fetch manifest process@^0.11.10
1621 silly packumentCache full:https://registry.npmjs.org/process cache-miss
1622 silly fetch manifest string_decoder@^1.3.0
1623 silly packumentCache full:https://registry.npmjs.org/string_decoder cache-miss
1624 silly fetch manifest minimatch@^5.1.0
1625 silly packumentCache full:https://registry.npmjs.org/minimatch cache-hit
1626 silly fetch manifest b4a@^1.6.4
1627 silly packumentCache full:https://registry.npmjs.org/b4a cache-miss
1628 silly fetch manifest bare-fs@^4.5.5
1629 silly packumentCache full:https://registry.npmjs.org/bare-fs cache-miss
1630 silly fetch manifest fast-fifo@^1.2.0
1631 silly packumentCache full:https://registry.npmjs.org/fast-fifo cache-miss
1632 silly fetch manifest streamx@^2.15.0
1633 silly packumentCache full:https://registry.npmjs.org/streamx cache-miss
1634 silly fetch manifest compress-commons@^6.0.2
1635 silly packumentCache full:https://registry.npmjs.org/compress-commons cache-miss
1636 http fetch GET 200 https://registry.npmjs.org/compress-commons 266ms (cache revalidated)
1637 silly packumentCache full:https://registry.npmjs.org/compress-commons set size:91385 disposed:false
1638 http fetch GET 200 https://registry.npmjs.org/string_decoder 277ms (cache revalidated)
1639 silly packumentCache full:https://registry.npmjs.org/string_decoder set size:28441 disposed:false
1640 http fetch GET 200 https://registry.npmjs.org/process 280ms (cache revalidated)
1641 silly packumentCache full:https://registry.npmjs.org/process set size:31260 disposed:false
1642 http fetch GET 200 https://registry.npmjs.org/fast-fifo 275ms (cache revalidated)
1643 silly packumentCache full:https://registry.npmjs.org/fast-fifo set size:13855 disposed:false
1644 http fetch GET 200 https://registry.npmjs.org/lazystream 287ms (cache revalidated)
1645 silly packumentCache full:https://registry.npmjs.org/lazystream set size:14342 disposed:false
1646 http fetch GET 200 https://registry.npmjs.org/bare-fs 279ms (cache revalidated)
1647 silly packumentCache full:https://registry.npmjs.org/bare-fs set size:186213 disposed:false
1648 http fetch GET 200 https://registry.npmjs.org/events 289ms (cache revalidated)
1649 silly packumentCache full:https://registry.npmjs.org/events set size:35240 disposed:false
1650 http fetch GET 200 https://registry.npmjs.org/b4a 287ms (cache revalidated)
1651 silly packumentCache full:https://registry.npmjs.org/b4a set size:71632 disposed:false
1652 http fetch GET 200 https://registry.npmjs.org/streamx 285ms (cache revalidated)
1653 silly packumentCache full:https://registry.npmjs.org/streamx set size:167396 disposed:false
1654 http fetch GET 200 https://registry.npmjs.org/buffer 298ms (cache revalidated)
1655 silly packumentCache full:https://registry.npmjs.org/buffer set size:280480 disposed:false
1656 silly placeDep node_modules/firebase-tools graceful-fs@4.2.11 OK for: archiver-utils@5.0.2 want: ^4.2.0
1657 silly placeDep node_modules/firebase-tools is-stream@2.0.1 OK for: archiver-utils@5.0.2 want: ^2.0.1
1658 silly placeDep node_modules/firebase-tools lazystream@1.0.1 OK for: archiver-utils@5.0.2 want: ^1.0.0
1659 silly placeDep node_modules/firebase-tools normalize-path@3.0.0 OK for: archiver-utils@5.0.2 want: ^3.0.0
1660 silly fetch manifest readable-stream@^2.0.5
1661 silly packumentCache full:https://registry.npmjs.org/readable-stream cache-hit
1662 silly placeDep node_modules/firebase-tools bytes@3.1.2 OK for: body-parser@1.20.6 want: ~3.1.2
1663 silly placeDep node_modules/firebase-tools debug@2.6.9 OK for: body-parser@1.20.6 want: 2.6.9
1664 silly placeDep node_modules/firebase-tools depd@2.0.0 OK for: body-parser@1.20.6 want: 2.0.0
1665 silly placeDep node_modules/firebase-tools destroy@1.2.0 OK for: body-parser@1.20.6 want: ~1.2.0
1666 silly placeDep node_modules/firebase-tools http-errors@2.0.1 OK for: body-parser@1.20.6 want: ~2.0.1
1667 silly placeDep node_modules/firebase-tools/node_modules/body-parser iconv-lite@0.4.24 OK for: body-parser@1.20.6 want: ~0.4.24
1668 silly placeDep node_modules/firebase-tools on-finished@2.4.1 OK for: body-parser@1.20.6 want: ~2.4.1
1669 silly placeDep node_modules/firebase-tools qs@6.15.3 OK for: body-parser@1.20.6 want: ~6.15.1
1670 silly placeDep node_modules/firebase-tools/node_modules/body-parser raw-body@2.5.3 OK for: body-parser@1.20.6 want: ~2.5.3
1671 silly placeDep node_modules/firebase-tools type-is@1.6.18 OK for: body-parser@1.20.6 want: ~1.6.18
1672 silly placeDep node_modules/firebase-tools unpipe@1.0.0 OK for: body-parser@1.20.6 want: ~1.0.0
1673 silly fetch manifest ms@2.0.0
1674 silly packumentCache full:https://registry.npmjs.org/ms cache-hit
1675 silly fetch manifest inherits@~2.0.4
1676 silly packumentCache full:https://registry.npmjs.org/inherits cache-miss
1677 silly fetch manifest setprototypeof@~1.2.0
1678 silly packumentCache full:https://registry.npmjs.org/setprototypeof cache-hit
1679 silly fetch manifest statuses@~2.0.2
1680 silly packumentCache full:https://registry.npmjs.org/statuses cache-hit
1681 silly fetch manifest toidentifier@~1.0.1
1682 silly packumentCache full:https://registry.npmjs.org/toidentifier cache-miss
1683 silly fetch manifest safer-buffer@>= 2.1.2 < 3
1684 silly packumentCache full:https://registry.npmjs.org/safer-buffer cache-hit
1685 silly fetch manifest ee-first@1.1.1
1686 silly packumentCache full:https://registry.npmjs.org/ee-first cache-miss
1687 silly fetch manifest side-channel@^1.1.1
1688 silly packumentCache full:https://registry.npmjs.org/side-channel cache-miss
1689 silly fetch manifest es-define-property@^1.0.1
1690 silly packumentCache full:https://registry.npmjs.org/es-define-property cache-miss
1691 silly fetch manifest mime-types@~2.1.24
1692 silly packumentCache full:https://registry.npmjs.org/mime-types cache-hit
1693 silly fetch manifest media-typer@0.3.0
1694 silly packumentCache full:https://registry.npmjs.org/media-typer cache-miss
1695 http fetch GET 200 https://registry.npmjs.org/side-channel 120ms (cache revalidated)
1696 silly packumentCache full:https://registry.npmjs.org/side-channel set size:27650 disposed:false
1697 http fetch GET 200 https://registry.npmjs.org/inherits 128ms (cache revalidated)
1698 silly packumentCache full:https://registry.npmjs.org/inherits set size:12925 disposed:false
1699 http fetch GET 200 https://registry.npmjs.org/media-typer 121ms (cache revalidated)
1700 silly packumentCache full:https://registry.npmjs.org/media-typer set size:22074 disposed:false
1701 http fetch GET 200 https://registry.npmjs.org/ee-first 128ms (cache revalidated)
1702 silly packumentCache full:https://registry.npmjs.org/ee-first set size:15327 disposed:false
1703 http fetch GET 200 https://registry.npmjs.org/es-define-property 128ms (cache revalidated)
1704 silly packumentCache full:https://registry.npmjs.org/es-define-property set size:8542 disposed:false
1705 http fetch GET 200 https://registry.npmjs.org/toidentifier 134ms (cache revalidated)
1706 silly packumentCache full:https://registry.npmjs.org/toidentifier set size:12006 disposed:false
1707 silly placeDep node_modules/firebase-tools anymatch@3.1.3 OK for: chokidar@3.6.0 want: ~3.1.2
1708 silly placeDep node_modules/firebase-tools braces@3.0.3 OK for: chokidar@3.6.0 want: ~3.0.2
1709 silly placeDep node_modules/firebase-tools fsevents@2.3.3 OK for: chokidar@3.6.0 want: ~2.3.2
1710 silly placeDep node_modules/firebase-tools glob-parent@5.1.2 OK for: chokidar@3.6.0 want: ~5.1.2
1711 silly placeDep node_modules/firebase-tools is-binary-path@2.1.0 OK for: chokidar@3.6.0 want: ~2.1.0
1712 silly placeDep node_modules/firebase-tools is-glob@4.0.3 OK for: chokidar@3.6.0 want: ~4.0.1
1713 silly placeDep node_modules/firebase-tools readdirp@3.6.0 OK for: chokidar@3.6.0 want: ~3.6.0
1714 silly fetch manifest picomatch@^2.0.4
1715 silly packumentCache full:https://registry.npmjs.org/picomatch cache-miss
1716 silly fetch manifest fill-range@^7.1.1
1717 silly packumentCache full:https://registry.npmjs.org/fill-range cache-miss
1718 silly fetch manifest is-glob@^4.0.1
1719 silly packumentCache full:https://registry.npmjs.org/is-glob cache-hit
1720 silly fetch manifest binary-extensions@^2.0.0
1721 silly packumentCache full:https://registry.npmjs.org/binary-extensions cache-miss
1722 silly fetch manifest is-extglob@^2.1.1
1723 silly packumentCache full:https://registry.npmjs.org/is-extglob cache-miss
1724 silly fetch manifest picomatch@^2.2.1
1725 silly packumentCache full:https://registry.npmjs.org/picomatch cache-miss
1726 http fetch GET 200 https://registry.npmjs.org/binary-extensions 153ms (cache revalidated)
1727 silly packumentCache full:https://registry.npmjs.org/binary-extensions set size:51551 disposed:false
1728 http fetch GET 200 https://registry.npmjs.org/picomatch 158ms (cache revalidated)
1729 silly packumentCache full:https://registry.npmjs.org/picomatch set size:128942 disposed:false
1730 http fetch GET 200 https://registry.npmjs.org/is-extglob 158ms (cache revalidated)
1731 silly packumentCache full:https://registry.npmjs.org/is-extglob set size:11766 disposed:false
1732 http fetch GET 200 https://registry.npmjs.org/fill-range 162ms (cache revalidated)
1733 silly packumentCache full:https://registry.npmjs.org/fill-range set size:90162 disposed:false
1734 http fetch GET 200 https://registry.npmjs.org/picomatch 166ms (cache revalidated)
1735 silly packumentCache full:https://registry.npmjs.org/picomatch set size:128942 disposed:false
1736 silly packumentCache full:https://registry.npmjs.org/picomatch dispose
1737 silly placeDep node_modules/firebase-tools picomatch@2.3.2 OK for: anymatch@3.1.3 want: ^2.0.4
1738 silly placeDep node_modules/firebase-tools fill-range@7.1.1 OK for: braces@3.0.3 want: ^7.1.1
1739 silly fetch manifest to-regex-range@^5.0.1
1740 silly packumentCache full:https://registry.npmjs.org/to-regex-range cache-miss
1741 http fetch GET 200 https://registry.npmjs.org/to-regex-range 99ms (cache revalidated)
1742 silly packumentCache full:https://registry.npmjs.org/to-regex-range set size:61569 disposed:false
1743 silly placeDep node_modules/firebase-tools json-parse-helpfulerror@1.0.3 OK for: cjson@0.3.3 want: ^1.0.3
1744 silly fetch manifest jju@^1.1.0
1745 silly packumentCache full:https://registry.npmjs.org/jju cache-miss
1746 http fetch GET 200 https://registry.npmjs.org/jju 90ms (cache revalidated)
1747 silly packumentCache full:https://registry.npmjs.org/jju set size:37375 disposed:false
1748 silly placeDep node_modules/firebase-tools @colors/colors@1.5.0 OK for: cli-table3@0.6.5 want: 1.5.0
1749 silly placeDep node_modules/firebase-tools string-width@4.2.3 OK for: cli-table3@0.6.5 want: ^4.2.0
1750 silly fetch manifest strip-ansi@^6.0.1
1751 silly packumentCache full:https://registry.npmjs.org/strip-ansi cache-hit
1752 silly fetch manifest emoji-regex@^8.0.0
1753 silly packumentCache full:https://registry.npmjs.org/emoji-regex cache-miss
1754 silly fetch manifest is-fullwidth-code-point@^3.0.0
1755 silly packumentCache full:https://registry.npmjs.org/is-fullwidth-code-point cache-miss
1756 http fetch GET 200 https://registry.npmjs.org/is-fullwidth-code-point 101ms (cache revalidated)
1757 silly packumentCache full:https://registry.npmjs.org/is-fullwidth-code-point set size:14578 disposed:false
1758 http fetch GET 200 https://registry.npmjs.org/emoji-regex 104ms (cache revalidated)
1759 silly packumentCache full:https://registry.npmjs.org/emoji-regex set size:89064 disposed:false
1760 silly placeDep node_modules/firebase-tools dot-prop@5.3.0 OK for: configstore@5.0.1 want: ^5.2.0
1761 silly placeDep node_modules/firebase-tools make-dir@3.1.0 OK for: configstore@5.0.1 want: ^3.0.0
1762 silly placeDep node_modules/firebase-tools unique-string@2.0.0 OK for: configstore@5.0.1 want: ^2.0.0
1763 silly placeDep node_modules/firebase-tools write-file-atomic@3.0.3 OK for: configstore@5.0.1 want: ^3.0.0
1764 silly placeDep node_modules/firebase-tools xdg-basedir@4.0.0 OK for: configstore@5.0.1 want: ^4.0.0
1765 silly fetch manifest is-obj@^2.0.0
1766 silly packumentCache full:https://registry.npmjs.org/is-obj cache-miss
1767 silly fetch manifest semver@^6.0.0
1768 silly packumentCache full:https://registry.npmjs.org/semver cache-hit
1769 silly fetch manifest crypto-random-string@^2.0.0
1770 silly packumentCache full:https://registry.npmjs.org/crypto-random-string cache-miss
1771 silly fetch manifest imurmurhash@^0.1.4
1772 silly packumentCache full:https://registry.npmjs.org/imurmurhash cache-miss
1773 silly fetch manifest signal-exit@^3.0.2
1774 silly packumentCache full:https://registry.npmjs.org/signal-exit cache-hit
1775 silly fetch manifest is-typedarray@^1.0.0
1776 silly packumentCache full:https://registry.npmjs.org/is-typedarray cache-miss
1777 silly fetch manifest typedarray-to-buffer@^3.1.5
1778 silly packumentCache full:https://registry.npmjs.org/typedarray-to-buffer cache-miss
1779 http fetch GET 200 https://registry.npmjs.org/crypto-random-string 138ms (cache revalidated)
1780 silly packumentCache full:https://registry.npmjs.org/crypto-random-string set size:32874 disposed:false
1781 http fetch GET 200 https://registry.npmjs.org/typedarray-to-buffer 136ms (cache revalidated)
1782 silly packumentCache full:https://registry.npmjs.org/typedarray-to-buffer set size:38803 disposed:false
1783 http fetch GET 200 https://registry.npmjs.org/imurmurhash 143ms (cache revalidated)
1784 silly packumentCache full:https://registry.npmjs.org/imurmurhash set size:35819 disposed:false
1785 http fetch GET 200 https://registry.npmjs.org/is-obj 150ms (cache revalidated)
1786 silly packumentCache full:https://registry.npmjs.org/is-obj set size:9560 disposed:false
1787 http fetch GET 200 https://registry.npmjs.org/is-typedarray 150ms (cache revalidated)
1788 silly packumentCache full:https://registry.npmjs.org/is-typedarray set size:3992 disposed:false
1789 silly placeDep node_modules/firebase-tools object-assign@4.1.1 OK for: cors@2.8.6 want: ^4
1790 silly placeDep node_modules/firebase-tools vary@1.1.2 OK for: cors@2.8.6 want: ^1
1791 silly placeDep node_modules/firebase-tools path-key@3.1.1 OK for: cross-spawn@7.0.6 want: ^3.1.0
1792 silly placeDep node_modules/firebase-tools shebang-command@2.0.0 OK for: cross-spawn@7.0.6 want: ^2.0.0
1793 silly placeDep node_modules/firebase-tools which@2.0.2 OK for: cross-spawn@7.0.6 want: ^2.0.1
1794 silly fetch manifest shebang-regex@^3.0.0
1795 silly packumentCache full:https://registry.npmjs.org/shebang-regex cache-miss
1796 silly fetch manifest isexe@^2.0.0
1797 silly packumentCache full:https://registry.npmjs.org/isexe cache-miss
1798 http fetch GET 200 https://registry.npmjs.org/shebang-regex 106ms (cache revalidated)
1799 silly packumentCache full:https://registry.npmjs.org/shebang-regex set size:9763 disposed:false
1800 http fetch GET 200 https://registry.npmjs.org/isexe 108ms (cache revalidated)
1801 silly packumentCache full:https://registry.npmjs.org/isexe set size:31756 disposed:false
1802 silly placeDep node_modules/firebase-tools ms@2.0.0 OK for: debug@2.6.9 want: 2.0.0
1803 silly placeDep node_modules/firebase-tools is-obj@2.0.0 OK for: dot-prop@5.3.0 want: ^2.0.0
1804 silly placeDep node_modules/firebase-tools @apidevtools/json-schema-ref-parser@9.1.2 OK for: exegesis@4.3.0 want: ^9.0.3
1805 silly placeDep node_modules/firebase-tools/node_modules/exegesis ajv-formats@2.1.1 OK for: exegesis@4.3.0 want: ^2.1.0
1806 silly placeDep node_modules/firebase-tools deep-freeze@0.0.1 OK for: exegesis@4.3.0 want: 0.0.1
1807 silly placeDep node_modules/firebase-tools events-listener@1.1.0 OK for: exegesis@4.3.0 want: ^1.1.0
1808 silly placeDep node_modules/firebase-tools json-ptr@3.1.1 OK for: exegesis@4.3.0 want: ^3.0.1
1809 silly placeDep node_modules/firebase-tools openapi3-ts@3.2.0 OK for: exegesis@4.3.0 want: ^3.1.1
1810 silly placeDep node_modules/firebase-tools promise-breaker@6.0.0 OK for: exegesis@4.3.0 want: ^6.0.0
1811 silly placeDep node_modules/firebase-tools/node_modules/exegesis raw-body@2.5.3 OK for: exegesis@4.3.0 want: ^2.3.3
1812 silly fetch manifest call-me-maybe@^1.0.1
1813 silly packumentCache full:https://registry.npmjs.org/call-me-maybe cache-miss
1814 silly fetch manifest @jsdevtools/ono@^7.1.3
1815 silly packumentCache full:https://registry.npmjs.org/@jsdevtools%2fono cache-miss
1816 silly fetch manifest @types/json-schema@^7.0.6
1817 silly packumentCache full:https://registry.npmjs.org/@types%2fjson-schema cache-miss
1818 http fetch GET 200 https://registry.npmjs.org/call-me-maybe 106ms (cache revalidated)
1819 silly packumentCache full:https://registry.npmjs.org/call-me-maybe set size:11485 disposed:false
1820 http fetch GET 200 https://registry.npmjs.org/@types%2fjson-schema 106ms (cache revalidated)
1821 silly packumentCache full:https://registry.npmjs.org/@types%2fjson-schema set size:44704 disposed:false
1822 http fetch GET 200 https://registry.npmjs.org/@jsdevtools%2fono 343ms (cache revalidated)
1823 silly packumentCache full:https://registry.npmjs.org/@jsdevtools%2fono set size:45695 disposed:false
1824 silly placeDep node_modules/firebase-tools @jsdevtools/ono@7.1.3 OK for: @apidevtools/json-schema-ref-parser@9.1.2 want: ^7.1.3
1825 silly placeDep node_modules/firebase-tools @types/json-schema@7.0.15 OK for: @apidevtools/json-schema-ref-parser@9.1.2 want: ^7.0.6
1826 silly placeDep node_modules/firebase-tools call-me-maybe@1.0.2 OK for: @apidevtools/json-schema-ref-parser@9.1.2 want: ^1.0.1
1827 silly placeDep node_modules/firebase-tools accepts@1.3.8 OK for: express@4.22.2 want: ~1.3.8
1828 silly placeDep node_modules/firebase-tools array-flatten@1.1.1 OK for: express@4.22.2 want: 1.1.1
1829 silly placeDep node_modules/firebase-tools content-disposition@0.5.4 OK for: express@4.22.2 want: ~0.5.4
1830 silly placeDep node_modules/firebase-tools cookie@0.7.2 OK for: express@4.22.2 want: ~0.7.1
1831 silly placeDep node_modules/firebase-tools cookie-signature@1.0.7 OK for: express@4.22.2 want: ~1.0.6
1832 silly placeDep node_modules/firebase-tools encodeurl@2.0.0 OK for: express@4.22.2 want: ~2.0.0
1833 silly placeDep node_modules/firebase-tools escape-html@1.0.3 OK for: express@4.22.2 want: ~1.0.3
1834 silly placeDep node_modules/firebase-tools etag@1.8.1 OK for: express@4.22.2 want: ~1.8.1
1835 silly placeDep node_modules/firebase-tools finalhandler@1.3.2 OK for: express@4.22.2 want: ~1.3.1
1836 silly placeDep node_modules/firebase-tools fresh@0.5.2 OK for: express@4.22.2 want: ~0.5.2
1837 silly placeDep node_modules/firebase-tools merge-descriptors@1.0.3 OK for: express@4.22.2 want: 1.0.3
1838 silly placeDep node_modules/firebase-tools methods@1.1.2 OK for: express@4.22.2 want: ~1.1.2
1839 silly placeDep node_modules/firebase-tools parseurl@1.3.3 OK for: express@4.22.2 want: ~1.3.3
1840 silly placeDep node_modules/firebase-tools path-to-regexp@0.1.13 OK for: express@4.22.2 want: ~0.1.12
1841 silly placeDep node_modules/firebase-tools proxy-addr@2.0.7 OK for: express@4.22.2 want: ~2.0.7
1842 silly placeDep node_modules/firebase-tools range-parser@1.2.1 OK for: express@4.22.2 want: ~1.2.1
1843 silly placeDep node_modules/firebase-tools safe-buffer@5.2.1 OK for: express@4.22.2 want: 5.2.1
1844 silly placeDep node_modules/firebase-tools send@0.19.2 OK for: express@4.22.2 want: ~0.19.0
1845 silly placeDep node_modules/firebase-tools serve-static@1.16.3 OK for: express@4.22.2 want: ~1.16.2
1846 silly placeDep node_modules/firebase-tools setprototypeof@1.2.0 OK for: express@4.22.2 want: 1.2.0
1847 silly placeDep node_modules/firebase-tools statuses@2.0.2 OK for: express@4.22.2 want: ~2.0.1
1848 silly placeDep node_modules/firebase-tools utils-merge@1.0.1 OK for: express@4.22.2 want: 1.0.1
1849 silly fetch manifest mime-types@~2.1.34
1850 silly packumentCache full:https://registry.npmjs.org/mime-types cache-hit
1851 silly fetch manifest negotiator@0.6.3
1852 silly packumentCache full:https://registry.npmjs.org/negotiator cache-miss
1853 silly fetch manifest forwarded@0.2.0
1854 silly packumentCache full:https://registry.npmjs.org/forwarded cache-miss
1855 silly fetch manifest ipaddr.js@1.9.1
1856 silly packumentCache full:https://registry.npmjs.org/ipaddr.js cache-miss
1857 silly fetch manifest ms@2.1.3
1858 silly packumentCache full:https://registry.npmjs.org/ms cache-hit
1859 silly fetch manifest mime@1.6.0
1860 silly packumentCache full:https://registry.npmjs.org/mime cache-hit
1861 http fetch GET 200 https://registry.npmjs.org/forwarded 192ms (cache revalidated)
1862 silly packumentCache full:https://registry.npmjs.org/forwarded set size:11229 disposed:false
1863 http fetch GET 200 https://registry.npmjs.org/negotiator 195ms (cache revalidated)
1864 silly packumentCache full:https://registry.npmjs.org/negotiator set size:48046 disposed:false
1865 http fetch GET 200 https://registry.npmjs.org/ipaddr.js 195ms (cache revalidated)
1866 silly packumentCache full:https://registry.npmjs.org/ipaddr.js set size:69549 disposed:false
1867 silly placeDep node_modules/firebase-tools mime-types@2.1.35 OK for: accepts@1.3.8 want: ~2.1.34
1868 silly placeDep node_modules/firebase-tools negotiator@0.6.3 OK for: accepts@1.3.8 want: 0.6.3
1869 silly fetch manifest mime-db@1.52.0
1870 silly packumentCache full:https://registry.npmjs.org/mime-db cache-miss
1871 http fetch GET 200 https://registry.npmjs.org/mime-db 88ms (cache revalidated)
1872 silly packumentCache full:https://registry.npmjs.org/mime-db set size:164953 disposed:false
1873 silly placeDep node_modules/firebase-tools/node_modules/express-rate-limit debug@4.4.3 OK for: express-rate-limit@8.6.1 want: ^4.4.3
1874 silly placeDep node_modules/firebase-tools ip-address@10.4.0 OK for: express-rate-limit@8.6.1 want: ^10.2.0
1875 silly fetch manifest ms@^2.1.3
1876 silly packumentCache full:https://registry.npmjs.org/ms cache-hit
1877 silly placeDep node_modules/firebase-tools to-regex-range@5.0.1 OK for: fill-range@7.1.1 want: ^5.0.1
1878 silly fetch manifest is-number@^7.0.0
1879 silly packumentCache full:https://registry.npmjs.org/is-number cache-miss
1880 http fetch GET 200 https://registry.npmjs.org/is-number 89ms (cache revalidated)
1881 silly packumentCache full:https://registry.npmjs.org/is-number set size:36183 disposed:false
1882 silly placeDep node_modules/firebase-tools asynckit@0.4.0 OK for: form-data@4.0.6 want: ^0.4.0
1883 silly placeDep node_modules/firebase-tools combined-stream@1.0.8 OK for: form-data@4.0.6 want: ^1.0.8
1884 silly placeDep node_modules/firebase-tools es-set-tostringtag@2.1.0 OK for: form-data@4.0.6 want: ^2.1.0
1885 silly placeDep node_modules/firebase-tools hasown@2.0.4 OK for: form-data@4.0.6 want: ^2.0.4
1886 silly fetch manifest delayed-stream@~1.0.0
1887 silly packumentCache full:https://registry.npmjs.org/delayed-stream cache-miss
1888 silly fetch manifest es-errors@^1.3.0
1889 silly packumentCache full:https://registry.npmjs.org/es-errors cache-miss
1890 silly fetch manifest get-intrinsic@^1.2.6
1891 silly packumentCache full:https://registry.npmjs.org/get-intrinsic cache-miss
1892 silly fetch manifest has-tostringtag@^1.0.2
1893 silly packumentCache full:https://registry.npmjs.org/has-tostringtag cache-miss
1894 silly fetch manifest hasown@^2.0.2
1895 silly packumentCache full:https://registry.npmjs.org/hasown cache-hit
1896 silly fetch manifest function-bind@^1.1.2
1897 silly packumentCache full:https://registry.npmjs.org/function-bind cache-miss
1898 http fetch GET 200 https://registry.npmjs.org/delayed-stream 113ms (cache revalidated)
1899 silly packumentCache full:https://registry.npmjs.org/delayed-stream set size:15820 disposed:false
1900 http fetch GET 200 https://registry.npmjs.org/get-intrinsic 113ms (cache revalidated)
1901 silly packumentCache full:https://registry.npmjs.org/get-intrinsic set size:60985 disposed:false
1902 http fetch GET 200 https://registry.npmjs.org/es-errors 116ms (cache revalidated)
1903 silly packumentCache full:https://registry.npmjs.org/es-errors set size:16918 disposed:false
1904 http fetch GET 200 https://registry.npmjs.org/function-bind 121ms (cache revalidated)
1905 silly packumentCache full:https://registry.npmjs.org/function-bind set size:15733 disposed:false
1906 http fetch GET 200 https://registry.npmjs.org/has-tostringtag 128ms (cache revalidated)
1907 silly packumentCache full:https://registry.npmjs.org/has-tostringtag set size:13945 disposed:false
1908 silly placeDep node_modules/firebase-tools delayed-stream@1.0.0 OK for: combined-stream@1.0.8 want: ~1.0.0
1909 silly placeDep node_modules/firebase-tools es-errors@1.3.0 OK for: es-set-tostringtag@2.1.0 want: ^1.3.0
1910 silly placeDep node_modules/firebase-tools get-intrinsic@1.3.0 OK for: es-set-tostringtag@2.1.0 want: ^1.2.6
1911 silly placeDep node_modules/firebase-tools has-tostringtag@1.0.2 OK for: es-set-tostringtag@2.1.0 want: ^1.0.2
1912 silly fetch manifest gopd@^1.2.0
1913 silly packumentCache full:https://registry.npmjs.org/gopd cache-miss
1914 silly fetch manifest get-proto@^1.0.1
1915 silly packumentCache full:https://registry.npmjs.org/get-proto cache-miss
1916 silly fetch manifest has-symbols@^1.1.0
1917 silly packumentCache full:https://registry.npmjs.org/has-symbols cache-miss
1918 silly fetch manifest es-object-atoms@^1.1.1
1919 silly packumentCache full:https://registry.npmjs.org/es-object-atoms cache-miss
1920 silly fetch manifest math-intrinsics@^1.1.0
1921 silly packumentCache full:https://registry.npmjs.org/math-intrinsics cache-miss
1922 silly fetch manifest call-bind-apply-helpers@^1.0.2
1923 silly packumentCache full:https://registry.npmjs.org/call-bind-apply-helpers cache-miss
1924 silly fetch manifest has-symbols@^1.0.3
1925 silly packumentCache full:https://registry.npmjs.org/has-symbols cache-miss
1926 http fetch GET 200 https://registry.npmjs.org/gopd 183ms (cache revalidated)
1927 silly packumentCache full:https://registry.npmjs.org/gopd set size:11483 disposed:false
1928 http fetch GET 200 https://registry.npmjs.org/es-object-atoms 182ms (cache revalidated)
1929 silly packumentCache full:https://registry.npmjs.org/es-object-atoms set size:18278 disposed:false
1930 http fetch GET 200 https://registry.npmjs.org/has-symbols 182ms (cache revalidated)
1931 silly packumentCache full:https://registry.npmjs.org/has-symbols set size:21550 disposed:false
1932 http fetch GET 200 https://registry.npmjs.org/call-bind-apply-helpers 186ms (cache revalidated)
1933 silly packumentCache full:https://registry.npmjs.org/call-bind-apply-helpers set size:12744 disposed:false
1934 http fetch GET 200 https://registry.npmjs.org/get-proto 192ms (cache revalidated)
1935 silly packumentCache full:https://registry.npmjs.org/get-proto set size:8300 disposed:false
1936 http fetch GET 200 https://registry.npmjs.org/math-intrinsics 192ms (cache revalidated)
1937 silly packumentCache full:https://registry.npmjs.org/math-intrinsics set size:9265 disposed:false
1938 http fetch GET 200 https://registry.npmjs.org/has-symbols 195ms (cache revalidated)
1939 silly packumentCache full:https://registry.npmjs.org/has-symbols set size:21550 disposed:false
1940 silly packumentCache full:https://registry.npmjs.org/has-symbols dispose
1941 silly placeDep node_modules/firebase-tools jsonfile@6.2.1 OK for: fs-extra@10.1.0 want: ^6.0.1
1942 silly placeDep node_modules/firebase-tools universalify@2.0.1 OK for: fs-extra@10.1.0 want: ^2.0.0
1943 silly placeDep node_modules/firebase-tools https-proxy-agent@7.0.6 OK for: gaxios@6.7.1 want: ^7.0.1
1944 silly placeDep node_modules/firebase-tools uuid@9.0.1 OK for: gaxios@6.7.1 want: ^9.0.1
1945 silly fetch manifest debug@4
1946 silly packumentCache full:https://registry.npmjs.org/debug cache-hit
1947 silly placeDep node_modules/firebase-tools call-bind-apply-helpers@1.0.2 OK for: get-intrinsic@1.3.0 want: ^1.0.2
1948 silly placeDep node_modules/firebase-tools es-define-property@1.0.1 OK for: get-intrinsic@1.3.0 want: ^1.0.1
1949 silly placeDep node_modules/firebase-tools es-object-atoms@1.1.2 OK for: get-intrinsic@1.3.0 want: ^1.1.1
1950 silly placeDep node_modules/firebase-tools function-bind@1.1.2 OK for: get-intrinsic@1.3.0 want: ^1.1.2
1951 silly placeDep node_modules/firebase-tools get-proto@1.0.1 OK for: get-intrinsic@1.3.0 want: ^1.0.1
1952 silly placeDep node_modules/firebase-tools gopd@1.2.0 OK for: get-intrinsic@1.3.0 want: ^1.2.0
1953 silly placeDep node_modules/firebase-tools has-symbols@1.1.0 OK for: get-intrinsic@1.3.0 want: ^1.1.0
1954 silly placeDep node_modules/firebase-tools math-intrinsics@1.1.0 OK for: get-intrinsic@1.3.0 want: ^1.1.0
1955 silly fetch manifest dunder-proto@^1.0.1
1956 silly packumentCache full:https://registry.npmjs.org/dunder-proto cache-miss
1957 http fetch GET 200 https://registry.npmjs.org/dunder-proto 103ms (cache revalidated)
1958 silly packumentCache full:https://registry.npmjs.org/dunder-proto set size:8256 disposed:false
1959 silly placeDep node_modules/firebase-tools dunder-proto@1.0.1 OK for: get-proto@1.0.1 want: ^1.0.1
1960 silly placeDep node_modules/firebase-tools foreground-child@3.3.1 OK for: glob@10.5.0 want: ^3.1.0
1961 silly placeDep node_modules/firebase-tools jackspeak@3.4.3 OK for: glob@10.5.0 want: ^3.1.2
1962 silly placeDep node_modules/firebase-tools/node_modules/glob minimatch@9.0.9 OK for: glob@10.5.0 want: ^9.0.4
1963 silly placeDep node_modules/firebase-tools minipass@7.1.3 OK for: glob@10.5.0 want: ^7.1.2
1964 silly placeDep node_modules/firebase-tools package-json-from-dist@1.0.1 OK for: glob@10.5.0 want: ^1.0.0
1965 silly placeDep node_modules/firebase-tools path-scurry@1.11.1 OK for: glob@10.5.0 want: ^1.11.1
1966 silly fetch manifest @isaacs/cliui@^8.0.2
1967 silly packumentCache full:https://registry.npmjs.org/@isaacs%2fcliui cache-miss
1968 silly fetch manifest @pkgjs/parseargs@^0.11.0
1969 silly packumentCache full:https://registry.npmjs.org/@pkgjs%2fparseargs cache-miss
1970 silly fetch manifest brace-expansion@^2.0.2
1971 silly packumentCache full:https://registry.npmjs.org/brace-expansion cache-hit
1972 silly fetch manifest lru-cache@^10.2.0
1973 silly packumentCache full:https://registry.npmjs.org/lru-cache cache-hit
1974 http fetch GET 200 https://registry.npmjs.org/@pkgjs%2fparseargs 123ms (cache revalidated)
1975 silly packumentCache full:https://registry.npmjs.org/@pkgjs%2fparseargs set size:51085 disposed:false
1976 http fetch GET 200 https://registry.npmjs.org/@isaacs%2fcliui 126ms (cache revalidated)
1977 silly packumentCache full:https://registry.npmjs.org/@isaacs%2fcliui set size:12263 disposed:false
1978 silly placeDep node_modules/firebase-tools base64-js@1.5.1 OK for: google-auth-library@9.15.1 want: ^1.3.0
1979 silly placeDep node_modules/firebase-tools ecdsa-sig-formatter@1.0.11 OK for: google-auth-library@9.15.1 want: ^1.0.11
1980 silly placeDep node_modules/firebase-tools gcp-metadata@6.1.1 OK for: google-auth-library@9.15.1 want: ^6.1.0
1981 silly placeDep node_modules/firebase-tools gtoken@7.1.0 OK for: google-auth-library@9.15.1 want: ^7.0.0
1982 silly placeDep node_modules/firebase-tools jws@4.0.1 OK for: google-auth-library@9.15.1 want: ^4.0.0
1983 silly fetch manifest json-bigint@^1.0.0
1984 silly packumentCache full:https://registry.npmjs.org/json-bigint cache-miss
1985 silly fetch manifest google-logging-utils@^0.0.2
1986 silly packumentCache full:https://registry.npmjs.org/google-logging-utils cache-hit
1987 silly fetch manifest jwa@^2.0.1
1988 silly packumentCache full:https://registry.npmjs.org/jwa cache-miss
1989 http fetch GET 200 https://registry.npmjs.org/json-bigint 94ms (cache revalidated)
1990 silly packumentCache full:https://registry.npmjs.org/json-bigint set size:36963 disposed:false
1991 http fetch GET 200 https://registry.npmjs.org/jwa 102ms (cache revalidated)
1992 silly packumentCache full:https://registry.npmjs.org/jwa set size:39720 disposed:false
1993 silly placeDep node_modules/firebase-tools/node_modules/gcp-metadata google-logging-utils@0.0.2 OK for: gcp-metadata@6.1.1 want: ^0.0.2
1994 silly placeDep node_modules/firebase-tools json-bigint@1.0.0 OK for: gcp-metadata@6.1.1 want: ^1.0.0
1995 silly fetch manifest bignumber.js@^9.0.0
1996 silly packumentCache full:https://registry.npmjs.org/bignumber.js cache-miss
1997 http fetch GET 200 https://registry.npmjs.org/bignumber.js 103ms (cache revalidated)
1998 silly packumentCache full:https://registry.npmjs.org/bignumber.js set size:149332 disposed:false
1999 silly placeDep node_modules/firebase-tools @grpc/grpc-js@1.14.4 OK for: google-gax@5.0.8 want: ^1.12.6
2000 silly placeDep node_modules/firebase-tools @grpc/proto-loader@0.8.1 OK for: google-gax@5.0.8 want: ^0.8.0
2001 silly placeDep node_modules/firebase-tools duplexify@4.1.3 OK for: google-gax@5.0.8 want: ^4.1.3
2002 silly placeDep node_modules/firebase-tools/node_modules/google-gax google-auth-library@10.5.0 OK for: google-gax@5.0.8 want: 10.5.0
2003 silly placeDep node_modules/firebase-tools/node_modules/google-gax google-logging-utils@1.1.3 OK for: google-gax@5.0.8 want: 1.1.3
2004 silly placeDep node_modules/firebase-tools/node_modules/google-gax node-fetch@3.3.2 OK for: google-gax@5.0.8 want: ^3.3.2
2005 silly placeDep node_modules/firebase-tools object-hash@3.0.0 OK for: google-gax@5.0.8 want: ^3.0.0
2006 silly placeDep node_modules/firebase-tools proto3-json-serializer@3.0.4 OK for: google-gax@5.0.8 want: 3.0.4
2007 silly placeDep node_modules/firebase-tools protobufjs@7.6.5 OK for: google-gax@5.0.8 want: ^7.5.4
2008 silly placeDep node_modules/firebase-tools retry-request@8.0.4 OK for: google-gax@5.0.8 want: ^8.0.2
2009 silly placeDep node_modules/firebase-tools rimraf@5.0.10 OK for: google-gax@5.0.8 want: ^5.0.1
2010 silly fetch manifest @js-sdsl/ordered-map@^4.4.2
2011 silly packumentCache full:https://registry.npmjs.org/@js-sdsl%2fordered-map cache-miss
2012 silly fetch manifest lodash.camelcase@^4.3.0
2013 silly packumentCache full:https://registry.npmjs.org/lodash.camelcase cache-miss
2014 silly fetch manifest protobufjs@^7.5.5
2015 silly packumentCache full:https://registry.npmjs.org/protobufjs cache-hit
2016 silly fetch manifest yargs@^17.7.2
2017 silly packumentCache full:https://registry.npmjs.org/yargs cache-miss
2018 silly fetch manifest end-of-stream@^1.4.1
2019 silly packumentCache full:https://registry.npmjs.org/end-of-stream cache-miss
2020 silly fetch manifest inherits@^2.0.3
2021 silly packumentCache full:https://registry.npmjs.org/inherits cache-hit
2022 silly fetch manifest readable-stream@^3.1.1
2023 silly packumentCache full:https://registry.npmjs.org/readable-stream cache-hit
2024 silly fetch manifest stream-shift@^1.0.2
2025 silly packumentCache full:https://registry.npmjs.org/stream-shift cache-miss
2026 silly fetch manifest gaxios@^7.0.0
2027 silly packumentCache full:https://registry.npmjs.org/gaxios cache-hit
2028 silly fetch manifest gtoken@^8.0.0
2029 silly packumentCache full:https://registry.npmjs.org/gtoken cache-hit
2030 silly fetch manifest gcp-metadata@^8.0.0
2031 silly packumentCache full:https://registry.npmjs.org/gcp-metadata cache-hit
2032 silly fetch manifest data-uri-to-buffer@^4.0.0
2033 silly packumentCache full:https://registry.npmjs.org/data-uri-to-buffer cache-miss
2034 silly fetch manifest fetch-blob@^3.1.4
2035 silly packumentCache full:https://registry.npmjs.org/fetch-blob cache-miss
2036 silly fetch manifest formdata-polyfill@^4.0.10
2037 silly packumentCache full:https://registry.npmjs.org/formdata-polyfill cache-miss
2038 silly fetch manifest protobufjs@^7.4.0
2039 silly packumentCache full:https://registry.npmjs.org/protobufjs cache-hit
2040 silly fetch manifest @types/node@>=13.7.0
2041 silly packumentCache full:https://registry.npmjs.org/@types%2fnode cache-miss
2042 silly fetch manifest @protobufjs/path@^1.1.2
2043 silly packumentCache full:https://registry.npmjs.org/@protobufjs%2fpath cache-miss
2044 silly fetch manifest @protobufjs/pool@^1.1.0
2045 silly packumentCache full:https://registry.npmjs.org/@protobufjs%2fpool cache-miss
2046 http cache https://registry.npmjs.org/@types%2fnode 148ms (cache hit)
2047 silly packumentCache full:https://registry.npmjs.org/@types%2fnode set size:11084776 disposed:false
2048 silly fetch manifest @protobufjs/utf8@^1.1.1
2049 silly packumentCache full:https://registry.npmjs.org/@protobufjs%2futf8 cache-miss
2050 http fetch GET 200 https://registry.npmjs.org/data-uri-to-buffer 281ms (cache revalidated)
2051 silly packumentCache full:https://registry.npmjs.org/data-uri-to-buffer set size:48018 disposed:false
2052 silly fetch manifest @protobufjs/fetch@^1.1.1
2053 silly packumentCache full:https://registry.npmjs.org/@protobufjs%2ffetch cache-miss
2054 http fetch GET 200 https://registry.npmjs.org/end-of-stream 295ms (cache revalidated)
2055 silly packumentCache full:https://registry.npmjs.org/end-of-stream set size:27842 disposed:false
2056 silly fetch manifest @protobufjs/float@^1.0.2
2057 silly packumentCache full:https://registry.npmjs.org/@protobufjs%2ffloat cache-miss
2058 http fetch GET 200 https://registry.npmjs.org/stream-shift 295ms (cache revalidated)
2059 silly packumentCache full:https://registry.npmjs.org/stream-shift set size:8066 disposed:false
2060 silly fetch manifest @protobufjs/base64@^1.1.2
2061 silly packumentCache full:https://registry.npmjs.org/@protobufjs%2fbase64 cache-miss
2062 http fetch GET 200 https://registry.npmjs.org/lodash.camelcase 304ms (cache revalidated)
2063 silly packumentCache full:https://registry.npmjs.org/lodash.camelcase set size:16993 disposed:false
2064 silly fetch manifest @protobufjs/codegen@^2.0.5
2065 silly packumentCache full:https://registry.npmjs.org/@protobufjs%2fcodegen cache-miss
2066 http fetch GET 200 https://registry.npmjs.org/formdata-polyfill 294ms (cache revalidated)
2067 silly packumentCache full:https://registry.npmjs.org/formdata-polyfill set size:94446 disposed:false
2068 silly fetch manifest @protobufjs/aspromise@^1.1.2
2069 silly packumentCache full:https://registry.npmjs.org/@protobufjs%2faspromise cache-miss
2070 http fetch GET 200 https://registry.npmjs.org/@protobufjs%2fpool 291ms (cache revalidated)
2071 silly packumentCache full:https://registry.npmjs.org/@protobufjs%2fpool set size:10727 disposed:false
2072 silly fetch manifest @protobufjs/eventemitter@^1.1.1
2073 silly packumentCache full:https://registry.npmjs.org/@protobufjs%2feventemitter cache-miss
2074 http fetch GET 200 https://registry.npmjs.org/@protobufjs%2fpath 294ms (cache revalidated)
2075 silly packumentCache full:https://registry.npmjs.org/@protobufjs%2fpath set size:10241 disposed:false
2076 silly fetch manifest teeny-request@^10.0.0
2077 silly packumentCache full:https://registry.npmjs.org/teeny-request cache-miss
2078 http fetch GET 200 https://registry.npmjs.org/yargs 315ms (cache revalidated)
2079 silly packumentCache full:https://registry.npmjs.org/yargs set size:759965 disposed:false
2080 http fetch GET 200 https://registry.npmjs.org/fetch-blob 311ms (cache revalidated)
2081 silly packumentCache full:https://registry.npmjs.org/fetch-blob set size:73704 disposed:false
2082 http fetch GET 200 https://registry.npmjs.org/@js-sdsl%2fordered-map 327ms (cache revalidated)
2083 silly packumentCache full:https://registry.npmjs.org/@js-sdsl%2fordered-map set size:63788 disposed:false
2084 http fetch GET 200 https://registry.npmjs.org/@protobufjs%2futf8 354ms (cache revalidated)
2085 silly packumentCache full:https://registry.npmjs.org/@protobufjs%2futf8 set size:17318 disposed:false
2086 http fetch GET 200 https://registry.npmjs.org/@protobufjs%2ffetch 300ms (cache revalidated)
2087 silly packumentCache full:https://registry.npmjs.org/@protobufjs%2ffetch set size:12023 disposed:false
2088 http fetch GET 200 https://registry.npmjs.org/@protobufjs%2feventemitter 286ms (cache revalidated)
2089 silly packumentCache full:https://registry.npmjs.org/@protobufjs%2feventemitter set size:13173 disposed:false
2090 http fetch GET 200 https://registry.npmjs.org/@protobufjs%2ffloat 299ms (cache revalidated)
2091 silly packumentCache full:https://registry.npmjs.org/@protobufjs%2ffloat set size:9957 disposed:false
2092 http fetch GET 200 https://registry.npmjs.org/teeny-request 287ms (cache revalidated)
2093 silly packumentCache full:https://registry.npmjs.org/teeny-request set size:180957 disposed:false
2094 http fetch GET 200 https://registry.npmjs.org/@protobufjs%2faspromise 295ms (cache revalidated)
2095 silly packumentCache full:https://registry.npmjs.org/@protobufjs%2faspromise set size:11438 disposed:false
2096 http fetch GET 200 https://registry.npmjs.org/@protobufjs%2fcodegen 299ms (cache revalidated)
2097 silly packumentCache full:https://registry.npmjs.org/@protobufjs%2fcodegen set size:23820 disposed:false
2098 http fetch GET 200 https://registry.npmjs.org/@protobufjs%2fbase64 304ms (cache revalidated)
2099 silly packumentCache full:https://registry.npmjs.org/@protobufjs%2fbase64 set size:14176 disposed:false
2100 silly placeDep node_modules/firebase-tools @js-sdsl/ordered-map@4.4.2 OK for: @grpc/grpc-js@1.14.4 want: ^4.4.2
2101 silly placeDep node_modules/firebase-tools lodash.camelcase@4.3.0 OK for: @grpc/proto-loader@0.8.1 want: ^4.3.0
2102 silly placeDep node_modules/firebase-tools yargs@17.7.3 OK for: @grpc/proto-loader@0.8.1 want: ^17.7.2
2103 silly fetch manifest y18n@^5.0.5
2104 silly packumentCache full:https://registry.npmjs.org/y18n cache-miss
2105 silly fetch manifest cliui@^8.0.1
2106 silly packumentCache full:https://registry.npmjs.org/cliui cache-miss
2107 silly fetch manifest escalade@^3.1.1
2108 silly packumentCache full:https://registry.npmjs.org/escalade cache-miss
2109 silly fetch manifest yargs-parser@^21.1.1
2110 silly packumentCache full:https://registry.npmjs.org/yargs-parser cache-miss
2111 silly fetch manifest get-caller-file@^2.0.5
2112 silly packumentCache full:https://registry.npmjs.org/get-caller-file cache-miss
2113 silly fetch manifest require-directory@^2.1.1
2114 silly packumentCache full:https://registry.npmjs.org/require-directory cache-miss
2115 http fetch GET 200 https://registry.npmjs.org/y18n 192ms (cache revalidated)
2116 silly packumentCache full:https://registry.npmjs.org/y18n set size:76155 disposed:false
2117 http fetch GET 200 https://registry.npmjs.org/escalade 193ms (cache revalidated)
2118 silly packumentCache full:https://registry.npmjs.org/escalade set size:33724 disposed:false
2119 http fetch GET 200 https://registry.npmjs.org/get-caller-file 194ms (cache revalidated)
2120 silly packumentCache full:https://registry.npmjs.org/get-caller-file set size:26456 disposed:false
2121 http fetch GET 200 https://registry.npmjs.org/yargs-parser 197ms (cache revalidated)
2122 silly packumentCache full:https://registry.npmjs.org/yargs-parser set size:238630 disposed:false
2123 http fetch GET 200 https://registry.npmjs.org/require-directory 202ms (cache revalidated)
2124 silly packumentCache full:https://registry.npmjs.org/require-directory set size:26866 disposed:false
2125 http fetch GET 200 https://registry.npmjs.org/cliui 206ms (cache revalidated)
2126 silly packumentCache full:https://registry.npmjs.org/cliui set size:69089 disposed:false
2127 silly placeDep node_modules/firebase-tools end-of-stream@1.4.5 OK for: duplexify@4.1.3 want: ^1.4.1
2128 silly placeDep node_modules/firebase-tools inherits@2.0.4 OK for: duplexify@4.1.3 want: ^2.0.3
2129 silly placeDep node_modules/firebase-tools/node_modules/duplexify readable-stream@3.6.2 OK for: duplexify@4.1.3 want: ^3.1.1
2130 silly placeDep node_modules/firebase-tools stream-shift@1.0.3 OK for: duplexify@4.1.3 want: ^1.0.2
2131 silly fetch manifest string_decoder@^1.1.1
2132 silly packumentCache full:https://registry.npmjs.org/string_decoder cache-hit
2133 silly fetch manifest util-deprecate@^1.0.1
2134 silly packumentCache full:https://registry.npmjs.org/util-deprecate cache-miss
2135 http fetch GET 200 https://registry.npmjs.org/util-deprecate 91ms (cache revalidated)
2136 silly packumentCache full:https://registry.npmjs.org/util-deprecate set size:6674 disposed:false
2137 silly placeDep node_modules/firebase-tools once@1.4.0 OK for: end-of-stream@1.4.5 want: ^1.4.0
2138 silly fetch manifest wrappy@1
2139 silly packumentCache full:https://registry.npmjs.org/wrappy cache-miss
2140 http fetch GET 200 https://registry.npmjs.org/wrappy 211ms (cache revalidated)
2141 silly packumentCache full:https://registry.npmjs.org/wrappy set size:7682 disposed:false
2142 silly placeDep node_modules/firebase-tools/node_modules/googleapis-common gaxios@7.1.3 OK for: googleapis-common@8.0.3 want: 7.1.3
2143 silly placeDep node_modules/firebase-tools/node_modules/googleapis-common google-auth-library@10.5.0 OK for: googleapis-common@8.0.3 want: 10.5.0
2144 silly placeDep node_modules/firebase-tools/node_modules/googleapis-common google-logging-utils@1.1.3 OK for: googleapis-common@8.0.3 want: 1.1.3
2145 silly placeDep node_modules/firebase-tools url-template@2.0.8 OK for: googleapis-common@8.0.3 want: ^2.0.8
2146 silly placeDep node_modules/firebase-tools toidentifier@1.0.1 OK for: http-errors@2.0.1 want: ~1.0.1
2147 silly placeDep node_modules/firebase-tools agent-base@7.1.4 OK for: https-proxy-agent@7.0.6 want: ^7.1.2
2148 silly placeDep node_modules/firebase-tools/node_modules/https-proxy-agent debug@4.4.3 OK for: https-proxy-agent@7.0.6 want: 4
2149 silly placeDep node_modules/firebase-tools safer-buffer@2.1.2 OK for: iconv-lite@0.7.3 want: >= 2.1.2 < 3.0.0
2150 silly placeDep node_modules/firebase-tools binary-extensions@2.3.0 OK for: is-binary-path@2.1.0 want: ^2.0.0
2151 silly placeDep node_modules/firebase-tools is-extglob@2.1.1 OK for: is-glob@4.0.3 want: ^2.1.1
2152 silly placeDep node_modules/firebase-tools @isaacs/cliui@8.0.2 OK for: jackspeak@3.4.3 want: ^8.0.2
2153 silly placeDep node_modules/firebase-tools @pkgjs/parseargs@0.11.0 OK for: jackspeak@3.4.3 want: ^0.11.0
2154 silly fetch manifest wrap-ansi@^8.1.0
2155 silly packumentCache full:https://registry.npmjs.org/wrap-ansi cache-hit
2156 silly fetch manifest strip-ansi@^7.0.1
2157 silly packumentCache full:https://registry.npmjs.org/strip-ansi cache-hit
2158 silly fetch manifest string-width@^5.1.2
2159 silly packumentCache full:https://registry.npmjs.org/string-width cache-hit
2160 silly fetch manifest wrap-ansi-cjs@npm:wrap-ansi@^7.0.0
2161 silly packumentCache full:https://registry.npmjs.org/wrap-ansi cache-hit
2162 silly fetch manifest strip-ansi-cjs@npm:strip-ansi@^6.0.1
2163 silly packumentCache full:https://registry.npmjs.org/strip-ansi cache-hit
2164 silly fetch manifest string-width-cjs@npm:string-width@^4.2.0
2165 silly packumentCache full:https://registry.npmjs.org/string-width cache-hit
2166 silly placeDep node_modules/firebase-tools/node_modules/@isaacs/cliui string-width@5.1.2 OK for: @isaacs/cliui@8.0.2 want: ^5.1.2
2167 silly placeDep node_modules/firebase-tools string-width-cjs@4.2.3 OK for: @isaacs/cliui@8.0.2 want: npm:string-width@^4.2.0
2168 silly placeDep node_modules/firebase-tools strip-ansi@7.2.0 OK for: @isaacs/cliui@8.0.2 want: ^7.0.1
2169 silly placeDep node_modules/firebase-tools strip-ansi-cjs@6.0.1 OK for: @isaacs/cliui@8.0.2 want: npm:strip-ansi@^6.0.1
2170 silly placeDep node_modules/firebase-tools/node_modules/@isaacs/cliui wrap-ansi@8.1.0 OK for: @isaacs/cliui@8.0.2 want: ^8.1.0
2171 silly placeDep node_modules/firebase-tools wrap-ansi-cjs@7.0.0 OK for: @isaacs/cliui@8.0.2 want: npm:wrap-ansi@^7.0.0
2172 silly fetch manifest emoji-regex@^9.2.2
2173 silly packumentCache full:https://registry.npmjs.org/emoji-regex cache-hit
2174 silly fetch manifest eastasianwidth@^0.2.0
2175 silly packumentCache full:https://registry.npmjs.org/eastasianwidth cache-miss
2176 silly fetch manifest ansi-regex@^6.2.2
2177 silly packumentCache full:https://registry.npmjs.org/ansi-regex cache-hit
2178 silly fetch manifest ansi-regex@^5.0.1
2179 silly packumentCache full:https://registry.npmjs.org/ansi-regex cache-hit
2180 silly fetch manifest ansi-styles@^6.1.0
2181 silly packumentCache full:https://registry.npmjs.org/ansi-styles cache-hit
2182 http fetch GET 200 https://registry.npmjs.org/eastasianwidth 213ms (cache revalidated)
2183 silly packumentCache full:https://registry.npmjs.org/eastasianwidth set size:7890 disposed:false
2184 silly placeDep node_modules/firebase-tools argparse@2.0.1 OK for: js-yaml@4.3.1 want: ^2.0.1
2185 silly placeDep node_modules/firebase-tools bignumber.js@9.3.1 OK for: json-bigint@1.0.0 want: ^9.0.0
2186 silly placeDep node_modules/firebase-tools jju@1.4.0 OK for: json-parse-helpfulerror@1.0.3 want: ^1.1.0
2187 silly placeDep node_modules/firebase-tools lodash.includes@4.3.0 OK for: jsonwebtoken@9.0.3 want: ^4.3.0
2188 silly placeDep node_modules/firebase-tools lodash.isboolean@3.0.3 OK for: jsonwebtoken@9.0.3 want: ^3.0.3
2189 silly placeDep node_modules/firebase-tools lodash.isinteger@4.0.4 OK for: jsonwebtoken@9.0.3 want: ^4.0.4
2190 silly placeDep node_modules/firebase-tools lodash.isnumber@3.0.3 OK for: jsonwebtoken@9.0.3 want: ^3.0.3
2191 silly placeDep node_modules/firebase-tools lodash.isplainobject@4.0.6 OK for: jsonwebtoken@9.0.3 want: ^4.0.6
2192 silly placeDep node_modules/firebase-tools lodash.isstring@4.0.1 OK for: jsonwebtoken@9.0.3 want: ^4.0.1
2193 silly placeDep node_modules/firebase-tools lodash.once@4.1.1 OK for: jsonwebtoken@9.0.3 want: ^4.0.0
2194 silly placeDep node_modules/firebase-tools/node_modules/jsonwebtoken ms@2.1.3 OK for: jsonwebtoken@9.0.3 want: ^2.1.1
2195 silly placeDep node_modules/firebase-tools jwa@2.0.1 OK for: jws@4.0.1 want: ^2.0.1
2196 silly fetch manifest buffer-equal-constant-time@^1.0.1
2197 silly packumentCache full:https://registry.npmjs.org/buffer-equal-constant-time cache-miss
2198 http fetch GET 200 https://registry.npmjs.org/buffer-equal-constant-time 194ms (cache revalidated)
2199 silly packumentCache full:https://registry.npmjs.org/buffer-equal-constant-time set size:4390 disposed:false
2200 silly placeDep node_modules/firebase-tools buffer-equal-constant-time@1.0.1 OK for: jwa@2.0.1 want: ^1.0.1
2201 silly placeDep node_modules/firebase-tools/node_modules/lazystream readable-stream@2.3.8 OK for: lazystream@1.0.1 want: ^2.0.5
2202 silly fetch manifest isarray@~1.0.0
2203 silly packumentCache full:https://registry.npmjs.org/isarray cache-miss
2204 silly fetch manifest safe-buffer@~5.1.1
2205 silly packumentCache full:https://registry.npmjs.org/safe-buffer cache-hit
2206 silly fetch manifest core-util-is@~1.0.0
2207 silly packumentCache full:https://registry.npmjs.org/core-util-is cache-miss
2208 silly fetch manifest string_decoder@~1.1.1
2209 silly packumentCache full:https://registry.npmjs.org/string_decoder cache-hit
2210 silly fetch manifest util-deprecate@~1.0.1
2211 silly packumentCache full:https://registry.npmjs.org/util-deprecate cache-hit
2212 silly fetch manifest process-nextick-args@~2.0.0
2213 silly packumentCache full:https://registry.npmjs.org/process-nextick-args cache-miss
2214 http fetch GET 200 https://registry.npmjs.org/process-nextick-args 248ms (cache revalidated)
2215 silly packumentCache full:https://registry.npmjs.org/process-nextick-args set size:15428 disposed:false
2216 http fetch GET 200 https://registry.npmjs.org/core-util-is 254ms (cache revalidated)
2217 silly packumentCache full:https://registry.npmjs.org/core-util-is set size:7163 disposed:false
2218 http fetch GET 200 https://registry.npmjs.org/isarray 259ms (cache revalidated)
2219 silly packumentCache full:https://registry.npmjs.org/isarray set size:17392 disposed:false
2220 silly placeDep node_modules/firebase-tools libsodium@0.7.16 OK for: libsodium-wrappers@0.7.16 want: ^0.7.16
2221 silly placeDep node_modules/firebase-tools/node_modules/make-dir semver@6.3.1 OK for: make-dir@3.1.0 want: ^6.0.0
2222 silly placeDep node_modules/firebase-tools ansi-escapes@7.3.0 OK for: marked-terminal@7.3.0 want: ^7.0.0
2223 silly placeDep node_modules/firebase-tools ansi-regex@6.2.2 OK for: marked-terminal@7.3.0 want: ^6.1.0
2224 silly placeDep node_modules/firebase-tools chalk@5.6.2 OK for: marked-terminal@7.3.0 want: ^5.4.1
2225 silly placeDep node_modules/firebase-tools cli-highlight@2.1.11 OK for: marked-terminal@7.3.0 want: ^2.1.11
2226 silly placeDep node_modules/firebase-tools node-emoji@2.2.0 OK for: marked-terminal@7.3.0 want: ^2.2.0
2227 silly placeDep node_modules/firebase-tools supports-hyperlinks@3.2.0 OK for: marked-terminal@7.3.0 want: ^3.1.0
2228 silly fetch manifest environment@^1.0.0
2229 silly packumentCache full:https://registry.npmjs.org/environment cache-miss
2230 silly fetch manifest chalk@^4.0.0
2231 silly packumentCache full:https://registry.npmjs.org/chalk cache-hit
2232 silly fetch manifest highlight.js@^10.7.1
2233 silly packumentCache full:https://registry.npmjs.org/highlight.js cache-miss
2234 silly fetch manifest mz@^2.4.0
2235 silly packumentCache full:https://registry.npmjs.org/mz cache-miss
2236 silly fetch manifest parse5@^5.1.1
2237 silly packumentCache full:https://registry.npmjs.org/parse5 cache-miss
2238 silly fetch manifest parse5-htmlparser2-tree-adapter@^6.0.0
2239 silly packumentCache full:https://registry.npmjs.org/parse5-htmlparser2-tree-adapter cache-miss
2240 silly fetch manifest yargs@^16.0.0
2241 silly packumentCache full:https://registry.npmjs.org/yargs cache-hit
2242 silly fetch manifest @sindresorhus/is@^4.6.0
2243 silly packumentCache full:https://registry.npmjs.org/@sindresorhus%2fis cache-miss
2244 silly fetch manifest char-regex@^1.0.2
2245 silly packumentCache full:https://registry.npmjs.org/char-regex cache-miss
2246 silly fetch manifest emojilib@^2.4.0
2247 silly packumentCache full:https://registry.npmjs.org/emojilib cache-miss
2248 silly fetch manifest skin-tone@^2.0.0
2249 silly packumentCache full:https://registry.npmjs.org/skin-tone cache-miss
2250 silly fetch manifest has-flag@^4.0.0
2251 silly packumentCache full:https://registry.npmjs.org/has-flag cache-miss
2252 silly fetch manifest supports-color@^7.0.0
2253 silly packumentCache full:https://registry.npmjs.org/supports-color cache-miss
2254 http fetch GET 200 https://registry.npmjs.org/mz 258ms (cache revalidated)
2255 silly packumentCache full:https://registry.npmjs.org/mz set size:42731 disposed:false
2256 http fetch GET 200 https://registry.npmjs.org/emojilib 256ms (cache revalidated)
2257 silly packumentCache full:https://registry.npmjs.org/emojilib set size:85905 disposed:false
2258 http fetch GET 200 https://registry.npmjs.org/skin-tone 259ms (cache revalidated)
2259 silly packumentCache full:https://registry.npmjs.org/skin-tone set size:16099 disposed:false
2260 http fetch GET 200 https://registry.npmjs.org/environment 271ms (cache revalidated)
2261 silly packumentCache full:https://registry.npmjs.org/environment set size:13915 disposed:false
2262 http fetch GET 200 https://registry.npmjs.org/highlight.js 276ms (cache revalidated)
2263 silly packumentCache full:https://registry.npmjs.org/highlight.js set size:1244415 disposed:false
2264 http fetch GET 200 https://registry.npmjs.org/parse5 297ms (cache revalidated)
2265 silly packumentCache full:https://registry.npmjs.org/parse5 set size:123116 disposed:false
2266 http fetch GET 200 https://registry.npmjs.org/supports-color 292ms (cache revalidated)
2267 silly packumentCache full:https://registry.npmjs.org/supports-color set size:124169 disposed:false
2268 http fetch GET 200 https://registry.npmjs.org/parse5-htmlparser2-tree-adapter 303ms (cache revalidated)
2269 silly packumentCache full:https://registry.npmjs.org/parse5-htmlparser2-tree-adapter set size:24244 disposed:false
2270 http fetch GET 200 https://registry.npmjs.org/has-flag 298ms (cache revalidated)
2271 silly packumentCache full:https://registry.npmjs.org/has-flag set size:15180 disposed:false
2272 http fetch GET 200 https://registry.npmjs.org/@sindresorhus%2fis 312ms (cache revalidated)
2273 silly packumentCache full:https://registry.npmjs.org/@sindresorhus%2fis set size:202184 disposed:false
2274 http fetch GET 200 https://registry.npmjs.org/char-regex 331ms (cache revalidated)
2275 silly packumentCache full:https://registry.npmjs.org/char-regex set size:20509 disposed:false
2276 silly placeDep node_modules/firebase-tools environment@1.1.0 OK for: ansi-escapes@7.3.0 want: ^1.0.0
2277 silly placeDep node_modules/firebase-tools/node_modules/cli-highlight chalk@4.1.2 OK for: cli-highlight@2.1.11 want: ^4.0.0
2278 silly placeDep node_modules/firebase-tools highlight.js@10.7.3 OK for: cli-highlight@2.1.11 want: ^10.7.1
2279 silly placeDep node_modules/firebase-tools mz@2.7.0 OK for: cli-highlight@2.1.11 want: ^2.4.0
2280 silly placeDep node_modules/firebase-tools parse5@5.1.1 OK for: cli-highlight@2.1.11 want: ^5.1.1
2281 silly placeDep node_modules/firebase-tools parse5-htmlparser2-tree-adapter@6.0.1 OK for: cli-highlight@2.1.11 want: ^6.0.0
2282 silly placeDep node_modules/firebase-tools/node_modules/cli-highlight yargs@16.2.2 OK for: cli-highlight@2.1.11 want: ^16.0.0
2283 silly fetch manifest ansi-styles@^4.1.0
2284 silly packumentCache full:https://registry.npmjs.org/ansi-styles cache-hit
2285 silly fetch manifest supports-color@^7.1.0
2286 silly packumentCache full:https://registry.npmjs.org/supports-color cache-hit
2287 silly fetch manifest any-promise@^1.0.0
2288 silly packumentCache full:https://registry.npmjs.org/any-promise cache-miss
2289 silly fetch manifest thenify-all@^1.0.0
2290 silly packumentCache full:https://registry.npmjs.org/thenify-all cache-miss
2291 silly fetch manifest parse5@^6.0.1
2292 silly packumentCache full:https://registry.npmjs.org/parse5 cache-hit
2293 silly fetch manifest cliui@^7.0.2
2294 silly packumentCache full:https://registry.npmjs.org/cliui cache-hit
2295 silly fetch manifest yargs-parser@^20.2.2
2296 silly packumentCache full:https://registry.npmjs.org/yargs-parser cache-hit
2297 http fetch GET 200 https://registry.npmjs.org/thenify-all 129ms (cache revalidated)
2298 silly packumentCache full:https://registry.npmjs.org/thenify-all set size:18488 disposed:false
2299 http fetch GET 200 https://registry.npmjs.org/any-promise 133ms (cache revalidated)
2300 silly packumentCache full:https://registry.npmjs.org/any-promise set size:20233 disposed:false
2301 silly placeDep node_modules/firebase-tools mime-db@1.52.0 OK for: mime-types@2.1.35 want: 1.52.0
2302 silly placeDep node_modules/firebase-tools brace-expansion@1.1.18 OK for: minimatch@3.1.5 want: ^1.1.7
2303 silly fetch manifest concat-map@0.0.1
2304 silly packumentCache full:https://registry.npmjs.org/concat-map cache-miss
2305 silly fetch manifest balanced-match@^1.0.0
2306 silly packumentCache full:https://registry.npmjs.org/balanced-match cache-miss
2307 http fetch GET 200 https://registry.npmjs.org/concat-map 106ms (cache revalidated)
2308 silly packumentCache full:https://registry.npmjs.org/concat-map set size:9290 disposed:false
2309 http fetch GET 200 https://registry.npmjs.org/balanced-match 108ms (cache revalidated)
2310 silly packumentCache full:https://registry.npmjs.org/balanced-match set size:39082 disposed:false
2311 silly placeDep node_modules/firebase-tools balanced-match@1.0.2 OK for: brace-expansion@1.1.18 want: ^1.0.0
2312 silly placeDep node_modules/firebase-tools concat-map@0.0.1 OK for: brace-expansion@1.1.18 want: 0.0.1
2313 silly placeDep node_modules/firebase-tools basic-auth@2.0.1 OK for: morgan@1.11.0 want: ~2.0.1
2314 silly placeDep node_modules/firebase-tools on-headers@1.1.0 OK for: morgan@1.11.0 want: ~1.1.0
2315 silly fetch manifest safe-buffer@5.1.2
2316 silly packumentCache full:https://registry.npmjs.org/safe-buffer cache-hit
2317 silly placeDep node_modules/firebase-tools/node_modules/basic-auth safe-buffer@5.1.2 OK for: basic-auth@2.0.1 want: 5.1.2
2318 silly placeDep node_modules/firebase-tools any-promise@1.3.0 OK for: mz@2.7.0 want: ^1.0.0
2319 silly placeDep node_modules/firebase-tools thenify-all@1.6.0 OK for: mz@2.7.0 want: ^1.0.0
2320 silly fetch manifest thenify@>= 3.1.0 < 4
2321 silly packumentCache full:https://registry.npmjs.org/thenify cache-miss
2322 http fetch GET 200 https://registry.npmjs.org/thenify 182ms (cache revalidated)
2323 silly packumentCache full:https://registry.npmjs.org/thenify set size:21379 disposed:false
2324 silly placeDep node_modules/firebase-tools @sindresorhus/is@4.6.0 OK for: node-emoji@2.2.0 want: ^4.6.0
2325 silly placeDep node_modules/firebase-tools char-regex@1.0.2 OK for: node-emoji@2.2.0 want: ^1.0.2
2326 silly placeDep node_modules/firebase-tools emojilib@2.4.0 OK for: node-emoji@2.2.0 want: ^2.4.0
2327 silly placeDep node_modules/firebase-tools skin-tone@2.0.0 OK for: node-emoji@2.2.0 want: ^2.0.0
2328 silly fetch manifest unicode-emoji-modifier-base@^1.0.0
2329 silly packumentCache full:https://registry.npmjs.org/unicode-emoji-modifier-base cache-miss
2330 http fetch GET 200 https://registry.npmjs.org/unicode-emoji-modifier-base 173ms (cache revalidated)
2331 silly packumentCache full:https://registry.npmjs.org/unicode-emoji-modifier-base set size:4638 disposed:false
2332 silly placeDep node_modules/firebase-tools whatwg-url@5.0.0 OK for: node-fetch@2.7.0 want: ^5.0.0
2333 silly fetch manifest tr46@~0.0.3
2334 silly packumentCache full:https://registry.npmjs.org/tr46 cache-miss
2335 silly fetch manifest webidl-conversions@^3.0.0
2336 silly packumentCache full:https://registry.npmjs.org/webidl-conversions cache-miss
2337 http fetch GET 200 https://registry.npmjs.org/tr46 128ms (cache revalidated)
2338 silly packumentCache full:https://registry.npmjs.org/tr46 set size:47377 disposed:false
2339 http fetch GET 200 https://registry.npmjs.org/webidl-conversions 130ms (cache revalidated)
2340 silly packumentCache full:https://registry.npmjs.org/webidl-conversions set size:46073 disposed:false
2341 silly placeDep node_modules/firebase-tools ee-first@1.1.1 OK for: on-finished@2.4.1 want: 1.1.1
2342 silly placeDep node_modules/firebase-tools wrappy@1.0.2 OK for: once@1.4.0 want: 1
2343 silly placeDep node_modules/firebase-tools is-wsl@1.1.0 OK for: open@6.4.0 want: ^1.1.0
2344 silly placeDep node_modules/firebase-tools bl@4.1.0 OK for: ora@5.4.1 want: ^4.1.0
2345 silly placeDep node_modules/firebase-tools/node_modules/ora chalk@4.1.2 OK for: ora@5.4.1 want: ^4.1.0
2346 silly placeDep node_modules/firebase-tools cli-cursor@3.1.0 OK for: ora@5.4.1 want: ^3.1.0
2347 silly placeDep node_modules/firebase-tools cli-spinners@2.9.2 OK for: ora@5.4.1 want: ^2.5.0
2348 silly placeDep node_modules/firebase-tools is-interactive@1.0.0 OK for: ora@5.4.1 want: ^1.0.0
2349 silly placeDep node_modules/firebase-tools is-unicode-supported@0.1.0 OK for: ora@5.4.1 want: ^0.1.0
2350 silly placeDep node_modules/firebase-tools log-symbols@4.1.0 OK for: ora@5.4.1 want: ^4.1.0
2351 silly placeDep node_modules/firebase-tools/node_modules/ora strip-ansi@6.0.1 OK for: ora@5.4.1 want: ^6.0.0
2352 silly placeDep node_modules/firebase-tools wcwidth@1.0.1 OK for: ora@5.4.1 want: ^1.0.1
2353 silly fetch manifest buffer@^5.5.0
2354 silly packumentCache full:https://registry.npmjs.org/buffer cache-hit
2355 silly fetch manifest restore-cursor@^3.1.0
2356 silly packumentCache full:https://registry.npmjs.org/restore-cursor cache-miss
2357 silly fetch manifest defaults@^1.0.3
2358 silly packumentCache full:https://registry.npmjs.org/defaults cache-miss
2359 http fetch GET 200 https://registry.npmjs.org/defaults 142ms (cache revalidated)
2360 silly packumentCache full:https://registry.npmjs.org/defaults set size:18134 disposed:false
2361 http fetch GET 200 https://registry.npmjs.org/restore-cursor 150ms (cache revalidated)
2362 silly packumentCache full:https://registry.npmjs.org/restore-cursor set size:17895 disposed:false
2363 silly placeDep node_modules/firebase-tools buffer@5.7.1 OK for: bl@4.1.0 want: ^5.5.0
2364 silly placeDep node_modules/firebase-tools/node_modules/bl readable-stream@3.6.2 OK for: bl@4.1.0 want: ^3.4.0
2365 silly fetch manifest ieee754@^1.1.13
2366 silly packumentCache full:https://registry.npmjs.org/ieee754 cache-miss
2367 http fetch GET 200 https://registry.npmjs.org/ieee754 102ms (cache revalidated)
2368 silly packumentCache full:https://registry.npmjs.org/ieee754 set size:34910 disposed:false
2369 silly placeDep node_modules/firebase-tools ieee754@1.2.1 OK for: buffer@5.7.1 want: ^1.1.13
2370 silly placeDep node_modules/firebase-tools restore-cursor@3.1.0 OK for: cli-cursor@3.1.0 want: ^3.1.0
2371 silly fetch manifest onetime@^5.1.0
2372 silly packumentCache full:https://registry.npmjs.org/onetime cache-miss
2373 http fetch GET 200 https://registry.npmjs.org/onetime 91ms (cache revalidated)
2374 silly packumentCache full:https://registry.npmjs.org/onetime set size:32314 disposed:false
2375 silly placeDep node_modules/firebase-tools/node_modules/log-symbols chalk@4.1.2 OK for: log-symbols@4.1.0 want: ^4.1.0
2376 silly placeDep node_modules/firebase-tools/node_modules/parse5-htmlparser2-tree-adapter parse5@6.0.1 OK for: parse5-htmlparser2-tree-adapter@6.0.1 want: ^6.0.1
2377 silly placeDep node_modules/firebase-tools lru-cache@10.4.3 OK for: path-scurry@1.11.1 want: ^10.2.0
2378 silly fetch manifest pg@>=8.0
2379 silly packumentCache full:https://registry.npmjs.org/pg cache-hit
2380 silly placeDep node_modules/firebase-tools pg-cloudflare@1.4.0 OK for: pg@8.22.0 want: ^1.4.0
2381 silly placeDep node_modules/firebase-tools pg-connection-string@2.14.0 OK for: pg@8.22.0 want: ^2.14.0
2382 silly placeDep node_modules/firebase-tools pg-pool@3.14.0 OK for: pg@8.22.0 want: ^3.14.0
2383 silly placeDep node_modules/firebase-tools pg-protocol@1.15.0 OK for: pg@8.22.0 want: ^1.15.0
2384 silly placeDep node_modules/firebase-tools pg-types@2.2.0 OK for: pg@8.22.0 want: 2.2.0
2385 silly placeDep node_modules/firebase-tools pgpass@1.0.5 OK for: pg@8.22.0 want: 1.0.5
2386 silly fetch manifest pg-int8@1.0.1
2387 silly packumentCache full:https://registry.npmjs.org/pg-int8 cache-miss
2388 silly fetch manifest postgres-date@~1.0.4
2389 silly packumentCache full:https://registry.npmjs.org/postgres-date cache-miss
2390 silly fetch manifest postgres-array@~2.0.0
2391 silly packumentCache full:https://registry.npmjs.org/postgres-array cache-miss
2392 silly fetch manifest postgres-bytea@~1.0.0
2393 silly packumentCache full:https://registry.npmjs.org/postgres-bytea cache-miss
2394 silly fetch manifest postgres-interval@^1.1.0
2395 silly packumentCache full:https://registry.npmjs.org/postgres-interval cache-miss
2396 silly fetch manifest split2@^4.1.0
2397 silly packumentCache full:https://registry.npmjs.org/split2 cache-miss
2398 http fetch GET 200 https://registry.npmjs.org/pg-int8 126ms (cache revalidated)
2399 silly packumentCache full:https://registry.npmjs.org/pg-int8 set size:3652 disposed:false
2400 http fetch GET 200 https://registry.npmjs.org/postgres-date 127ms (cache revalidated)
2401 silly packumentCache full:https://registry.npmjs.org/postgres-date set size:27126 disposed:false
2402 http fetch GET 200 https://registry.npmjs.org/split2 125ms (cache revalidated)
2403 silly packumentCache full:https://registry.npmjs.org/split2 set size:47438 disposed:false
2404 http fetch GET 200 https://registry.npmjs.org/postgres-interval 128ms (cache revalidated)
2405 silly packumentCache full:https://registry.npmjs.org/postgres-interval set size:33033 disposed:false
2406 http fetch GET 200 https://registry.npmjs.org/postgres-bytea 131ms (cache revalidated)
2407 silly packumentCache full:https://registry.npmjs.org/postgres-bytea set size:8854 disposed:false
2408 http fetch GET 200 https://registry.npmjs.org/postgres-array 134ms (cache revalidated)
2409 silly packumentCache full:https://registry.npmjs.org/postgres-array set size:21967 disposed:false
2410 silly placeDep node_modules/firebase-tools pg-int8@1.0.1 OK for: pg-types@2.2.0 want: 1.0.1
2411 silly placeDep node_modules/firebase-tools postgres-array@2.0.0 OK for: pg-types@2.2.0 want: ~2.0.0
2412 silly placeDep node_modules/firebase-tools postgres-bytea@1.0.1 OK for: pg-types@2.2.0 want: ~1.0.0
2413 silly placeDep node_modules/firebase-tools postgres-date@1.0.7 OK for: pg-types@2.2.0 want: ~1.0.4
2414 silly placeDep node_modules/firebase-tools postgres-interval@1.2.0 OK for: pg-types@2.2.0 want: ^1.1.0
2415 silly fetch manifest xtend@^4.0.0
2416 silly packumentCache full:https://registry.npmjs.org/xtend cache-miss
2417 http fetch GET 200 https://registry.npmjs.org/xtend 188ms (cache revalidated)
2418 silly packumentCache full:https://registry.npmjs.org/xtend set size:28314 disposed:false
2419 silly placeDep node_modules/firebase-tools split2@4.2.0 OK for: pgpass@1.0.5 want: ^4.1.0
2420 silly placeDep node_modules/firebase-tools/node_modules/portfinder debug@4.4.3 OK for: portfinder@1.0.38 want: ^4.3.6
2421 silly placeDep node_modules/firebase-tools xtend@4.0.2 OK for: postgres-interval@1.2.0 want: ^4.0.0
2422 silly placeDep node_modules/firebase-tools @protobufjs/aspromise@1.1.2 OK for: protobufjs@7.6.5 want: ^1.1.2
2423 silly placeDep node_modules/firebase-tools @protobufjs/base64@1.1.2 OK for: protobufjs@7.6.5 want: ^1.1.2
2424 silly placeDep node_modules/firebase-tools @protobufjs/codegen@2.0.5 OK for: protobufjs@7.6.5 want: ^2.0.5
2425 silly placeDep node_modules/firebase-tools @protobufjs/eventemitter@1.1.1 OK for: protobufjs@7.6.5 want: ^1.1.1
2426 silly placeDep node_modules/firebase-tools @protobufjs/fetch@1.1.1 OK for: protobufjs@7.6.5 want: ^1.1.1
2427 silly placeDep node_modules/firebase-tools @protobufjs/float@1.0.2 OK for: protobufjs@7.6.5 want: ^1.0.2
2428 silly placeDep node_modules/firebase-tools @protobufjs/path@1.1.2 OK for: protobufjs@7.6.5 want: ^1.1.2
2429 silly placeDep node_modules/firebase-tools @protobufjs/pool@1.1.0 OK for: protobufjs@7.6.5 want: ^1.1.0
2430 silly placeDep node_modules/firebase-tools @protobufjs/utf8@1.1.2 OK for: protobufjs@7.6.5 want: ^1.1.1
2431 silly placeDep node_modules/firebase-tools @types/node@26.1.2 OK for: protobufjs@7.6.5 want: >=13.7.0
2432 silly fetch manifest undici-types@~8.3.0
2433 silly packumentCache full:https://registry.npmjs.org/undici-types cache-miss
2434 http fetch GET 200 https://registry.npmjs.org/undici-types 116ms (cache revalidated)
2435 silly packumentCache full:https://registry.npmjs.org/undici-types set size:250438 disposed:false
2436 silly placeDep node_modules/firebase-tools undici-types@8.3.0 OK for: @types/node@26.1.2 want: ~8.3.0
2437 silly placeDep node_modules/firebase-tools forwarded@0.2.0 OK for: proxy-addr@2.0.7 want: 0.2.0
2438 silly placeDep node_modules/firebase-tools ipaddr.js@1.9.1 OK for: proxy-addr@2.0.7 want: 1.9.1
2439 silly placeDep node_modules/firebase-tools/node_modules/proxy-agent debug@4.4.3 OK for: proxy-agent@6.5.0 want: ^4.3.4
2440 silly placeDep node_modules/firebase-tools http-proxy-agent@7.0.2 OK for: proxy-agent@6.5.0 want: ^7.0.1
2441 silly placeDep node_modules/firebase-tools/node_modules/proxy-agent lru-cache@7.18.3 OK for: proxy-agent@6.5.0 want: ^7.14.1
2442 silly placeDep node_modules/firebase-tools pac-proxy-agent@7.2.0 OK for: proxy-agent@6.5.0 want: ^7.1.0
2443 silly placeDep node_modules/firebase-tools proxy-from-env@1.1.0 OK for: proxy-agent@6.5.0 want: ^1.1.0
2444 silly placeDep node_modules/firebase-tools socks-proxy-agent@8.0.5 OK for: proxy-agent@6.5.0 want: ^8.0.5
2445 silly fetch manifest get-uri@^6.0.1
2446 silly packumentCache full:https://registry.npmjs.org/get-uri cache-miss
2447 silly fetch manifest pac-resolver@^7.0.1
2448 silly packumentCache full:https://registry.npmjs.org/pac-resolver cache-miss
2449 silly fetch manifest @tootallnate/quickjs-emscripten@^0.23.0
2450 silly packumentCache full:https://registry.npmjs.org/@tootallnate%2fquickjs-emscripten cache-miss
2451 silly fetch manifest socks@^2.8.3
2452 silly packumentCache full:https://registry.npmjs.org/socks cache-miss
2453 http fetch GET 200 https://registry.npmjs.org/get-uri 119ms (cache revalidated)
2454 silly packumentCache full:https://registry.npmjs.org/get-uri set size:64835 disposed:false
2455 http fetch GET 200 https://registry.npmjs.org/pac-resolver 120ms (cache revalidated)
2456 silly packumentCache full:https://registry.npmjs.org/pac-resolver set size:61269 disposed:false
2457 http fetch GET 200 https://registry.npmjs.org/socks 121ms (cache revalidated)
2458 silly packumentCache full:https://registry.npmjs.org/socks set size:173143 disposed:false
2459 http fetch GET 200 https://registry.npmjs.org/@tootallnate%2fquickjs-emscripten 131ms (cache revalidated)
2460 silly packumentCache full:https://registry.npmjs.org/@tootallnate%2fquickjs-emscripten set size:27622 disposed:false
2461 silly placeDep node_modules/firebase-tools/node_modules/http-proxy-agent debug@4.4.3 OK for: http-proxy-agent@7.0.2 want: ^4.3.4
2462 silly placeDep node_modules/firebase-tools @tootallnate/quickjs-emscripten@0.23.0 OK for: pac-proxy-agent@7.2.0 want: ^0.23.0
2463 silly placeDep node_modules/firebase-tools/node_modules/pac-proxy-agent debug@4.4.3 OK for: pac-proxy-agent@7.2.0 want: ^4.3.4
2464 silly placeDep node_modules/firebase-tools get-uri@6.0.5 OK for: pac-proxy-agent@7.2.0 want: ^6.0.1
2465 silly placeDep node_modules/firebase-tools pac-resolver@7.0.1 OK for: pac-proxy-agent@7.2.0 want: ^7.0.1
2466 silly fetch manifest basic-ftp@^5.0.2
2467 silly packumentCache full:https://registry.npmjs.org/basic-ftp cache-miss
2468 silly fetch manifest data-uri-to-buffer@^6.0.2
2469 silly packumentCache full:https://registry.npmjs.org/data-uri-to-buffer cache-hit
2470 silly fetch manifest netmask@^2.0.2
2471 silly packumentCache full:https://registry.npmjs.org/netmask cache-miss
2472 silly fetch manifest degenerator@^5.0.0
2473 silly packumentCache full:https://registry.npmjs.org/degenerator cache-miss
2474 http fetch GET 200 https://registry.npmjs.org/netmask 111ms (cache revalidated)
2475 silly packumentCache full:https://registry.npmjs.org/netmask set size:25703 disposed:false
2476 http fetch GET 200 https://registry.npmjs.org/degenerator 113ms (cache revalidated)
2477 silly packumentCache full:https://registry.npmjs.org/degenerator set size:77133 disposed:false
2478 http fetch GET 200 https://registry.npmjs.org/basic-ftp 122ms (cache revalidated)
2479 silly packumentCache full:https://registry.npmjs.org/basic-ftp set size:305048 disposed:false
2480 silly placeDep node_modules/firebase-tools basic-ftp@5.3.1 OK for: get-uri@6.0.5 want: ^5.0.2
2481 silly placeDep node_modules/firebase-tools data-uri-to-buffer@6.0.2 OK for: get-uri@6.0.5 want: ^6.0.2
2482 silly placeDep node_modules/firebase-tools/node_modules/get-uri debug@4.4.3 OK for: get-uri@6.0.5 want: ^4.3.4
2483 silly placeDep node_modules/firebase-tools degenerator@5.0.1 OK for: pac-resolver@7.0.1 want: ^5.0.0
2484 silly placeDep node_modules/firebase-tools netmask@2.1.1 OK for: pac-resolver@7.0.1 want: ^2.0.2
2485 silly fetch manifest esprima@^4.0.1
2486 silly packumentCache full:https://registry.npmjs.org/esprima cache-miss
2487 silly fetch manifest ast-types@^0.13.4
2488 silly packumentCache full:https://registry.npmjs.org/ast-types cache-miss
2489 silly fetch manifest escodegen@^2.1.0
2490 silly packumentCache full:https://registry.npmjs.org/escodegen cache-miss
2491 http fetch GET 200 https://registry.npmjs.org/escodegen 198ms (cache revalidated)
2492 silly packumentCache full:https://registry.npmjs.org/escodegen set size:119723 disposed:false
2493 http fetch GET 200 https://registry.npmjs.org/esprima 210ms (cache revalidated)
2494 silly packumentCache full:https://registry.npmjs.org/esprima set size:118410 disposed:false
2495 http fetch GET 200 https://registry.npmjs.org/ast-types 215ms (cache revalidated)
2496 silly packumentCache full:https://registry.npmjs.org/ast-types set size:443020 disposed:false
2497 silly placeDep node_modules/firebase-tools ast-types@0.13.4 OK for: degenerator@5.0.1 want: ^0.13.4
2498 silly placeDep node_modules/firebase-tools escodegen@2.1.0 OK for: degenerator@5.0.1 want: ^2.1.0
2499 silly placeDep node_modules/firebase-tools esprima@4.0.1 OK for: degenerator@5.0.1 want: ^4.0.1
2500 silly fetch manifest tslib@^2.0.1
2501 silly packumentCache full:https://registry.npmjs.org/tslib cache-miss
2502 silly fetch manifest estraverse@^5.2.0
2503 silly packumentCache full:https://registry.npmjs.org/estraverse cache-miss
2504 silly fetch manifest esutils@^2.0.2
2505 silly packumentCache full:https://registry.npmjs.org/esutils cache-miss
2506 silly fetch manifest source-map@~0.6.1
2507 silly packumentCache full:https://registry.npmjs.org/source-map cache-miss
2508 http fetch GET 200 https://registry.npmjs.org/estraverse 123ms (cache revalidated)
2509 silly packumentCache full:https://registry.npmjs.org/estraverse set size:62412 disposed:false
2510 http fetch GET 200 https://registry.npmjs.org/esutils 125ms (cache revalidated)
2511 silly packumentCache full:https://registry.npmjs.org/esutils set size:29522 disposed:false
2512 http fetch GET 200 https://registry.npmjs.org/tslib 129ms (cache revalidated)
2513 silly packumentCache full:https://registry.npmjs.org/tslib set size:108843 disposed:false
2514 http fetch GET 200 https://registry.npmjs.org/source-map 128ms (cache revalidated)
2515 silly packumentCache full:https://registry.npmjs.org/source-map set size:231637 disposed:false
2516 silly placeDep node_modules/firebase-tools tslib@2.8.1 OK for: ast-types@0.13.4 want: ^2.0.1
2517 silly placeDep node_modules/firebase-tools estraverse@5.3.0 OK for: escodegen@2.1.0 want: ^5.2.0
2518 silly placeDep node_modules/firebase-tools esutils@2.0.3 OK for: escodegen@2.1.0 want: ^2.0.2
2519 silly placeDep node_modules/firebase-tools source-map@0.6.1 OK for: escodegen@2.1.0 want: ~0.6.1
2520 silly placeDep node_modules/firebase-tools side-channel@1.1.1 OK for: qs@6.15.3 want: ^1.1.1
2521 silly fetch manifest object-inspect@^1.13.4
2522 silly packumentCache full:https://registry.npmjs.org/object-inspect cache-miss
2523 silly fetch manifest side-channel-list@^1.0.1
2524 silly packumentCache full:https://registry.npmjs.org/side-channel-list cache-miss
2525 silly fetch manifest side-channel-map@^1.0.1
2526 silly packumentCache full:https://registry.npmjs.org/side-channel-map cache-miss
2527 silly fetch manifest side-channel-weakmap@^1.0.2
2528 silly packumentCache full:https://registry.npmjs.org/side-channel-weakmap cache-miss
2529 http fetch GET 200 https://registry.npmjs.org/side-channel-list 116ms (cache revalidated)
2530 silly packumentCache full:https://registry.npmjs.org/side-channel-list set size:9021 disposed:false
2531 http fetch GET 200 https://registry.npmjs.org/side-channel-map 117ms (cache revalidated)
2532 silly packumentCache full:https://registry.npmjs.org/side-channel-map set size:9126 disposed:false
2533 http fetch GET 200 https://registry.npmjs.org/side-channel-weakmap 117ms (cache revalidated)
2534 silly packumentCache full:https://registry.npmjs.org/side-channel-weakmap set size:12620 disposed:false
2535 http fetch GET 200 https://registry.npmjs.org/object-inspect 122ms (cache revalidated)
2536 silly packumentCache full:https://registry.npmjs.org/object-inspect set size:101927 disposed:false
2537 silly placeDep node_modules/firebase-tools/node_modules/readable-stream buffer@6.0.3 OK for: readable-stream@4.7.0 want: ^6.0.3
2538 silly placeDep node_modules/firebase-tools events@3.3.0 OK for: readable-stream@4.7.0 want: ^3.3.0
2539 silly placeDep node_modules/firebase-tools process@0.11.10 OK for: readable-stream@4.7.0 want: ^0.11.10
2540 silly placeDep node_modules/firebase-tools string_decoder@1.3.0 OK for: readable-stream@4.7.0 want: ^1.3.0
2541 silly placeDep node_modules/firebase-tools/node_modules/readdir-glob minimatch@5.1.9 OK for: readdir-glob@1.1.3 want: ^5.1.0
2542 silly fetch manifest brace-expansion@^2.0.1
2543 silly packumentCache full:https://registry.npmjs.org/brace-expansion cache-hit
2544 silly placeDep node_modules/firebase-tools onetime@5.1.2 OK for: restore-cursor@3.1.0 want: ^5.1.0
2545 silly placeDep node_modules/firebase-tools/node_modules/restore-cursor signal-exit@3.0.7 OK for: restore-cursor@3.1.0 want: ^3.0.2
2546 silly fetch manifest mimic-fn@^2.1.0
2547 silly packumentCache full:https://registry.npmjs.org/mimic-fn cache-miss
2548 http fetch GET 200 https://registry.npmjs.org/mimic-fn 103ms (cache revalidated)
2549 silly packumentCache full:https://registry.npmjs.org/mimic-fn set size:22257 disposed:false
2550 silly placeDep node_modules/firebase-tools mimic-fn@2.1.0 OK for: onetime@5.1.2 want: ^2.1.0
2551 silly placeDep node_modules/firebase-tools teeny-request@10.1.4 OK for: retry-request@8.0.4 want: ^10.0.0
2552 silly fetch manifest stream-events@^1.0.5
2553 silly packumentCache full:https://registry.npmjs.org/stream-events cache-miss
2554 http fetch GET 200 https://registry.npmjs.org/stream-events 93ms (cache revalidated)
2555 silly packumentCache full:https://registry.npmjs.org/stream-events set size:12460 disposed:false
2556 silly placeDep node_modules/firebase-tools/node_modules/send mime@1.6.0 OK for: send@0.19.2 want: 1.6.0
2557 silly placeDep node_modules/firebase-tools/node_modules/send ms@2.1.3 OK for: send@0.19.2 want: 2.1.3
2558 silly placeDep node_modules/firebase-tools shebang-regex@3.0.0 OK for: shebang-command@2.0.0 want: ^3.0.0
2559 silly placeDep node_modules/firebase-tools object-inspect@1.13.4 OK for: side-channel@1.1.1 want: ^1.13.4
2560 silly placeDep node_modules/firebase-tools side-channel-list@1.0.1 OK for: side-channel@1.1.1 want: ^1.0.1
2561 silly placeDep node_modules/firebase-tools side-channel-map@1.0.1 OK for: side-channel@1.1.1 want: ^1.0.1
2562 silly placeDep node_modules/firebase-tools side-channel-weakmap@1.0.2 OK for: side-channel@1.1.1 want: ^1.0.2
2563 silly fetch manifest call-bound@^1.0.2
2564 silly packumentCache full:https://registry.npmjs.org/call-bound cache-miss
2565 silly fetch manifest call-bound@^1.0.2
2566 silly packumentCache full:https://registry.npmjs.org/call-bound cache-miss
2567 http fetch GET 200 https://registry.npmjs.org/call-bound 199ms (cache revalidated)
2568 silly packumentCache full:https://registry.npmjs.org/call-bound set size:15317 disposed:false
2569 http fetch GET 200 https://registry.npmjs.org/call-bound 200ms (cache revalidated)
2570 silly packumentCache full:https://registry.npmjs.org/call-bound set size:15317 disposed:false
2571 silly packumentCache full:https://registry.npmjs.org/call-bound dispose
2572 silly placeDep node_modules/firebase-tools call-bound@1.0.4 OK for: side-channel-map@1.0.1 want: ^1.0.2
2573 silly placeDep node_modules/firebase-tools unicode-emoji-modifier-base@1.0.0 OK for: skin-tone@2.0.0 want: ^1.0.0
2574 silly placeDep node_modules/firebase-tools/node_modules/socks-proxy-agent debug@4.4.3 OK for: socks-proxy-agent@8.0.5 want: ^4.3.4
2575 silly placeDep node_modules/firebase-tools socks@2.8.9 OK for: socks-proxy-agent@8.0.5 want: ^2.8.3
2576 silly fetch manifest smart-buffer@^4.2.0
2577 silly packumentCache full:https://registry.npmjs.org/smart-buffer cache-miss
2578 http fetch GET 200 https://registry.npmjs.org/smart-buffer 88ms (cache revalidated)
2579 silly packumentCache full:https://registry.npmjs.org/smart-buffer set size:87065 disposed:false
2580 silly placeDep node_modules/firebase-tools smart-buffer@4.2.0 OK for: socks@2.8.9 want: ^4.2.0
2581 silly placeDep node_modules/firebase-tools nearley@2.20.1 OK for: sql-formatter@15.8.2 want: ^2.20.1
2582 silly fetch manifest commander@^2.19.0
2583 silly packumentCache full:https://registry.npmjs.org/commander cache-hit
2584 silly fetch manifest moo@^0.5.0
2585 silly packumentCache full:https://registry.npmjs.org/moo cache-miss
2586 silly fetch manifest railroad-diagrams@^1.0.0
2587 silly packumentCache full:https://registry.npmjs.org/railroad-diagrams cache-miss
2588 silly fetch manifest randexp@0.4.6
2589 silly packumentCache full:https://registry.npmjs.org/randexp cache-miss
2590 http fetch GET 200 https://registry.npmjs.org/randexp 229ms (cache revalidated)
2591 silly packumentCache full:https://registry.npmjs.org/randexp set size:39459 disposed:false
2592 http fetch GET 200 https://registry.npmjs.org/moo 292ms (cache revalidated)
2593 silly packumentCache full:https://registry.npmjs.org/moo set size:41090 disposed:false
2594 http fetch GET 200 https://registry.npmjs.org/railroad-diagrams 304ms (cache revalidated)
2595 silly packumentCache full:https://registry.npmjs.org/railroad-diagrams set size:8398 disposed:false
2596 silly placeDep node_modules/firebase-tools/node_modules/nearley commander@2.20.3 OK for: nearley@2.20.1 want: ^2.19.0
2597 silly placeDep node_modules/firebase-tools moo@0.5.3 OK for: nearley@2.20.1 want: ^0.5.0
2598 silly placeDep node_modules/firebase-tools railroad-diagrams@1.0.0 OK for: nearley@2.20.1 want: ^1.0.0
2599 silly placeDep node_modules/firebase-tools randexp@0.4.6 OK for: nearley@2.20.1 want: 0.4.6
2600 silly fetch manifest discontinuous-range@1.0.0
2601 silly packumentCache full:https://registry.npmjs.org/discontinuous-range cache-miss
2602 silly fetch manifest ret@~0.1.10
2603 silly packumentCache full:https://registry.npmjs.org/ret cache-miss
2604 http fetch GET 200 https://registry.npmjs.org/discontinuous-range 97ms (cache revalidated)
2605 silly packumentCache full:https://registry.npmjs.org/discontinuous-range set size:7648 disposed:false
2606 http fetch GET 200 https://registry.npmjs.org/ret 98ms (cache revalidated)
2607 silly packumentCache full:https://registry.npmjs.org/ret set size:59258 disposed:false
2608 silly placeDep node_modules/firebase-tools discontinuous-range@1.0.0 OK for: randexp@0.4.6 want: 1.0.0
2609 silly placeDep node_modules/firebase-tools ret@0.1.15 OK for: randexp@0.4.6 want: ~0.1.10
2610 silly placeDep node_modules/firebase-tools emoji-regex@8.0.0 OK for: string-width@4.2.3 want: ^8.0.0
2611 silly placeDep node_modules/firebase-tools is-fullwidth-code-point@3.0.0 OK for: string-width@4.2.3 want: ^3.0.0
2612 silly placeDep node_modules/firebase-tools/node_modules/string-width strip-ansi@6.0.1 OK for: string-width@4.2.3 want: ^6.0.1
2613 silly placeDep node_modules/firebase-tools/node_modules/string-width-cjs strip-ansi@6.0.1 OK for: string-width@4.2.3 want: ^6.0.1
2614 silly placeDep node_modules/firebase-tools/node_modules/strip-ansi-cjs ansi-regex@5.0.1 OK for: strip-ansi@6.0.1 want: ^5.0.1
2615 silly placeDep node_modules/firebase-tools basic-auth-connect@1.1.0 OK for: superstatic@10.0.0 want: ^1.1.0
2616 silly placeDep node_modules/firebase-tools/node_modules/superstatic commander@10.0.1 OK for: superstatic@10.0.0 want: ^10.0.0
2617 silly placeDep node_modules/firebase-tools compression@1.8.1 OK for: superstatic@10.0.0 want: ^1.7.0
2618 silly placeDep node_modules/firebase-tools connect@3.7.0 OK for: superstatic@10.0.0 want: ^3.7.0
2619 silly placeDep node_modules/firebase-tools glob-slasher@1.0.1 OK for: superstatic@10.0.0 want: ^1.0.1
2620 silly placeDep node_modules/firebase-tools is-url@1.2.4 OK for: superstatic@10.0.0 want: ^1.2.2
2621 silly placeDep node_modules/firebase-tools join-path@1.1.1 OK for: superstatic@10.0.0 want: ^1.1.1
2622 silly placeDep node_modules/firebase-tools/node_modules/superstatic minimatch@6.2.3 OK for: superstatic@10.0.0 want: ^6.1.6
2623 silly placeDep node_modules/firebase-tools/node_modules/superstatic path-to-regexp@1.9.0 OK for: superstatic@10.0.0 want: ^1.9.0
2624 silly placeDep node_modules/firebase-tools re2@1.26.1 OK for: superstatic@10.0.0 want: ^1.17.7
2625 silly placeDep node_modules/firebase-tools router@2.2.0 OK for: superstatic@10.0.0 want: ^2.0.0
2626 silly fetch manifest tsscmp@^1.0.6
2627 silly packumentCache full:https://registry.npmjs.org/tsscmp cache-miss
2628 silly fetch manifest negotiator@~0.6.4
2629 silly packumentCache full:https://registry.npmjs.org/negotiator cache-hit
2630 silly fetch manifest compressible@~2.0.18
2631 silly packumentCache full:https://registry.npmjs.org/compressible cache-miss
2632 silly fetch manifest finalhandler@1.1.2
2633 silly packumentCache full:https://registry.npmjs.org/finalhandler cache-hit
2634 silly fetch manifest glob-slash@^1.0.0
2635 silly packumentCache full:https://registry.npmjs.org/glob-slash cache-miss
2636 silly fetch manifest lodash.isobject@^2.4.1
2637 silly packumentCache full:https://registry.npmjs.org/lodash.isobject cache-miss
2638 silly fetch manifest toxic@^1.0.0
2639 silly packumentCache full:https://registry.npmjs.org/toxic cache-miss
2640 silly fetch manifest as-array@^2.0.0
2641 silly packumentCache full:https://registry.npmjs.org/as-array cache-miss
2642 silly fetch manifest valid-url@^1
2643 silly packumentCache full:https://registry.npmjs.org/valid-url cache-miss
2644 silly fetch manifest url-join@0.0.1
2645 silly packumentCache full:https://registry.npmjs.org/url-join cache-miss
2646 silly fetch manifest isarray@0.0.1
2647 silly packumentCache full:https://registry.npmjs.org/isarray cache-hit
2648 silly fetch manifest install-artifact-from-github@^1.7.0
2649 silly packumentCache full:https://registry.npmjs.org/install-artifact-from-github cache-miss
2650 silly fetch manifest nan@^2.28.0
2651 silly packumentCache full:https://registry.npmjs.org/nan cache-miss
2652 silly fetch manifest node-gyp@^13.0.1
2653 silly packumentCache full:https://registry.npmjs.org/node-gyp cache-miss
2654 http fetch GET 200 https://registry.npmjs.org/tsscmp 238ms (cache revalidated)
2655 silly packumentCache full:https://registry.npmjs.org/tsscmp set size:13313 disposed:false
2656 silly fetch manifest is-promise@^4.0.0
2657 silly packumentCache full:https://registry.npmjs.org/is-promise cache-miss
2658 http fetch GET 200 https://registry.npmjs.org/lodash.isobject 240ms (cache revalidated)
2659 silly packumentCache full:https://registry.npmjs.org/lodash.isobject set size:20426 disposed:false
2660 silly fetch manifest path-to-regexp@^8.0.0
2661 silly packumentCache full:https://registry.npmjs.org/path-to-regexp cache-hit
2662 http fetch GET 200 https://registry.npmjs.org/toxic 247ms (cache revalidated)
2663 silly packumentCache full:https://registry.npmjs.org/toxic set size:5327 disposed:false
2664 http fetch GET 200 https://registry.npmjs.org/nan 242ms (cache revalidated)
2665 silly packumentCache full:https://registry.npmjs.org/nan set size:245791 disposed:false
2666 http fetch GET 200 https://registry.npmjs.org/node-gyp 244ms (cache revalidated)
2667 silly packumentCache full:https://registry.npmjs.org/node-gyp set size:325455 disposed:false
2668 http fetch GET 200 https://registry.npmjs.org/as-array 256ms (cache revalidated)
2669 silly packumentCache full:https://registry.npmjs.org/as-array set size:7293 disposed:false
2670 http fetch GET 200 https://registry.npmjs.org/compressible 262ms (cache revalidated)
2671 silly packumentCache full:https://registry.npmjs.org/compressible set size:61733 disposed:false
2672 http fetch GET 200 https://registry.npmjs.org/glob-slash 263ms (cache revalidated)
2673 silly packumentCache full:https://registry.npmjs.org/glob-slash set size:2455 disposed:false
2674 http fetch GET 200 https://registry.npmjs.org/url-join 261ms (cache revalidated)
2675 silly packumentCache full:https://registry.npmjs.org/url-join set size:22958 disposed:false
2676 http fetch GET 200 https://registry.npmjs.org/install-artifact-from-github 299ms (cache revalidated)
2677 silly packumentCache full:https://registry.npmjs.org/install-artifact-from-github set size:51277 disposed:false
2678 http fetch GET 200 https://registry.npmjs.org/valid-url 338ms (cache revalidated)
2679 silly packumentCache full:https://registry.npmjs.org/valid-url set size:40090 disposed:false
2680 http fetch GET 200 https://registry.npmjs.org/is-promise 139ms (cache revalidated)
2681 silly packumentCache full:https://registry.npmjs.org/is-promise set size:18599 disposed:false
2682 silly placeDep node_modules/firebase-tools tsscmp@1.0.6 OK for: basic-auth-connect@1.1.0 want: ^1.0.6
2683 silly placeDep node_modules/firebase-tools compressible@2.0.18 OK for: compression@1.8.1 want: ~2.0.18
2684 silly placeDep node_modules/firebase-tools/node_modules/compression negotiator@0.6.4 OK for: compression@1.8.1 want: ~0.6.4
2685 silly placeDep node_modules/firebase-tools/node_modules/connect finalhandler@1.1.2 OK for: connect@3.7.0 want: 1.1.2
2686 silly fetch manifest statuses@~1.5.0
2687 silly packumentCache full:https://registry.npmjs.org/statuses cache-hit
2688 silly fetch manifest encodeurl@~1.0.2
2689 silly packumentCache full:https://registry.npmjs.org/encodeurl cache-hit
2690 silly fetch manifest on-finished@~2.3.0
2691 silly packumentCache full:https://registry.npmjs.org/on-finished cache-hit
2692 silly placeDep node_modules/firebase-tools glob-slash@1.0.0 OK for: glob-slasher@1.0.1 want: ^1.0.0
2693 silly placeDep node_modules/firebase-tools lodash.isobject@2.4.1 OK for: glob-slasher@1.0.1 want: ^2.4.1
2694 silly placeDep node_modules/firebase-tools toxic@1.0.1 OK for: glob-slasher@1.0.1 want: ^1.0.0
2695 silly fetch manifest lodash._objecttypes@~2.4.1
2696 silly packumentCache full:https://registry.npmjs.org/lodash._objecttypes cache-miss
2697 http fetch GET 200 https://registry.npmjs.org/lodash._objecttypes 91ms (cache revalidated)
2698 silly packumentCache full:https://registry.npmjs.org/lodash._objecttypes set size:14259 disposed:false
2699 silly placeDep node_modules/firebase-tools as-array@2.0.0 OK for: join-path@1.1.1 want: ^2.0.0
2700 silly placeDep node_modules/firebase-tools url-join@0.0.1 OK for: join-path@1.1.1 want: 0.0.1
2701 silly placeDep node_modules/firebase-tools valid-url@1.0.9 OK for: join-path@1.1.1 want: ^1
2702 silly placeDep node_modules/firebase-tools lodash._objecttypes@2.4.1 OK for: lodash.isobject@2.4.1 want: ~2.4.1
2703 silly placeDep node_modules/firebase-tools install-artifact-from-github@1.7.0 OK for: re2@1.26.1 want: ^1.7.0
2704 silly placeDep node_modules/firebase-tools nan@2.28.0 OK for: re2@1.26.1 want: ^2.28.0
2705 silly placeDep node_modules/firebase-tools node-gyp@13.0.1 OK for: re2@1.26.1 want: ^13.0.1
2706 silly fetch manifest env-paths@^2.2.0
2707 silly packumentCache full:https://registry.npmjs.org/env-paths cache-miss
2708 silly fetch manifest exponential-backoff@^3.1.1
2709 silly packumentCache full:https://registry.npmjs.org/exponential-backoff cache-miss
2710 silly fetch manifest nopt@^10.0.0
2711 silly packumentCache full:https://registry.npmjs.org/nopt cache-miss
2712 silly fetch manifest proc-log@^7.0.0
2713 silly packumentCache full:https://registry.npmjs.org/proc-log cache-miss
2714 silly fetch manifest tinyglobby@^0.2.12
2715 silly packumentCache full:https://registry.npmjs.org/tinyglobby cache-miss
2716 silly fetch manifest undici@^8.4.1
2717 silly packumentCache full:https://registry.npmjs.org/undici cache-miss
2718 silly fetch manifest which@^7.0.0
2719 silly packumentCache full:https://registry.npmjs.org/which cache-hit
2720 http cache https://registry.npmjs.org/undici 94ms (cache hit)
2721 silly packumentCache full:https://registry.npmjs.org/undici set size:1531430 disposed:false
2722 http fetch GET 200 https://registry.npmjs.org/tinyglobby 309ms (cache revalidated)
2723 silly packumentCache full:https://registry.npmjs.org/tinyglobby set size:54291 disposed:false
2724 http fetch GET 200 https://registry.npmjs.org/env-paths 317ms (cache revalidated)
2725 silly packumentCache full:https://registry.npmjs.org/env-paths set size:26913 disposed:false
2726 http fetch GET 200 https://registry.npmjs.org/proc-log 317ms (cache revalidated)
2727 silly packumentCache full:https://registry.npmjs.org/proc-log set size:35796 disposed:false
2728 http fetch GET 200 https://registry.npmjs.org/nopt 322ms (cache revalidated)
2729 silly packumentCache full:https://registry.npmjs.org/nopt set size:76679 disposed:false
2730 http fetch GET 200 https://registry.npmjs.org/exponential-backoff 326ms (cache revalidated)
2731 silly packumentCache full:https://registry.npmjs.org/exponential-backoff set size:55896 disposed:false
2732 silly placeDep node_modules/firebase-tools env-paths@2.2.1 OK for: node-gyp@13.0.1 want: ^2.2.0
2733 silly placeDep node_modules/firebase-tools exponential-backoff@3.1.3 OK for: node-gyp@13.0.1 want: ^3.1.1
2734 silly placeDep node_modules/firebase-tools nopt@10.0.1 OK for: node-gyp@13.0.1 want: ^10.0.0
2735 silly placeDep node_modules/firebase-tools proc-log@7.0.0 OK for: node-gyp@13.0.1 want: ^7.0.0
2736 silly placeDep node_modules/firebase-tools tinyglobby@0.2.17 OK for: node-gyp@13.0.1 want: ^0.2.12
2737 silly placeDep node_modules/firebase-tools/node_modules/node-gyp undici@8.10.0 OK for: node-gyp@13.0.1 want: ^8.4.1
2738 silly placeDep node_modules/firebase-tools/node_modules/node-gyp which@7.0.0 OK for: node-gyp@13.0.1 want: ^7.0.0
2739 silly fetch manifest abbrev@^5.0.0
2740 silly packumentCache full:https://registry.npmjs.org/abbrev cache-miss
2741 silly fetch manifest fdir@^6.5.0
2742 silly packumentCache full:https://registry.npmjs.org/fdir cache-miss
2743 silly fetch manifest picomatch@^4.0.4
2744 silly packumentCache full:https://registry.npmjs.org/picomatch cache-hit
2745 silly fetch manifest isexe@^4.0.0
2746 silly packumentCache full:https://registry.npmjs.org/isexe cache-hit
2747 http fetch GET 200 https://registry.npmjs.org/fdir 93ms (cache revalidated)
2748 silly packumentCache full:https://registry.npmjs.org/fdir set size:136182 disposed:false
2749 http fetch GET 200 https://registry.npmjs.org/abbrev 101ms (cache revalidated)
2750 silly packumentCache full:https://registry.npmjs.org/abbrev set size:24188 disposed:false
2751 silly placeDep node_modules/firebase-tools abbrev@5.0.0 OK for: nopt@10.0.1 want: ^5.0.0
2752 silly placeDep node_modules/firebase-tools/node_modules/router debug@4.4.3 OK for: router@2.2.0 want: ^4.4.0
2753 silly placeDep node_modules/firebase-tools is-promise@4.0.0 OK for: router@2.2.0 want: ^4.0.0
2754 silly placeDep node_modules/firebase-tools/node_modules/router path-to-regexp@8.4.2 OK for: router@2.2.0 want: ^8.0.0
2755 silly placeDep node_modules/firebase-tools has-flag@4.0.0 OK for: supports-hyperlinks@3.2.0 want: ^4.0.0
2756 silly placeDep node_modules/firebase-tools supports-color@7.2.0 OK for: supports-hyperlinks@3.2.0 want: ^7.0.0
2757 silly placeDep node_modules/firebase-tools @isaacs/fs-minipass@4.0.1 OK for: tar@7.5.22 want: ^4.0.0
2758 silly placeDep node_modules/firebase-tools chownr@3.0.0 OK for: tar@7.5.22 want: ^3.0.0
2759 silly placeDep node_modules/firebase-tools minizlib@3.1.0 OK for: tar@7.5.22 want: ^3.1.0
2760 silly placeDep node_modules/firebase-tools yallist@5.0.0 OK for: tar@7.5.22 want: ^5.0.0
2761 silly fetch manifest react-native-b4a@*
2762 silly packumentCache full:https://registry.npmjs.org/react-native-b4a cache-miss
2763 http fetch GET 200 https://registry.npmjs.org/react-native-b4a 97ms (cache revalidated)
2764 silly packumentCache full:https://registry.npmjs.org/react-native-b4a set size:12027 disposed:false
2765 silly fetch manifest react@*
2766 silly packumentCache full:https://registry.npmjs.org/react cache-miss
2767 http fetch GET 200 https://registry.npmjs.org/react 253ms (cache revalidated)
2768 silly packumentCache full:https://registry.npmjs.org/react set size:6859098 disposed:false
2769 silly fetch manifest react-native@*
2770 silly packumentCache full:https://registry.npmjs.org/react-native cache-miss
2771 http fetch GET 200 https://registry.npmjs.org/react-native 273ms (cache revalidated)
2772 silly packumentCache full:https://registry.npmjs.org/react-native set size:15598608 disposed:false
2773 silly fetch manifest @react-native/jest-preset@0.86.2
2774 silly packumentCache full:https://registry.npmjs.org/@react-native%2fjest-preset cache-miss
2775 http fetch GET 200 https://registry.npmjs.org/@react-native%2fjest-preset 123ms (cache revalidated)
2776 silly packumentCache full:https://registry.npmjs.org/@react-native%2fjest-preset set size:319648 disposed:false
2777 silly fetch manifest @types/react@^19.1.1
2778 silly packumentCache full:https://registry.npmjs.org/@types%2freact cache-miss
2779 http fetch GET 200 https://registry.npmjs.org/@types%2freact 137ms (cache revalidated)
2780 silly packumentCache full:https://registry.npmjs.org/@types%2freact set size:2637439 disposed:false
2781 silly fetch manifest bare-buffer@*
2782 silly packumentCache full:https://registry.npmjs.org/bare-buffer cache-miss
2783 http fetch GET 200 https://registry.npmjs.org/bare-buffer 120ms (cache revalidated)
2784 silly packumentCache full:https://registry.npmjs.org/bare-buffer set size:96016 disposed:false
2785 silly placeDep node_modules/firebase-tools b4a@1.8.1 OK for: tar-stream@3.2.0 want: ^1.6.4
2786 silly placeDep node_modules/firebase-tools bare-fs@4.8.0 OK for: tar-stream@3.2.0 want: ^4.5.5
2787 silly placeDep node_modules/firebase-tools fast-fifo@1.3.2 OK for: tar-stream@3.2.0 want: ^1.2.0
2788 silly placeDep node_modules/firebase-tools streamx@2.28.0 OK for: tar-stream@3.2.0 want: ^2.15.0
2789 silly fetch manifest bare-url@^2.2.2
2790 silly packumentCache full:https://registry.npmjs.org/bare-url cache-miss
2791 silly fetch manifest bare-path@^3.0.0
2792 silly packumentCache full:https://registry.npmjs.org/bare-path cache-miss
2793 silly fetch manifest fast-fifo@^1.3.2
2794 silly packumentCache full:https://registry.npmjs.org/fast-fifo cache-hit
2795 silly fetch manifest bare-events@^2.5.4
2796 silly packumentCache full:https://registry.npmjs.org/bare-events cache-miss
2797 silly fetch manifest bare-stream@^2.6.4
2798 silly packumentCache full:https://registry.npmjs.org/bare-stream cache-miss
2799 silly fetch manifest events-universal@^1.0.0
2800 silly packumentCache full:https://registry.npmjs.org/events-universal cache-miss
2801 silly fetch manifest text-decoder@^1.1.0
2802 silly packumentCache full:https://registry.npmjs.org/text-decoder cache-miss
2803 http fetch GET 200 https://registry.npmjs.org/text-decoder 197ms (cache revalidated)
2804 silly packumentCache full:https://registry.npmjs.org/text-decoder set size:22264 disposed:false
2805 http fetch GET 200 https://registry.npmjs.org/bare-path 207ms (cache revalidated)
2806 silly packumentCache full:https://registry.npmjs.org/bare-path set size:23396 disposed:false
2807 http fetch GET 200 https://registry.npmjs.org/bare-url 213ms (cache revalidated)
2808 silly packumentCache full:https://registry.npmjs.org/bare-url set size:109241 disposed:false
2809 http fetch GET 200 https://registry.npmjs.org/events-universal 210ms (cache revalidated)
2810 silly packumentCache full:https://registry.npmjs.org/events-universal set size:4251 disposed:false
2811 http fetch GET 200 https://registry.npmjs.org/bare-stream 213ms (cache revalidated)
2812 silly packumentCache full:https://registry.npmjs.org/bare-stream set size:79215 disposed:false
2813 http fetch GET 200 https://registry.npmjs.org/bare-events 222ms (cache revalidated)
2814 silly packumentCache full:https://registry.npmjs.org/bare-events set size:51893 disposed:false
2815 silly fetch manifest bare-abort-controller@*
2816 silly packumentCache full:https://registry.npmjs.org/bare-abort-controller cache-miss
2817 http fetch GET 200 https://registry.npmjs.org/bare-abort-controller 94ms (cache revalidated)
2818 silly packumentCache full:https://registry.npmjs.org/bare-abort-controller set size:11265 disposed:false
2819 silly placeDep node_modules/firebase-tools bare-events@2.9.1 OK for: bare-fs@4.8.0 want: ^2.5.4
2820 silly placeDep node_modules/firebase-tools bare-path@3.1.1 OK for: bare-fs@4.8.0 want: ^3.0.0
2821 silly placeDep node_modules/firebase-tools bare-stream@2.13.3 OK for: bare-fs@4.8.0 want: ^2.6.4
2822 silly placeDep node_modules/firebase-tools bare-url@2.4.7 OK for: bare-fs@4.8.0 want: ^2.2.2
2823 silly fetch manifest teex@^1.0.1
2824 silly packumentCache full:https://registry.npmjs.org/teex cache-miss
2825 http fetch GET 200 https://registry.npmjs.org/teex 211ms (cache revalidated)
2826 silly packumentCache full:https://registry.npmjs.org/teex set size:5952 disposed:false
2827 silly placeDep node_modules/firebase-tools teex@1.0.1 OK for: bare-stream@2.13.3 want: ^1.0.1
2828 silly placeDep node_modules/firebase-tools events-universal@1.0.1 OK for: streamx@2.28.0 want: ^1.0.0
2829 silly placeDep node_modules/firebase-tools text-decoder@1.2.7 OK for: streamx@2.28.0 want: ^1.1.0
2830 silly placeDep node_modules/firebase-tools/node_modules/tcp-port-used debug@4.3.1 OK for: tcp-port-used@1.0.3 want: 4.3.1
2831 silly placeDep node_modules/firebase-tools is2@2.0.1 OK for: tcp-port-used@1.0.3 want: 2.0.1
2832 silly fetch manifest ms@2.1.2
2833 silly packumentCache full:https://registry.npmjs.org/ms cache-hit
2834 silly fetch manifest deep-is@^0.1.3
2835 silly packumentCache full:https://registry.npmjs.org/deep-is cache-miss
2836 silly fetch manifest ip-regex@^2.1.0
2837 silly packumentCache full:https://registry.npmjs.org/ip-regex cache-miss
2838 http fetch GET 200 https://registry.npmjs.org/ip-regex 150ms (cache revalidated)
2839 silly packumentCache full:https://registry.npmjs.org/ip-regex set size:26433 disposed:false
2840 http fetch GET 200 https://registry.npmjs.org/deep-is 241ms (cache revalidated)
2841 silly packumentCache full:https://registry.npmjs.org/deep-is set size:10205 disposed:false
2842 silly placeDep node_modules/firebase-tools deep-is@0.1.4 OK for: is2@2.0.1 want: ^0.1.3
2843 silly placeDep node_modules/firebase-tools ip-regex@2.1.0 OK for: is2@2.0.1 want: ^2.1.0
2844 silly placeDep node_modules/firebase-tools/node_modules/teeny-request node-fetch@3.3.2 OK for: teeny-request@10.1.4 want: ^3.3.2
2845 silly placeDep node_modules/firebase-tools stream-events@1.0.5 OK for: teeny-request@10.1.4 want: ^1.0.5
2846 silly fetch manifest stubs@^3.0.0
2847 silly packumentCache full:https://registry.npmjs.org/stubs cache-miss
2848 http fetch GET 200 https://registry.npmjs.org/stubs 199ms (cache revalidated)
2849 silly packumentCache full:https://registry.npmjs.org/stubs set size:9388 disposed:false
2850 silly placeDep node_modules/firebase-tools stubs@3.0.0 OK for: stream-events@1.0.5 want: ^3.0.0
2851 silly placeDep node_modules/firebase-tools thenify@3.3.1 OK for: thenify-all@1.6.0 want: >= 3.1.0 < 4
2852 silly placeDep node_modules/firebase-tools/node_modules/tinyglobby fdir@6.5.0 OK for: tinyglobby@0.2.17 want: ^6.5.0
2853 silly placeDep node_modules/firebase-tools/node_modules/tinyglobby picomatch@4.0.5 OK for: fdir@6.5.0 want: ^3 || ^4
2854 silly placeDep node_modules/firebase-tools is-number@7.0.0 OK for: to-regex-range@5.0.1 want: ^7.0.0
2855 silly placeDep node_modules/firebase-tools media-typer@0.3.0 OK for: type-is@1.6.18 want: 0.3.0
2856 silly placeDep node_modules/firebase-tools crypto-random-string@2.0.0 OK for: unique-string@2.0.0 want: ^2.0.0
2857 silly placeDep node_modules/firebase-tools/node_modules/universal-analytics debug@4.4.3 OK for: universal-analytics@0.5.4 want: ^4.3.1
2858 silly placeDep node_modules/firebase-tools/node_modules/universal-analytics uuid@14.0.1 OK for: universal-analytics@0.5.4 want: ^14.0.0
2859 silly placeDep node_modules/firebase-tools boxen@5.1.2 OK for: update-notifier-cjs@5.1.7 want: ^5.0.0
2860 silly placeDep node_modules/firebase-tools/node_modules/update-notifier-cjs chalk@4.1.2 OK for: update-notifier-cjs@5.1.7 want: ^4.1.0
2861 silly placeDep node_modules/firebase-tools has-yarn@2.1.0 OK for: update-notifier-cjs@5.1.7 want: ^2.1.0
2862 silly placeDep node_modules/firebase-tools import-lazy@2.1.0 OK for: update-notifier-cjs@5.1.7 want: ^2.1.0
2863 silly placeDep node_modules/firebase-tools is-ci@2.0.0 OK for: update-notifier-cjs@5.1.7 want: ^2.0.0
2864 silly placeDep node_modules/firebase-tools is-installed-globally@0.4.0 OK for: update-notifier-cjs@5.1.7 want: ^0.4.0
2865 silly placeDep node_modules/firebase-tools is-npm@5.0.0 OK for: update-notifier-cjs@5.1.7 want: ^5.0.0
2866 silly placeDep node_modules/firebase-tools is-yarn-global@0.3.0 OK for: update-notifier-cjs@5.1.7 want: ^0.3.0
2867 silly placeDep node_modules/firebase-tools isomorphic-fetch@3.0.0 OK for: update-notifier-cjs@5.1.7 want: ^3.0.0
2868 silly placeDep node_modules/firebase-tools pupa@2.1.1 OK for: update-notifier-cjs@5.1.7 want: ^2.1.1
2869 silly placeDep node_modules/firebase-tools registry-auth-token@5.1.1 OK for: update-notifier-cjs@5.1.7 want: ^5.0.1
2870 silly placeDep node_modules/firebase-tools registry-url@5.1.0 OK for: update-notifier-cjs@5.1.7 want: ^5.1.0
2871 silly placeDep node_modules/firebase-tools semver-diff@3.1.1 OK for: update-notifier-cjs@5.1.7 want: ^3.1.1
2872 silly fetch manifest camelcase@^6.2.0
2873 silly packumentCache full:https://registry.npmjs.org/camelcase cache-miss
2874 silly fetch manifest cli-boxes@^2.2.1
2875 silly packumentCache full:https://registry.npmjs.org/cli-boxes cache-miss
2876 silly fetch manifest type-fest@^0.20.2
2877 silly packumentCache full:https://registry.npmjs.org/type-fest cache-miss
2878 silly fetch manifest wrap-ansi@^7.0.0
2879 silly packumentCache full:https://registry.npmjs.org/wrap-ansi cache-hit
2880 silly fetch manifest ansi-align@^3.0.0
2881 silly packumentCache full:https://registry.npmjs.org/ansi-align cache-miss
2882 silly fetch manifest widest-line@^3.1.0
2883 silly packumentCache full:https://registry.npmjs.org/widest-line cache-miss
2884 silly fetch manifest ci-info@^2.0.0
2885 silly packumentCache full:https://registry.npmjs.org/ci-info cache-miss
2886 silly fetch manifest global-dirs@^3.0.0
2887 silly packumentCache full:https://registry.npmjs.org/global-dirs cache-miss
2888 silly fetch manifest is-path-inside@^3.0.2
2889 silly packumentCache full:https://registry.npmjs.org/is-path-inside cache-miss
2890 silly fetch manifest whatwg-fetch@^3.4.1
2891 silly packumentCache full:https://registry.npmjs.org/whatwg-fetch cache-miss
2892 silly fetch manifest escape-goat@^2.0.0
2893 silly packumentCache full:https://registry.npmjs.org/escape-goat cache-miss
2894 silly fetch manifest @pnpm/npm-conf@^3.0.2
2895 silly packumentCache full:https://registry.npmjs.org/@pnpm%2fnpm-conf cache-miss
2896 http fetch GET 200 https://registry.npmjs.org/camelcase 304ms (cache revalidated)
2897 silly packumentCache full:https://registry.npmjs.org/camelcase set size:60255 disposed:false
2898 silly fetch manifest rc@^1.2.8
2899 silly packumentCache full:https://registry.npmjs.org/rc cache-miss
2900 http fetch GET 200 https://registry.npmjs.org/widest-line 310ms (cache revalidated)
2901 silly packumentCache full:https://registry.npmjs.org/widest-line set size:23158 disposed:false
2902 silly fetch manifest semver@^6.3.0
2903 silly packumentCache full:https://registry.npmjs.org/semver cache-hit
2904 http fetch GET 200 https://registry.npmjs.org/cli-boxes 324ms (cache revalidated)
2905 silly packumentCache full:https://registry.npmjs.org/cli-boxes set size:19853 disposed:false
2906 http fetch GET 200 https://registry.npmjs.org/ci-info 321ms (cache revalidated)
2907 silly packumentCache full:https://registry.npmjs.org/ci-info set size:91363 disposed:false
2908 http fetch GET 200 https://registry.npmjs.org/is-path-inside 323ms (cache revalidated)
2909 silly packumentCache full:https://registry.npmjs.org/is-path-inside set size:23585 disposed:false
2910 http fetch GET 200 https://registry.npmjs.org/type-fest 335ms (cache revalidated)
2911 silly packumentCache full:https://registry.npmjs.org/type-fest set size:566201 disposed:false
2912 http fetch GET 200 https://registry.npmjs.org/ansi-align 340ms (cache revalidated)
2913 silly packumentCache full:https://registry.npmjs.org/ansi-align set size:13890 disposed:false
2914 http fetch GET 200 https://registry.npmjs.org/global-dirs 341ms (cache revalidated)
2915 silly packumentCache full:https://registry.npmjs.org/global-dirs set size:24765 disposed:false
2916 http fetch GET 200 https://registry.npmjs.org/escape-goat 342ms (cache revalidated)
2917 silly packumentCache full:https://registry.npmjs.org/escape-goat set size:24003 disposed:false
2918 http fetch GET 200 https://registry.npmjs.org/@pnpm%2fnpm-conf 344ms (cache revalidated)
2919 silly packumentCache full:https://registry.npmjs.org/@pnpm%2fnpm-conf set size:55081 disposed:false
2920 http fetch GET 200 https://registry.npmjs.org/whatwg-fetch 392ms (cache revalidated)
2921 silly packumentCache full:https://registry.npmjs.org/whatwg-fetch set size:120970 disposed:false
2922 http fetch GET 200 https://registry.npmjs.org/rc 175ms (cache revalidated)
2923 silly packumentCache full:https://registry.npmjs.org/rc set size:70417 disposed:false
2924 silly placeDep node_modules/firebase-tools ansi-align@3.0.1 OK for: boxen@5.1.2 want: ^3.0.0
2925 silly placeDep node_modules/firebase-tools camelcase@6.3.0 OK for: boxen@5.1.2 want: ^6.2.0
2926 silly placeDep node_modules/firebase-tools/node_modules/boxen chalk@4.1.2 OK for: boxen@5.1.2 want: ^4.1.0
2927 silly placeDep node_modules/firebase-tools cli-boxes@2.2.1 OK for: boxen@5.1.2 want: ^2.2.1
2928 silly placeDep node_modules/firebase-tools type-fest@0.20.2 OK for: boxen@5.1.2 want: ^0.20.2
2929 silly placeDep node_modules/firebase-tools widest-line@3.1.0 OK for: boxen@5.1.2 want: ^3.1.0
2930 silly placeDep node_modules/firebase-tools/node_modules/boxen wrap-ansi@7.0.0 OK for: boxen@5.1.2 want: ^7.0.0
2931 silly placeDep node_modules/firebase-tools ci-info@2.0.0 OK for: is-ci@2.0.0 want: ^2.0.0
2932 silly placeDep node_modules/firebase-tools global-dirs@3.0.1 OK for: is-installed-globally@0.4.0 want: ^3.0.0
2933 silly placeDep node_modules/firebase-tools is-path-inside@3.0.3 OK for: is-installed-globally@0.4.0 want: ^3.0.2
2934 silly fetch manifest ini@2.0.0
2935 silly packumentCache full:https://registry.npmjs.org/ini cache-miss
2936 http fetch GET 200 https://registry.npmjs.org/ini 116ms (cache revalidated)
2937 silly packumentCache full:https://registry.npmjs.org/ini set size:59124 disposed:false
2938 silly placeDep node_modules/firebase-tools ini@2.0.0 OK for: global-dirs@3.0.1 want: 2.0.0
2939 silly placeDep node_modules/firebase-tools whatwg-fetch@3.6.20 OK for: isomorphic-fetch@3.0.0 want: ^3.4.1
2940 silly placeDep node_modules/firebase-tools escape-goat@2.1.1 OK for: pupa@2.1.1 want: ^2.0.0
2941 silly placeDep node_modules/firebase-tools @pnpm/npm-conf@3.0.3 OK for: registry-auth-token@5.1.1 want: ^3.0.2
2942 silly fetch manifest @pnpm/config.env-replace@^1.1.0
2943 silly packumentCache full:https://registry.npmjs.org/@pnpm%2fconfig.env-replace cache-miss
2944 silly fetch manifest @pnpm/network.ca-file@^1.0.1
2945 silly packumentCache full:https://registry.npmjs.org/@pnpm%2fnetwork.ca-file cache-miss
2946 silly fetch manifest config-chain@^1.1.11
2947 silly packumentCache full:https://registry.npmjs.org/config-chain cache-miss
2948 http fetch GET 200 https://registry.npmjs.org/config-chain 123ms (cache revalidated)
2949 silly packumentCache full:https://registry.npmjs.org/config-chain set size:38691 disposed:false
2950 http fetch GET 200 https://registry.npmjs.org/@pnpm%2fnetwork.ca-file 129ms (cache revalidated)
2951 silly packumentCache full:https://registry.npmjs.org/@pnpm%2fnetwork.ca-file set size:22408 disposed:false
2952 http fetch GET 200 https://registry.npmjs.org/@pnpm%2fconfig.env-replace 132ms (cache revalidated)
2953 silly packumentCache full:https://registry.npmjs.org/@pnpm%2fconfig.env-replace set size:20011 disposed:false
2954 silly placeDep node_modules/firebase-tools @pnpm/config.env-replace@1.1.0 OK for: @pnpm/npm-conf@3.0.3 want: ^1.1.0
2955 silly placeDep node_modules/firebase-tools @pnpm/network.ca-file@1.0.2 OK for: @pnpm/npm-conf@3.0.3 want: ^1.0.1
2956 silly placeDep node_modules/firebase-tools config-chain@1.1.13 OK for: @pnpm/npm-conf@3.0.3 want: ^1.1.11
2957 silly fetch manifest graceful-fs@4.2.10
2958 silly packumentCache full:https://registry.npmjs.org/graceful-fs cache-hit
2959 silly fetch manifest proto-list@~1.2.1
2960 silly packumentCache full:https://registry.npmjs.org/proto-list cache-miss
2961 silly fetch manifest ini@^1.3.4
2962 silly packumentCache full:https://registry.npmjs.org/ini cache-hit
2963 http fetch GET 200 https://registry.npmjs.org/proto-list 212ms (cache revalidated)
2964 silly packumentCache full:https://registry.npmjs.org/proto-list set size:8764 disposed:false
2965 silly placeDep node_modules/firebase-tools/node_modules/@pnpm/network.ca-file graceful-fs@4.2.10 OK for: @pnpm/network.ca-file@1.0.2 want: 4.2.10
2966 silly placeDep node_modules/firebase-tools/node_modules/config-chain ini@1.3.8 OK for: config-chain@1.1.13 want: ^1.3.4
2967 silly placeDep node_modules/firebase-tools proto-list@1.2.4 OK for: config-chain@1.1.13 want: ~1.2.1
2968 silly placeDep node_modules/firebase-tools rc@1.2.8 OK for: registry-url@5.1.0 want: ^1.2.8
2969 silly fetch manifest ini@~1.3.0
2970 silly packumentCache full:https://registry.npmjs.org/ini cache-hit
2971 silly fetch manifest minimist@^1.2.0
2972 silly packumentCache full:https://registry.npmjs.org/minimist cache-miss
2973 silly fetch manifest deep-extend@^0.6.0
2974 silly packumentCache full:https://registry.npmjs.org/deep-extend cache-miss
2975 silly fetch manifest strip-json-comments@~2.0.1
2976 silly packumentCache full:https://registry.npmjs.org/strip-json-comments cache-miss
2977 http fetch GET 200 https://registry.npmjs.org/minimist 168ms (cache revalidated)
2978 silly packumentCache full:https://registry.npmjs.org/minimist set size:77063 disposed:false
2979 http fetch GET 200 https://registry.npmjs.org/strip-json-comments 168ms (cache revalidated)
2980 silly packumentCache full:https://registry.npmjs.org/strip-json-comments set size:43569 disposed:false
2981 http fetch GET 200 https://registry.npmjs.org/deep-extend 174ms (cache revalidated)
2982 silly packumentCache full:https://registry.npmjs.org/deep-extend set size:34472 disposed:false
2983 silly placeDep node_modules/firebase-tools deep-extend@0.6.0 OK for: rc@1.2.8 want: ^0.6.0
2984 silly placeDep node_modules/firebase-tools/node_modules/rc ini@1.3.8 OK for: rc@1.2.8 want: ~1.3.0
2985 silly placeDep node_modules/firebase-tools minimist@1.2.8 OK for: rc@1.2.8 want: ^1.2.0
2986 silly placeDep node_modules/firebase-tools strip-json-comments@2.0.1 OK for: rc@1.2.8 want: ~2.0.1
2987 silly placeDep node_modules/firebase-tools/node_modules/semver-diff semver@6.3.1 OK for: semver-diff@3.1.1 want: ^6.3.0
2988 silly placeDep node_modules/firebase-tools defaults@1.0.4 OK for: wcwidth@1.0.1 want: ^1.0.3
2989 silly fetch manifest clone@^1.0.2
2990 silly packumentCache full:https://registry.npmjs.org/clone cache-miss
2991 http fetch GET 200 https://registry.npmjs.org/clone 221ms (cache revalidated)
2992 silly packumentCache full:https://registry.npmjs.org/clone set size:82973 disposed:false
2993 silly placeDep node_modules/firebase-tools clone@1.0.4 OK for: defaults@1.0.4 want: ^1.0.2
2994 silly placeDep node_modules/firebase-tools tr46@0.0.3 OK for: whatwg-url@5.0.0 want: ~0.0.3
2995 silly placeDep node_modules/firebase-tools webidl-conversions@3.0.1 OK for: whatwg-url@5.0.0 want: ^3.0.0
2996 silly placeDep node_modules/firebase-tools isexe@2.0.0 OK for: which@2.0.2 want: ^2.0.0
2997 silly placeDep node_modules/firebase-tools/node_modules/winston @colors/colors@1.6.0 OK for: winston@3.19.0 want: ^1.6.0
2998 silly placeDep node_modules/firebase-tools @dabh/diagnostics@2.0.8 OK for: winston@3.19.0 want: ^2.0.8
2999 silly placeDep node_modules/firebase-tools logform@2.7.0 OK for: winston@3.19.0 want: ^2.7.0
3000 silly placeDep node_modules/firebase-tools one-time@1.0.0 OK for: winston@3.19.0 want: ^1.0.0
3001 silly placeDep node_modules/firebase-tools/node_modules/winston readable-stream@3.6.2 OK for: winston@3.19.0 want: ^3.4.0
3002 silly placeDep node_modules/firebase-tools safe-stable-stringify@2.5.0 OK for: winston@3.19.0 want: ^2.3.1
3003 silly placeDep node_modules/firebase-tools stack-trace@0.0.10 OK for: winston@3.19.0 want: 0.0.x
3004 silly fetch manifest @so-ric/colorspace@^1.1.6
3005 silly packumentCache full:https://registry.npmjs.org/@so-ric%2fcolorspace cache-miss
3006 silly fetch manifest enabled@2.0.x
3007 silly packumentCache full:https://registry.npmjs.org/enabled cache-miss
3008 silly fetch manifest kuler@^2.0.0
3009 silly packumentCache full:https://registry.npmjs.org/kuler cache-miss
3010 silly fetch manifest @colors/colors@1.6.0
3011 silly packumentCache full:https://registry.npmjs.org/@colors%2fcolors cache-hit
3012 silly fetch manifest @types/triple-beam@^1.3.2
3013 silly packumentCache full:https://registry.npmjs.org/@types%2ftriple-beam cache-miss
3014 silly fetch manifest fecha@^4.2.0
3015 silly packumentCache full:https://registry.npmjs.org/fecha cache-miss
3016 silly fetch manifest fn.name@1.x.x
3017 silly packumentCache full:https://registry.npmjs.org/fn.name cache-miss
3018 http fetch GET 200 https://registry.npmjs.org/enabled 147ms (cache revalidated)
3019 silly packumentCache full:https://registry.npmjs.org/enabled set size:8263 disposed:false
3020 http fetch GET 200 https://registry.npmjs.org/kuler 148ms (cache revalidated)
3021 silly packumentCache full:https://registry.npmjs.org/kuler set size:10079 disposed:false
3022 http fetch GET 200 https://registry.npmjs.org/fn.name 139ms (cache revalidated)
3023 silly packumentCache full:https://registry.npmjs.org/fn.name set size:7638 disposed:false
3024 http fetch GET 200 https://registry.npmjs.org/fecha 144ms (cache revalidated)
3025 silly packumentCache full:https://registry.npmjs.org/fecha set size:86768 disposed:false
3026 http fetch GET 200 https://registry.npmjs.org/@types%2ftriple-beam 154ms (cache revalidated)
3027 silly packumentCache full:https://registry.npmjs.org/@types%2ftriple-beam set size:12646 disposed:false
3028 http fetch GET 200 https://registry.npmjs.org/@so-ric%2fcolorspace 170ms (cache revalidated)
3029 silly packumentCache full:https://registry.npmjs.org/@so-ric%2fcolorspace set size:7005 disposed:false
3030 silly placeDep node_modules/firebase-tools @so-ric/colorspace@1.1.6 OK for: @dabh/diagnostics@2.0.8 want: ^1.1.6
3031 silly placeDep node_modules/firebase-tools enabled@2.0.0 OK for: @dabh/diagnostics@2.0.8 want: 2.0.x
3032 silly placeDep node_modules/firebase-tools kuler@2.0.0 OK for: @dabh/diagnostics@2.0.8 want: ^2.0.0
3033 silly fetch manifest color@^5.0.2
3034 silly packumentCache full:https://registry.npmjs.org/color cache-miss
3035 silly fetch manifest text-hex@1.0.x
3036 silly packumentCache full:https://registry.npmjs.org/text-hex cache-miss
3037 http fetch GET 200 https://registry.npmjs.org/text-hex 94ms (cache revalidated)
3038 silly packumentCache full:https://registry.npmjs.org/text-hex set size:4528 disposed:false
3039 http fetch GET 200 https://registry.npmjs.org/color 97ms (cache revalidated)
3040 silly packumentCache full:https://registry.npmjs.org/color set size:98234 disposed:false
3041 silly placeDep node_modules/firebase-tools color@5.0.3 OK for: @so-ric/colorspace@1.1.6 want: ^5.0.2
3042 silly placeDep node_modules/firebase-tools text-hex@1.0.0 OK for: @so-ric/colorspace@1.1.6 want: 1.0.x
3043 silly fetch manifest color-convert@^3.1.3
3044 silly packumentCache full:https://registry.npmjs.org/color-convert cache-miss
3045 silly fetch manifest color-string@^2.1.3
3046 silly packumentCache full:https://registry.npmjs.org/color-string cache-miss
3047 http fetch GET 200 https://registry.npmjs.org/color-string 92ms (cache revalidated)
3048 silly packumentCache full:https://registry.npmjs.org/color-string set size:84418 disposed:false
3049 http fetch GET 200 https://registry.npmjs.org/color-convert 96ms (cache revalidated)
3050 silly packumentCache full:https://registry.npmjs.org/color-convert set size:72663 disposed:false
3051 silly placeDep node_modules/firebase-tools color-convert@3.1.3 OK for: color@5.0.3 want: ^3.1.3
3052 silly placeDep node_modules/firebase-tools color-string@2.1.4 OK for: color@5.0.3 want: ^2.1.3
3053 silly fetch manifest color-name@^2.0.0
3054 silly packumentCache full:https://registry.npmjs.org/color-name cache-miss
3055 silly fetch manifest color-name@^2.0.0
3056 silly packumentCache full:https://registry.npmjs.org/color-name cache-miss
3057 http fetch GET 200 https://registry.npmjs.org/color-name 104ms (cache revalidated)
3058 silly packumentCache full:https://registry.npmjs.org/color-name set size:20968 disposed:false
3059 http fetch GET 200 https://registry.npmjs.org/color-name 106ms (cache revalidated)
3060 silly packumentCache full:https://registry.npmjs.org/color-name set size:20968 disposed:false
3061 silly packumentCache full:https://registry.npmjs.org/color-name dispose
3062 silly placeDep node_modules/firebase-tools color-name@2.1.1 OK for: color-convert@3.1.3 want: ^2.0.0
3063 silly placeDep node_modules/firebase-tools/node_modules/logform @colors/colors@1.6.0 OK for: logform@2.7.0 want: 1.6.0
3064 silly placeDep node_modules/firebase-tools @types/triple-beam@1.3.5 OK for: logform@2.7.0 want: ^1.3.2
3065 silly placeDep node_modules/firebase-tools fecha@4.2.3 OK for: logform@2.7.0 want: ^4.2.0
3066 silly placeDep node_modules/firebase-tools/node_modules/logform ms@2.1.3 OK for: logform@2.7.0 want: ^2.1.1
3067 silly placeDep node_modules/firebase-tools fn.name@1.1.0 OK for: one-time@1.0.0 want: 1.x.x
3068 silly placeDep node_modules/firebase-tools/node_modules/winston-transport readable-stream@3.6.2 OK for: winston-transport@4.9.0 want: ^3.6.2
3069 silly placeDep node_modules/firebase-tools ansi-styles@4.3.0 OK for: wrap-ansi@6.2.0 want: ^4.0.0
3070 silly placeDep node_modules/firebase-tools/node_modules/wrap-ansi strip-ansi@6.0.1 OK for: wrap-ansi@6.2.0 want: ^6.0.0
3071 silly fetch manifest color-convert@^2.0.1
3072 silly packumentCache full:https://registry.npmjs.org/color-convert cache-hit
3073 silly placeDep node_modules/firebase-tools/node_modules/ansi-styles color-convert@2.0.1 OK for: ansi-styles@4.3.0 want: ^2.0.1
3074 silly fetch manifest color-name@~1.1.4
3075 silly packumentCache full:https://registry.npmjs.org/color-name cache-hit
3076 silly placeDep node_modules/firebase-tools/node_modules/wrap-ansi-cjs strip-ansi@6.0.1 OK for: wrap-ansi@7.0.0 want: ^6.0.0
3077 silly placeDep node_modules/firebase-tools imurmurhash@0.1.4 OK for: write-file-atomic@3.0.3 want: ^0.1.4
3078 silly placeDep node_modules/firebase-tools is-typedarray@1.0.0 OK for: write-file-atomic@3.0.3 want: ^1.0.0
3079 silly placeDep node_modules/firebase-tools/node_modules/write-file-atomic signal-exit@3.0.7 OK for: write-file-atomic@3.0.3 want: ^3.0.2
3080 silly placeDep node_modules/firebase-tools typedarray-to-buffer@3.1.5 OK for: write-file-atomic@3.0.3 want: ^3.1.5
3081 silly placeDep node_modules/firebase-tools cliui@8.0.1 OK for: yargs@17.7.3 want: ^8.0.1
3082 silly placeDep node_modules/firebase-tools escalade@3.2.0 OK for: yargs@17.7.3 want: ^3.1.1
3083 silly placeDep node_modules/firebase-tools get-caller-file@2.0.5 OK for: yargs@17.7.3 want: ^2.0.5
3084 silly placeDep node_modules/firebase-tools require-directory@2.1.1 OK for: yargs@17.7.3 want: ^2.1.1
3085 silly placeDep node_modules/firebase-tools y18n@5.0.8 OK for: yargs@17.7.3 want: ^5.0.5
3086 silly placeDep node_modules/firebase-tools yargs-parser@21.1.1 OK for: yargs@17.7.3 want: ^21.1.1
3087 silly placeDep node_modules/firebase-tools/node_modules/cliui strip-ansi@6.0.1 OK for: cliui@8.0.1 want: ^6.0.1
3088 silly placeDep node_modules/firebase-tools/node_modules/cliui wrap-ansi@7.0.0 OK for: cliui@8.0.1 want: ^7.0.0
3089 silly placeDep node_modules/firebase-tools compress-commons@6.0.2 OK for: zip-stream@6.0.1 want: ^6.0.2
3090 silly fetch manifest crc-32@^1.2.0
3091 silly packumentCache full:https://registry.npmjs.org/crc-32 cache-miss
3092 silly fetch manifest crc32-stream@^6.0.0
3093 silly packumentCache full:https://registry.npmjs.org/crc32-stream cache-miss
3094 http fetch GET 200 https://registry.npmjs.org/crc-32 107ms (cache revalidated)
3095 silly packumentCache full:https://registry.npmjs.org/crc-32 set size:32170 disposed:false
3096 http fetch GET 200 https://registry.npmjs.org/crc32-stream 108ms (cache revalidated)
3097 silly packumentCache full:https://registry.npmjs.org/crc32-stream set size:49384 disposed:false
3098 silly placeDep node_modules/firebase-tools crc-32@1.2.2 OK for: compress-commons@6.0.2 want: ^1.2.0
3099 silly placeDep node_modules/firebase-tools crc32-stream@6.0.0 OK for: compress-commons@6.0.2 want: ^6.0.0
3100 silly placeDep node_modules/firebase-tools/node_modules/@google-cloud/cloud-sql-connector node-fetch@3.3.2 OK for: gaxios@7.3.0 want: ^3.3.2
3101 silly placeDep node_modules/firebase-tools/node_modules/@google-cloud/cloud-sql-connector gcp-metadata@8.1.2 OK for: google-auth-library@10.9.1 want: 8.1.2
3102 silly placeDep node_modules/firebase-tools/node_modules/@google-cloud/cloud-sql-connector google-logging-utils@1.1.3 OK for: google-auth-library@10.9.1 want: 1.1.3
3103 silly placeDep node_modules/firebase-tools/node_modules/@google-cloud/cloud-sql-connector data-uri-to-buffer@4.0.1 OK for: node-fetch@3.3.2 want: ^4.0.0
3104 silly placeDep node_modules/firebase-tools fetch-blob@3.2.0 OK for: node-fetch@3.3.2 want: ^3.1.4
3105 silly placeDep node_modules/firebase-tools formdata-polyfill@4.0.10 OK for: node-fetch@3.3.2 want: ^4.0.10
3106 silly fetch manifest node-domexception@^1.0.0
3107 silly packumentCache full:https://registry.npmjs.org/node-domexception cache-miss
3108 silly fetch manifest web-streams-polyfill@^3.0.3
3109 silly packumentCache full:https://registry.npmjs.org/web-streams-polyfill cache-miss
3110 http fetch GET 200 https://registry.npmjs.org/node-domexception 107ms (cache revalidated)
3111 silly packumentCache full:https://registry.npmjs.org/node-domexception set size:11516 disposed:false
3112 http fetch GET 200 https://registry.npmjs.org/web-streams-polyfill 109ms (cache revalidated)
3113 silly packumentCache full:https://registry.npmjs.org/web-streams-polyfill set size:140806 disposed:false
3114 silly placeDep node_modules/firebase-tools node-domexception@1.0.0 OK for: fetch-blob@3.2.0 want: ^1.0.0
3115 silly placeDep node_modules/firebase-tools web-streams-polyfill@3.3.3 OK for: fetch-blob@3.2.0 want: ^3.0.3
3116 silly placeDep node_modules/firebase-tools/node_modules/@google-cloud/pubsub gaxios@7.3.0 OK for: google-auth-library@10.9.1 want: ^7.1.4
3117 silly placeDep node_modules/firebase-tools/node_modules/@google-cloud/pubsub gcp-metadata@8.1.2 OK for: google-auth-library@10.9.1 want: 8.1.2
3118 silly placeDep node_modules/firebase-tools/node_modules/@google-cloud/pubsub google-logging-utils@1.1.3 OK for: google-auth-library@10.9.1 want: 1.1.3
3119 silly placeDep node_modules/firebase-tools/node_modules/@google-cloud/pubsub node-fetch@3.3.2 OK for: gaxios@7.3.0 want: ^3.3.2
3120 silly placeDep node_modules/firebase-tools/node_modules/@google-cloud/pubsub data-uri-to-buffer@4.0.1 OK for: node-fetch@3.3.2 want: ^4.0.0
3121 silly placeDep node_modules/firebase-tools eastasianwidth@0.2.0 OK for: string-width@5.1.2 want: ^0.2.0
3122 silly placeDep node_modules/firebase-tools/node_modules/@isaacs/cliui emoji-regex@9.2.2 OK for: string-width@5.1.2 want: ^9.2.2
3123 silly placeDep node_modules/firebase-tools/node_modules/@isaacs/cliui ansi-styles@6.2.3 OK for: wrap-ansi@8.1.0 want: ^6.1.0
3124 silly placeDep node_modules/firebase-tools/node_modules/@modelcontextprotocol/sdk accepts@2.0.0 OK for: express@5.2.1 want: ^2.0.0
3125 silly placeDep node_modules/firebase-tools/node_modules/@modelcontextprotocol/sdk body-parser@2.3.0 OK for: express@5.2.1 want: ^2.2.1
3126 silly placeDep node_modules/firebase-tools/node_modules/@modelcontextprotocol/sdk content-disposition@1.1.0 OK for: express@5.2.1 want: ^1.0.0
3127 silly placeDep node_modules/firebase-tools/node_modules/@modelcontextprotocol/sdk cookie-signature@1.2.2 OK for: express@5.2.1 want: ^1.2.1
3128 silly placeDep node_modules/firebase-tools/node_modules/@modelcontextprotocol/sdk debug@4.4.3 OK for: express@5.2.1 want: ^4.4.0
3129 silly placeDep node_modules/firebase-tools/node_modules/@modelcontextprotocol/sdk finalhandler@2.1.1 OK for: express@5.2.1 want: ^2.1.0
3130 silly placeDep node_modules/firebase-tools/node_modules/@modelcontextprotocol/sdk fresh@2.0.0 OK for: express@5.2.1 want: ^2.0.0
3131 silly placeDep node_modules/firebase-tools/node_modules/@modelcontextprotocol/sdk merge-descriptors@2.0.0 OK for: express@5.2.1 want: ^2.0.0
3132 silly placeDep node_modules/firebase-tools/node_modules/@modelcontextprotocol/sdk mime-types@3.0.2 OK for: express@5.2.1 want: ^3.0.0
3133 silly placeDep node_modules/firebase-tools/node_modules/@modelcontextprotocol/sdk send@1.2.1 OK for: express@5.2.1 want: ^1.1.0
3134 silly placeDep node_modules/firebase-tools/node_modules/@modelcontextprotocol/sdk serve-static@2.2.1 OK for: express@5.2.1 want: ^2.2.0
3135 silly placeDep node_modules/firebase-tools/node_modules/@modelcontextprotocol/sdk type-is@2.1.0 OK for: express@5.2.1 want: ^2.0.1
3136 silly fetch manifest negotiator@^1.0.0
3137 silly packumentCache full:https://registry.npmjs.org/negotiator cache-hit
3138 silly fetch manifest type-is@^2.1.0
3139 silly packumentCache full:https://registry.npmjs.org/type-is cache-hit
3140 silly fetch manifest content-type@^2.0.0
3141 silly packumentCache full:https://registry.npmjs.org/content-type cache-hit
3142 silly fetch manifest mime-db@^1.54.0
3143 silly packumentCache full:https://registry.npmjs.org/mime-db cache-hit
3144 silly fetch manifest content-type@^2.0.0
3145 silly packumentCache full:https://registry.npmjs.org/content-type cache-hit
3146 silly fetch manifest media-typer@^1.1.0
3147 silly packumentCache full:https://registry.npmjs.org/media-typer cache-hit
3148 silly placeDep node_modules/firebase-tools/node_modules/@modelcontextprotocol/sdk negotiator@1.0.0 OK for: accepts@2.0.0 want: ^1.0.0
3149 silly placeDep node_modules/firebase-tools/node_modules/@modelcontextprotocol/sdk/node_modules/body-parser content-type@2.0.0 OK for: body-parser@2.3.0 want: ^2.0.0
3150 silly placeDep node_modules/firebase-tools/node_modules/@modelcontextprotocol/sdk ms@2.1.3 OK for: debug@4.4.3 want: ^2.1.3
3151 silly placeDep node_modules/firebase-tools/node_modules/@modelcontextprotocol/sdk mime-db@1.54.0 OK for: mime-types@3.0.2 want: ^1.54.0
3152 silly placeDep node_modules/firebase-tools/node_modules/@modelcontextprotocol/sdk/node_modules/type-is content-type@2.0.0 OK for: type-is@2.1.0 want: ^2.0.0
3153 silly placeDep node_modules/firebase-tools/node_modules/@modelcontextprotocol/sdk media-typer@1.1.1 OK for: type-is@2.1.0 want: ^1.1.0
3154 silly placeDep node_modules/firebase-tools/node_modules/ansi-styles color-name@1.1.4 OK for: color-convert@2.0.1 want: ~1.1.4
3155 silly placeDep node_modules/firebase-tools util-deprecate@1.0.2 OK for: readable-stream@3.6.2 want: ^1.0.1
3156 silly placeDep node_modules/firebase-tools/node_modules/boxen strip-ansi@6.0.1 OK for: wrap-ansi@7.0.0 want: ^6.0.0
3157 silly placeDep node_modules/firebase-tools/node_modules/boxen ansi-regex@5.0.1 OK for: strip-ansi@6.0.1 want: ^5.0.1
3158 silly placeDep node_modules/firebase-tools/node_modules/cli-highlight cliui@7.0.4 OK for: yargs@16.2.2 want: ^7.0.2
3159 silly placeDep node_modules/firebase-tools/node_modules/cli-highlight yargs-parser@20.2.9 OK for: yargs@16.2.2 want: ^20.2.2
3160 silly placeDep node_modules/firebase-tools/node_modules/cli-highlight strip-ansi@6.0.1 OK for: cliui@7.0.4 want: ^6.0.0
3161 silly placeDep node_modules/firebase-tools/node_modules/cli-highlight wrap-ansi@7.0.0 OK for: cliui@7.0.4 want: ^7.0.0
3162 silly placeDep node_modules/firebase-tools/node_modules/cli-highlight ansi-regex@5.0.1 OK for: strip-ansi@6.0.1 want: ^5.0.1
3163 silly placeDep node_modules/firebase-tools/node_modules/cliui ansi-regex@5.0.1 OK for: strip-ansi@6.0.1 want: ^5.0.1
3164 silly placeDep node_modules/firebase-tools/node_modules/connect encodeurl@1.0.2 OK for: finalhandler@1.1.2 want: ~1.0.2
3165 silly placeDep node_modules/firebase-tools/node_modules/connect on-finished@2.3.0 OK for: finalhandler@1.1.2 want: ~2.3.0
3166 silly placeDep node_modules/firebase-tools/node_modules/connect statuses@1.5.0 OK for: finalhandler@1.1.2 want: ~1.5.0
3167 silly placeDep node_modules/firebase-tools/node_modules/exegesis iconv-lite@0.4.24 OK for: raw-body@2.5.3 want: ~0.4.24
3168 silly placeDep node_modules/firebase-tools/node_modules/express-rate-limit ms@2.1.3 OK for: debug@4.4.3 want: ^2.1.3
3169 silly placeDep node_modules/firebase-tools/node_modules/get-uri ms@2.1.3 OK for: debug@4.4.3 want: ^2.1.3
3170 silly placeDep node_modules/firebase-tools/node_modules/glob brace-expansion@2.1.4 OK for: minimatch@9.0.9 want: ^2.0.2
3171 silly placeDep node_modules/firebase-tools/node_modules/google-gax gaxios@7.3.0 OK for: google-auth-library@10.5.0 want: ^7.0.0
3172 silly placeDep node_modules/firebase-tools/node_modules/google-gax gcp-metadata@8.1.4 OK for: google-auth-library@10.5.0 want: ^8.0.0
3173 silly placeDep node_modules/firebase-tools/node_modules/google-gax gtoken@8.0.0 OK for: google-auth-library@10.5.0 want: ^8.0.0
3174 silly placeDep node_modules/firebase-tools/node_modules/google-gax/node_modules/gcp-metadata gaxios@7.1.3 OK for: gcp-metadata@8.1.4 want: 7.1.3
3175 silly placeDep node_modules/firebase-tools/node_modules/google-gax data-uri-to-buffer@4.0.1 OK for: node-fetch@3.3.2 want: ^4.0.0
3176 silly placeDep node_modules/firebase-tools/node_modules/googleapis-common node-fetch@3.3.2 OK for: gaxios@7.1.3 want: ^3.3.2
3177 silly placeDep node_modules/firebase-tools/node_modules/googleapis-common gcp-metadata@8.1.4 OK for: google-auth-library@10.5.0 want: ^8.0.0
3178 silly placeDep node_modules/firebase-tools/node_modules/googleapis-common gtoken@8.0.0 OK for: google-auth-library@10.5.0 want: ^8.0.0
3179 silly placeDep node_modules/firebase-tools/node_modules/googleapis-common data-uri-to-buffer@4.0.1 OK for: node-fetch@3.3.2 want: ^4.0.0
3180 silly placeDep node_modules/firebase-tools/node_modules/http-proxy-agent ms@2.1.3 OK for: debug@4.4.3 want: ^2.1.3
3181 silly placeDep node_modules/firebase-tools/node_modules/https-proxy-agent ms@2.1.3 OK for: debug@4.4.3 want: ^2.1.3
3182 silly placeDep node_modules/firebase-tools core-util-is@1.0.3 OK for: readable-stream@2.3.8 want: ~1.0.0
3183 silly placeDep node_modules/firebase-tools isarray@1.0.0 OK for: readable-stream@2.3.8 want: ~1.0.0
3184 silly placeDep node_modules/firebase-tools process-nextick-args@2.0.1 OK for: readable-stream@2.3.8 want: ~2.0.0
3185 silly placeDep node_modules/firebase-tools/node_modules/lazystream safe-buffer@5.1.2 OK for: readable-stream@2.3.8 want: ~5.1.1
3186 silly placeDep node_modules/firebase-tools/node_modules/lazystream string_decoder@1.1.1 OK for: readable-stream@2.3.8 want: ~1.1.1
3187 silly placeDep node_modules/firebase-tools/node_modules/node-gyp isexe@4.0.0 OK for: which@7.0.0 want: ^4.0.0
3188 silly placeDep node_modules/firebase-tools/node_modules/ora ansi-regex@5.0.1 OK for: strip-ansi@6.0.1 want: ^5.0.1
3189 silly placeDep node_modules/firebase-tools/node_modules/pac-proxy-agent ms@2.1.3 OK for: debug@4.4.3 want: ^2.1.3
3190 silly placeDep node_modules/firebase-tools/node_modules/portfinder ms@2.1.3 OK for: debug@4.4.3 want: ^2.1.3
3191 silly placeDep node_modules/firebase-tools/node_modules/proxy-agent ms@2.1.3 OK for: debug@4.4.3 want: ^2.1.3
3192 silly placeDep node_modules/firebase-tools/node_modules/readdir-glob brace-expansion@2.1.4 OK for: minimatch@5.1.9 want: ^2.0.1
3193 silly placeDep node_modules/firebase-tools/node_modules/router ms@2.1.3 OK for: debug@4.4.3 want: ^2.1.3
3194 silly placeDep node_modules/firebase-tools/node_modules/socks-proxy-agent ms@2.1.3 OK for: debug@4.4.3 want: ^2.1.3
3195 silly placeDep node_modules/firebase-tools/node_modules/string-width-cjs ansi-regex@5.0.1 OK for: strip-ansi@6.0.1 want: ^5.0.1
3196 silly placeDep node_modules/firebase-tools/node_modules/string-width ansi-regex@5.0.1 OK for: strip-ansi@6.0.1 want: ^5.0.1
3197 silly placeDep node_modules/firebase-tools/node_modules/superstatic brace-expansion@2.1.4 OK for: minimatch@6.2.3 want: ^2.0.1
3198 silly placeDep node_modules/firebase-tools/node_modules/superstatic isarray@0.0.1 OK for: path-to-regexp@1.9.0 want: 0.0.1
3199 silly placeDep node_modules/firebase-tools/node_modules/tcp-port-used ms@2.1.2 OK for: debug@4.3.1 want: 2.1.2
3200 silly placeDep node_modules/firebase-tools/node_modules/teeny-request data-uri-to-buffer@4.0.1 OK for: node-fetch@3.3.2 want: ^4.0.0
3201 silly placeDep node_modules/firebase-tools/node_modules/universal-analytics ms@2.1.3 OK for: debug@4.4.3 want: ^2.1.3
3202 silly placeDep node_modules/firebase-tools/node_modules/wrap-ansi-cjs ansi-regex@5.0.1 OK for: strip-ansi@6.0.1 want: ^5.0.1
3203 silly placeDep node_modules/firebase-tools/node_modules/wrap-ansi ansi-regex@5.0.1 OK for: strip-ansi@6.0.1 want: ^5.0.1
3204 silly reify moves {}
3205 verbose reify failed optional dependency /usr/local/lib/node_modules/firebase-tools/node_modules/fsevents
3206 silly reify mark deleted [ '/usr/local/lib/node_modules/firebase-tools/node_modules/fsevents' ]
3207 http cache process-nextick-args@https://registry.npmjs.org/process-nextick-args/-/process-nextick-args-2.0.1.tgz 0ms (cache hit)
3208 http cache isarray@https://registry.npmjs.org/isarray/-/isarray-1.0.0.tgz 0ms (cache hit)
3209 http cache firebase-tools@https://registry.npmjs.org/firebase-tools/-/firebase-tools-15.25.1.tgz 0ms (cache hit)
3210 http cache core-util-is@https://registry.npmjs.org/core-util-is/-/core-util-is-1.0.3.tgz 0ms (cache hit)
3211 http cache eastasianwidth@https://registry.npmjs.org/eastasianwidth/-/eastasianwidth-0.2.0.tgz 0ms (cache hit)
3212 http cache util-deprecate@https://registry.npmjs.org/util-deprecate/-/util-deprecate-1.0.2.tgz 0ms (cache hit)
3213 http cache node-domexception@https://registry.npmjs.org/node-domexception/-/node-domexception-1.0.0.tgz 0ms (cache hit)
3214 http cache web-streams-polyfill@https://registry.npmjs.org/web-streams-polyfill/-/web-streams-polyfill-3.3.3.tgz 0ms (cache hit)
3215 http cache fetch-blob@https://registry.npmjs.org/fetch-blob/-/fetch-blob-3.2.0.tgz 0ms (cache hit)
3216 http cache crc32-stream@https://registry.npmjs.org/crc32-stream/-/crc32-stream-6.0.0.tgz 0ms (cache hit)
3217 http cache formdata-polyfill@https://registry.npmjs.org/formdata-polyfill/-/formdata-polyfill-4.0.10.tgz 0ms (cache hit)
3218 http cache crc-32@https://registry.npmjs.org/crc-32/-/crc-32-1.2.2.tgz 0ms (cache hit)
3219 http cache compress-commons@https://registry.npmjs.org/compress-commons/-/compress-commons-6.0.2.tgz 0ms (cache hit)
3220 http cache yargs-parser@https://registry.npmjs.org/yargs-parser/-/yargs-parser-21.1.1.tgz 0ms (cache hit)
3221 http cache require-directory@https://registry.npmjs.org/require-directory/-/require-directory-2.1.1.tgz 0ms (cache hit)
3222 http cache y18n@https://registry.npmjs.org/y18n/-/y18n-5.0.8.tgz 0ms (cache hit)
3223 http cache get-caller-file@https://registry.npmjs.org/get-caller-file/-/get-caller-file-2.0.5.tgz 0ms (cache hit)
3224 http cache escalade@https://registry.npmjs.org/escalade/-/escalade-3.2.0.tgz 0ms (cache hit)
3225 http cache cliui@https://registry.npmjs.org/cliui/-/cliui-8.0.1.tgz 0ms (cache hit)
3226 http cache typedarray-to-buffer@https://registry.npmjs.org/typedarray-to-buffer/-/typedarray-to-buffer-3.1.5.tgz 0ms (cache hit)
3227 http cache wrap-ansi@https://registry.npmjs.org/wrap-ansi/-/wrap-ansi-7.0.0.tgz 0ms (cache hit)
3228 http cache strip-ansi@https://registry.npmjs.org/strip-ansi/-/strip-ansi-6.0.1.tgz 0ms (cache hit)
3229 http cache ansi-regex@https://registry.npmjs.org/ansi-regex/-/ansi-regex-5.0.1.tgz 0ms (cache hit)
3230 http cache is-typedarray@https://registry.npmjs.org/is-typedarray/-/is-typedarray-1.0.0.tgz 0ms (cache hit)
3231 http cache ansi-styles@https://registry.npmjs.org/ansi-styles/-/ansi-styles-4.3.0.tgz 0ms (cache hit)
3232 http cache imurmurhash@https://registry.npmjs.org/imurmurhash/-/imurmurhash-0.1.4.tgz 0ms (cache hit)
3233 http cache fn.name@https://registry.npmjs.org/fn.name/-/fn.name-1.1.0.tgz 0ms (cache hit)
3234 http cache fecha@https://registry.npmjs.org/fecha/-/fecha-4.2.3.tgz 0ms (cache hit)
3235 http cache color-convert@https://registry.npmjs.org/color-convert/-/color-convert-2.0.1.tgz 0ms (cache hit)
3236 http cache color-name@https://registry.npmjs.org/color-name/-/color-name-1.1.4.tgz 0ms (cache hit)
3237 http cache @types/triple-beam@https://registry.npmjs.org/@types/triple-beam/-/triple-beam-1.3.5.tgz 0ms (cache hit)
3238 http cache color-name@https://registry.npmjs.org/color-name/-/color-name-2.1.1.tgz 0ms (cache hit)
3239 http cache color-string@https://registry.npmjs.org/color-string/-/color-string-2.1.4.tgz 0ms (cache hit)
3240 http cache color@https://registry.npmjs.org/color/-/color-5.0.3.tgz 0ms (cache hit)
3241 http cache text-hex@https://registry.npmjs.org/text-hex/-/text-hex-1.0.0.tgz 0ms (cache hit)
3242 http cache color-convert@https://registry.npmjs.org/color-convert/-/color-convert-3.1.3.tgz 0ms (cache hit)
3243 http cache kuler@https://registry.npmjs.org/kuler/-/kuler-2.0.0.tgz 0ms (cache hit)
3244 http cache enabled@https://registry.npmjs.org/enabled/-/enabled-2.0.0.tgz 0ms (cache hit)
3245 http cache safe-stable-stringify@https://registry.npmjs.org/safe-stable-stringify/-/safe-stable-stringify-2.5.0.tgz 0ms (cache hit)
3246 http cache @so-ric/colorspace@https://registry.npmjs.org/@so-ric/colorspace/-/colorspace-1.1.6.tgz 0ms (cache hit)
3247 http cache one-time@https://registry.npmjs.org/one-time/-/one-time-1.0.0.tgz 0ms (cache hit)
3248 http cache stack-trace@https://registry.npmjs.org/stack-trace/-/stack-trace-0.0.10.tgz 0ms (cache hit)
3249 http cache logform@https://registry.npmjs.org/logform/-/logform-2.7.0.tgz 0ms (cache hit)
3250 http cache @dabh/diagnostics@https://registry.npmjs.org/@dabh/diagnostics/-/diagnostics-2.0.8.tgz 0ms (cache hit)
3251 http cache isexe@https://registry.npmjs.org/isexe/-/isexe-2.0.0.tgz 0ms (cache hit)
3252 http cache ms@https://registry.npmjs.org/ms/-/ms-2.1.3.tgz 0ms (cache hit)
3253 http cache @colors/colors@https://registry.npmjs.org/@colors/colors/-/colors-1.6.0.tgz 0ms (cache hit)
3254 http cache tr46@https://registry.npmjs.org/tr46/-/tr46-0.0.3.tgz 0ms (cache hit)
3255 http cache clone@https://registry.npmjs.org/clone/-/clone-1.0.4.tgz 0ms (cache hit)
3256 http cache webidl-conversions@https://registry.npmjs.org/webidl-conversions/-/webidl-conversions-3.0.1.tgz 0ms (cache hit)
3257 http cache defaults@https://registry.npmjs.org/defaults/-/defaults-1.0.4.tgz 0ms (cache hit)
3258 http cache strip-json-comments@https://registry.npmjs.org/strip-json-comments/-/strip-json-comments-2.0.1.tgz 0ms (cache hit)
3259 http cache minimist@https://registry.npmjs.org/minimist/-/minimist-1.2.8.tgz 0ms (cache hit)
3260 http cache rc@https://registry.npmjs.org/rc/-/rc-1.2.8.tgz 0ms (cache hit)
3261 http cache deep-extend@https://registry.npmjs.org/deep-extend/-/deep-extend-0.6.0.tgz 0ms (cache hit)
3262 http cache proto-list@https://registry.npmjs.org/proto-list/-/proto-list-1.2.4.tgz 0ms (cache hit)
3263 http cache ini@https://registry.npmjs.org/ini/-/ini-1.3.8.tgz 0ms (cache hit)
3264 http cache config-chain@https://registry.npmjs.org/config-chain/-/config-chain-1.1.13.tgz 0ms (cache hit)
3265 http cache @pnpm/network.ca-file@https://registry.npmjs.org/@pnpm/network.ca-file/-/network.ca-file-1.0.2.tgz 0ms (cache hit)
3266 http cache @pnpm/config.env-replace@https://registry.npmjs.org/@pnpm/config.env-replace/-/config.env-replace-1.1.0.tgz 0ms (cache hit)
3267 http cache ini@https://registry.npmjs.org/ini/-/ini-1.3.8.tgz 0ms (cache hit)
3268 http cache @pnpm/npm-conf@https://registry.npmjs.org/@pnpm/npm-conf/-/npm-conf-3.0.3.tgz 0ms (cache hit)
3269 http cache graceful-fs@https://registry.npmjs.org/graceful-fs/-/graceful-fs-4.2.10.tgz 0ms (cache hit)
3270 http cache escape-goat@https://registry.npmjs.org/escape-goat/-/escape-goat-2.1.1.tgz 0ms (cache hit)
3271 http cache ini@https://registry.npmjs.org/ini/-/ini-2.0.0.tgz 0ms (cache hit)
3272 http cache whatwg-fetch@https://registry.npmjs.org/whatwg-fetch/-/whatwg-fetch-3.6.20.tgz 0ms (cache hit)
3273 http cache is-path-inside@https://registry.npmjs.org/is-path-inside/-/is-path-inside-3.0.3.tgz 0ms (cache hit)
3274 http cache global-dirs@https://registry.npmjs.org/global-dirs/-/global-dirs-3.0.1.tgz 0ms (cache hit)
3275 http cache ci-info@https://registry.npmjs.org/ci-info/-/ci-info-2.0.0.tgz 0ms (cache hit)
3276 http cache type-fest@https://registry.npmjs.org/type-fest/-/type-fest-0.20.2.tgz 0ms (cache hit)
3277 http cache cli-boxes@https://registry.npmjs.org/cli-boxes/-/cli-boxes-2.2.1.tgz 0ms (cache hit)
3278 http cache widest-line@https://registry.npmjs.org/widest-line/-/widest-line-3.1.0.tgz 0ms (cache hit)
3279 http cache camelcase@https://registry.npmjs.org/camelcase/-/camelcase-6.3.0.tgz 0ms (cache hit)
3280 http cache ansi-align@https://registry.npmjs.org/ansi-align/-/ansi-align-3.0.1.tgz 0ms (cache hit)
3281 http cache semver-diff@https://registry.npmjs.org/semver-diff/-/semver-diff-3.1.1.tgz 0ms (cache hit)
3282 http cache registry-url@https://registry.npmjs.org/registry-url/-/registry-url-5.1.0.tgz 0ms (cache hit)
3283 http cache registry-auth-token@https://registry.npmjs.org/registry-auth-token/-/registry-auth-token-5.1.1.tgz 0ms (cache hit)
3284 http cache pupa@https://registry.npmjs.org/pupa/-/pupa-2.1.1.tgz 0ms (cache hit)
3285 http cache isomorphic-fetch@https://registry.npmjs.org/isomorphic-fetch/-/isomorphic-fetch-3.0.0.tgz 0ms (cache hit)
3286 http cache semver@https://registry.npmjs.org/semver/-/semver-6.3.1.tgz 0ms (cache hit)
3287 http cache is-yarn-global@https://registry.npmjs.org/is-yarn-global/-/is-yarn-global-0.3.0.tgz 0ms (cache hit)
3288 http cache is-installed-globally@https://registry.npmjs.org/is-installed-globally/-/is-installed-globally-0.4.0.tgz 0ms (cache hit)
3289 http cache is-npm@https://registry.npmjs.org/is-npm/-/is-npm-5.0.0.tgz 0ms (cache hit)
3290 http cache import-lazy@https://registry.npmjs.org/import-lazy/-/import-lazy-2.1.0.tgz 0ms (cache hit)
3291 http cache is-ci@https://registry.npmjs.org/is-ci/-/is-ci-2.0.0.tgz 0ms (cache hit)
3292 http cache has-yarn@https://registry.npmjs.org/has-yarn/-/has-yarn-2.1.0.tgz 0ms (cache hit)
3293 http cache boxen@https://registry.npmjs.org/boxen/-/boxen-5.1.2.tgz 0ms (cache hit)
3294 http cache ansi-regex@https://registry.npmjs.org/ansi-regex/-/ansi-regex-5.0.1.tgz 0ms (cache hit)
3295 http cache strip-ansi@https://registry.npmjs.org/strip-ansi/-/strip-ansi-6.0.1.tgz 0ms (cache hit)
3296 http cache chalk@https://registry.npmjs.org/chalk/-/chalk-4.1.2.tgz 0ms (cache hit)
3297 http cache wrap-ansi@https://registry.npmjs.org/wrap-ansi/-/wrap-ansi-7.0.0.tgz 0ms (cache hit)
3298 http cache crypto-random-string@https://registry.npmjs.org/crypto-random-string/-/crypto-random-string-2.0.0.tgz 0ms (cache hit)
3299 http cache thenify@https://registry.npmjs.org/thenify/-/thenify-3.3.1.tgz 0ms (cache hit)
3300 http cache media-typer@https://registry.npmjs.org/media-typer/-/media-typer-0.3.0.tgz 0ms (cache hit)
3301 http cache is-number@https://registry.npmjs.org/is-number/-/is-number-7.0.0.tgz 0ms (cache hit)
3302 http cache stubs@https://registry.npmjs.org/stubs/-/stubs-3.0.0.tgz 0ms (cache hit)
3303 http cache stream-events@https://registry.npmjs.org/stream-events/-/stream-events-1.0.5.tgz 0ms (cache hit)
3304 http cache deep-is@https://registry.npmjs.org/deep-is/-/deep-is-0.1.4.tgz 0ms (cache hit)
3305 http cache ip-regex@https://registry.npmjs.org/ip-regex/-/ip-regex-2.1.0.tgz 0ms (cache hit)
3306 http cache is2@https://registry.npmjs.org/is2/-/is2-2.0.1.tgz 0ms (cache hit)
3307 http cache text-decoder@https://registry.npmjs.org/text-decoder/-/text-decoder-1.2.7.tgz 0ms (cache hit)
3308 http cache events-universal@https://registry.npmjs.org/events-universal/-/events-universal-1.0.1.tgz 0ms (cache hit)
3309 http cache bare-url@https://registry.npmjs.org/bare-url/-/bare-url-2.4.7.tgz 0ms (cache hit)
3310 http cache bare-stream@https://registry.npmjs.org/bare-stream/-/bare-stream-2.13.3.tgz 0ms (cache hit)
3311 http cache teex@https://registry.npmjs.org/teex/-/teex-1.0.1.tgz 0ms (cache hit)
3312 http cache bare-path@https://registry.npmjs.org/bare-path/-/bare-path-3.1.1.tgz 0ms (cache hit)
3313 http cache bare-events@https://registry.npmjs.org/bare-events/-/bare-events-2.9.1.tgz 0ms (cache hit)
3314 http cache streamx@https://registry.npmjs.org/streamx/-/streamx-2.28.0.tgz 0ms (cache hit)
3315 http cache bare-fs@https://registry.npmjs.org/bare-fs/-/bare-fs-4.8.0.tgz 0ms (cache hit)
3316 http cache b4a@https://registry.npmjs.org/b4a/-/b4a-1.8.1.tgz 0ms (cache hit)
3317 http cache fast-fifo@https://registry.npmjs.org/fast-fifo/-/fast-fifo-1.3.2.tgz 0ms (cache hit)
3318 http cache yallist@https://registry.npmjs.org/yallist/-/yallist-5.0.0.tgz 0ms (cache hit)
3319 http cache minizlib@https://registry.npmjs.org/minizlib/-/minizlib-3.1.0.tgz 0ms (cache hit)
3320 http cache chownr@https://registry.npmjs.org/chownr/-/chownr-3.0.0.tgz 0ms (cache hit)
3321 http cache supports-color@https://registry.npmjs.org/supports-color/-/supports-color-7.2.0.tgz 0ms (cache hit)
3322 http cache has-flag@https://registry.npmjs.org/has-flag/-/has-flag-4.0.0.tgz 0ms (cache hit)
3323 http cache @isaacs/fs-minipass@https://registry.npmjs.org/@isaacs/fs-minipass/-/fs-minipass-4.0.1.tgz 0ms (cache hit)
3324 http cache is-promise@https://registry.npmjs.org/is-promise/-/is-promise-4.0.0.tgz 0ms (cache hit)
3325 http cache abbrev@https://registry.npmjs.org/abbrev/-/abbrev-5.0.0.tgz 0ms (cache hit)
3326 http cache tinyglobby@https://registry.npmjs.org/tinyglobby/-/tinyglobby-0.2.17.tgz 0ms (cache hit)
3327 http cache proc-log@https://registry.npmjs.org/proc-log/-/proc-log-7.0.0.tgz 0ms (cache hit)
3328 http cache nopt@https://registry.npmjs.org/nopt/-/nopt-10.0.1.tgz 0ms (cache hit)
3329 http cache fdir@https://registry.npmjs.org/fdir/-/fdir-6.5.0.tgz 0ms (cache hit)
3330 http cache exponential-backoff@https://registry.npmjs.org/exponential-backoff/-/exponential-backoff-3.1.3.tgz 0ms (cache hit)
3331 http cache picomatch@https://registry.npmjs.org/picomatch/-/picomatch-4.0.5.tgz 0ms (cache hit)
3332 http cache node-gyp@https://registry.npmjs.org/node-gyp/-/node-gyp-13.0.1.tgz 0ms (cache hit)
3333 http cache which@https://registry.npmjs.org/which/-/which-7.0.0.tgz 0ms (cache hit)
3334 http cache env-paths@https://registry.npmjs.org/env-paths/-/env-paths-2.2.1.tgz 0ms (cache hit)
3335 http cache undici@https://registry.npmjs.org/undici/-/undici-8.10.0.tgz 0ms (cache hit)
3336 http cache isexe@https://registry.npmjs.org/isexe/-/isexe-4.0.0.tgz 0ms (cache hit)
3337 http cache nan@https://registry.npmjs.org/nan/-/nan-2.28.0.tgz 0ms (cache hit)
3338 http cache valid-url@https://registry.npmjs.org/valid-url/-/valid-url-1.0.9.tgz 0ms (cache hit)
3339 http cache lodash._objecttypes@https://registry.npmjs.org/lodash._objecttypes/-/lodash._objecttypes-2.4.1.tgz 1ms (cache hit)
3340 http cache install-artifact-from-github@https://registry.npmjs.org/install-artifact-from-github/-/install-artifact-from-github-1.7.0.tgz 0ms (cache hit)
3341 http cache url-join@https://registry.npmjs.org/url-join/-/url-join-0.0.1.tgz 0ms (cache hit)
3342 http cache as-array@https://registry.npmjs.org/as-array/-/as-array-2.0.0.tgz 0ms (cache hit)
3343 http cache toxic@https://registry.npmjs.org/toxic/-/toxic-1.0.1.tgz 0ms (cache hit)
3344 http cache glob-slash@https://registry.npmjs.org/glob-slash/-/glob-slash-1.0.0.tgz 0ms (cache hit)
3345 http cache lodash.isobject@https://registry.npmjs.org/lodash.isobject/-/lodash.isobject-2.4.1.tgz 0ms (cache hit)
3346 http cache compressible@https://registry.npmjs.org/compressible/-/compressible-2.0.18.tgz 0ms (cache hit)
3347 http cache tsscmp@https://registry.npmjs.org/tsscmp/-/tsscmp-1.0.6.tgz 0ms (cache hit)
3348 http cache router@https://registry.npmjs.org/router/-/router-2.2.0.tgz 0ms (cache hit)
3349 http cache re2@https://registry.npmjs.org/re2/-/re2-1.26.1.tgz 0ms (cache hit)
3350 http cache path-to-regexp@https://registry.npmjs.org/path-to-regexp/-/path-to-regexp-8.4.2.tgz 0ms (cache hit)
3351 http cache debug@https://registry.npmjs.org/debug/-/debug-4.4.3.tgz 0ms (cache hit)
3352 http cache ms@https://registry.npmjs.org/ms/-/ms-2.1.3.tgz 0ms (cache hit)
3353 http cache join-path@https://registry.npmjs.org/join-path/-/join-path-1.1.1.tgz 0ms (cache hit)
3354 http cache is-url@https://registry.npmjs.org/is-url/-/is-url-1.2.4.tgz 0ms (cache hit)
3355 http cache glob-slasher@https://registry.npmjs.org/glob-slasher/-/glob-slasher-1.0.1.tgz 0ms (cache hit)
3356 http cache connect@https://registry.npmjs.org/connect/-/connect-3.7.0.tgz 0ms (cache hit)
3357 http cache statuses@https://registry.npmjs.org/statuses/-/statuses-1.5.0.tgz 0ms (cache hit)
3358 http cache encodeurl@https://registry.npmjs.org/encodeurl/-/encodeurl-1.0.2.tgz 0ms (cache hit)
3359 http cache on-finished@https://registry.npmjs.org/on-finished/-/on-finished-2.3.0.tgz 0ms (cache hit)
3360 http cache finalhandler@https://registry.npmjs.org/finalhandler/-/finalhandler-1.1.2.tgz 0ms (cache hit)
3361 http cache compression@https://registry.npmjs.org/compression/-/compression-1.8.1.tgz 0ms (cache hit)
3362 http cache basic-auth-connect@https://registry.npmjs.org/basic-auth-connect/-/basic-auth-connect-1.1.0.tgz 0ms (cache hit)
3363 http cache negotiator@https://registry.npmjs.org/negotiator/-/negotiator-0.6.4.tgz 0ms (cache hit)
3364 http cache emoji-regex@https://registry.npmjs.org/emoji-regex/-/emoji-regex-8.0.0.tgz 0ms (cache hit)
3365 http cache ret@https://registry.npmjs.org/ret/-/ret-0.1.15.tgz 0ms (cache hit)
3366 http cache is-fullwidth-code-point@https://registry.npmjs.org/is-fullwidth-code-point/-/is-fullwidth-code-point-3.0.0.tgz 0ms (cache hit)
3367 http cache discontinuous-range@https://registry.npmjs.org/discontinuous-range/-/discontinuous-range-1.0.0.tgz 0ms (cache hit)
3368 http cache randexp@https://registry.npmjs.org/randexp/-/randexp-0.4.6.tgz 0ms (cache hit)
3369 http cache railroad-diagrams@https://registry.npmjs.org/railroad-diagrams/-/railroad-diagrams-1.0.0.tgz 0ms (cache hit)
3370 http cache nearley@https://registry.npmjs.org/nearley/-/nearley-2.20.1.tgz 0ms (cache hit)
3371 http cache moo@https://registry.npmjs.org/moo/-/moo-0.5.3.tgz 0ms (cache hit)
3372 http cache smart-buffer@https://registry.npmjs.org/smart-buffer/-/smart-buffer-4.2.0.tgz 0ms (cache hit)
3373 http cache commander@https://registry.npmjs.org/commander/-/commander-2.20.3.tgz 0ms (cache hit)
3374 http cache socks@https://registry.npmjs.org/socks/-/socks-2.8.9.tgz 0ms (cache hit)
3375 http cache unicode-emoji-modifier-base@https://registry.npmjs.org/unicode-emoji-modifier-base/-/unicode-emoji-modifier-base-1.0.0.tgz 0ms (cache hit)
3376 http cache call-bound@https://registry.npmjs.org/call-bound/-/call-bound-1.0.4.tgz 0ms (cache hit)
3377 http cache side-channel-weakmap@https://registry.npmjs.org/side-channel-weakmap/-/side-channel-weakmap-1.0.2.tgz 0ms (cache hit)
3378 http cache side-channel-map@https://registry.npmjs.org/side-channel-map/-/side-channel-map-1.0.1.tgz 0ms (cache hit)
3379 http cache side-channel-list@https://registry.npmjs.org/side-channel-list/-/side-channel-list-1.0.1.tgz 0ms (cache hit)
3380 http cache shebang-regex@https://registry.npmjs.org/shebang-regex/-/shebang-regex-3.0.0.tgz 0ms (cache hit)
3381 http cache object-inspect@https://registry.npmjs.org/object-inspect/-/object-inspect-1.13.4.tgz 0ms (cache hit)
3382 http cache teeny-request@https://registry.npmjs.org/teeny-request/-/teeny-request-10.1.4.tgz 0ms (cache hit)
3383 http cache mimic-fn@https://registry.npmjs.org/mimic-fn/-/mimic-fn-2.1.0.tgz 0ms (cache hit)
3384 http cache node-fetch@https://registry.npmjs.org/node-fetch/-/node-fetch-3.3.2.tgz 0ms (cache hit)
3385 http cache data-uri-to-buffer@https://registry.npmjs.org/data-uri-to-buffer/-/data-uri-to-buffer-4.0.1.tgz 0ms (cache hit)
3386 http cache onetime@https://registry.npmjs.org/onetime/-/onetime-5.1.2.tgz 0ms (cache hit)
3387 http cache string_decoder@https://registry.npmjs.org/string_decoder/-/string_decoder-1.3.0.tgz 0ms (cache hit)
3388 http cache process@https://registry.npmjs.org/process/-/process-0.11.10.tgz 0ms (cache hit)
3389 http cache events@https://registry.npmjs.org/events/-/events-3.3.0.tgz 0ms (cache hit)
3390 http cache source-map@https://registry.npmjs.org/source-map/-/source-map-0.6.1.tgz 0ms (cache hit)
3391 http cache esutils@https://registry.npmjs.org/esutils/-/esutils-2.0.3.tgz 0ms (cache hit)
3392 http cache side-channel@https://registry.npmjs.org/side-channel/-/side-channel-1.1.1.tgz 0ms (cache hit)
3393 http cache estraverse@https://registry.npmjs.org/estraverse/-/estraverse-5.3.0.tgz 0ms (cache hit)
3394 http cache tslib@https://registry.npmjs.org/tslib/-/tslib-2.8.1.tgz 0ms (cache hit)
3395 http cache esprima@https://registry.npmjs.org/esprima/-/esprima-4.0.1.tgz 0ms (cache hit)
3396 http cache ast-types@https://registry.npmjs.org/ast-types/-/ast-types-0.13.4.tgz 0ms (cache hit)
3397 http cache escodegen@https://registry.npmjs.org/escodegen/-/escodegen-2.1.0.tgz 0ms (cache hit)
3398 http cache netmask@https://registry.npmjs.org/netmask/-/netmask-2.1.1.tgz 0ms (cache hit)
3399 http cache degenerator@https://registry.npmjs.org/degenerator/-/degenerator-5.0.1.tgz 0ms (cache hit)
3400 http cache basic-ftp@https://registry.npmjs.org/basic-ftp/-/basic-ftp-5.3.1.tgz 0ms (cache hit)
3401 http cache data-uri-to-buffer@https://registry.npmjs.org/data-uri-to-buffer/-/data-uri-to-buffer-6.0.2.tgz 0ms (cache hit)
3402 http cache pac-resolver@https://registry.npmjs.org/pac-resolver/-/pac-resolver-7.0.1.tgz 0ms (cache hit)
3403 http cache get-uri@https://registry.npmjs.org/get-uri/-/get-uri-6.0.5.tgz 0ms (cache hit)
3404 http cache ms@https://registry.npmjs.org/ms/-/ms-2.1.3.tgz 0ms (cache hit)
3405 http cache socks-proxy-agent@https://registry.npmjs.org/socks-proxy-agent/-/socks-proxy-agent-8.0.5.tgz 0ms (cache hit)
3406 http cache @tootallnate/quickjs-emscripten@https://registry.npmjs.org/@tootallnate/quickjs-emscripten/-/quickjs-emscripten-0.23.0.tgz 0ms (cache hit)
3407 http cache debug@https://registry.npmjs.org/debug/-/debug-4.4.3.tgz 0ms (cache hit)
3408 http cache ms@https://registry.npmjs.org/ms/-/ms-2.1.3.tgz 0ms (cache hit)
3409 http cache debug@https://registry.npmjs.org/debug/-/debug-4.4.3.tgz 0ms (cache hit)
3410 http cache proxy-from-env@https://registry.npmjs.org/proxy-from-env/-/proxy-from-env-1.1.0.tgz 0ms (cache hit)
3411 http cache pac-proxy-agent@https://registry.npmjs.org/pac-proxy-agent/-/pac-proxy-agent-7.2.0.tgz 0ms (cache hit)
3412 http cache http-proxy-agent@https://registry.npmjs.org/http-proxy-agent/-/http-proxy-agent-7.0.2.tgz 0ms (cache hit)
3413 http cache ms@https://registry.npmjs.org/ms/-/ms-2.1.3.tgz 0ms (cache hit)
3414 http cache debug@https://registry.npmjs.org/debug/-/debug-4.4.3.tgz 0ms (cache hit)
3415 http cache debug@https://registry.npmjs.org/debug/-/debug-4.4.3.tgz 0ms (cache hit)
3416 http cache ms@https://registry.npmjs.org/ms/-/ms-2.1.3.tgz 0ms (cache hit)
3417 http cache ipaddr.js@https://registry.npmjs.org/ipaddr.js/-/ipaddr.js-1.9.1.tgz 0ms (cache hit)
3418 http cache forwarded@https://registry.npmjs.org/forwarded/-/forwarded-0.2.0.tgz 0ms (cache hit)
3419 http cache undici-types@https://registry.npmjs.org/undici-types/-/undici-types-8.3.0.tgz 0ms (cache hit)
3420 http cache @protobufjs/pool@https://registry.npmjs.org/@protobufjs/pool/-/pool-1.1.0.tgz 0ms (cache hit)
3421 http cache @protobufjs/utf8@https://registry.npmjs.org/@protobufjs/utf8/-/utf8-1.1.2.tgz 0ms (cache hit)
3422 http cache @types/node@https://registry.npmjs.org/@types/node/-/node-26.1.2.tgz 0ms (cache hit)
3423 http cache @protobufjs/path@https://registry.npmjs.org/@protobufjs/path/-/path-1.1.2.tgz 0ms (cache hit)
3424 http cache @protobufjs/float@https://registry.npmjs.org/@protobufjs/float/-/float-1.0.2.tgz 0ms (cache hit)
3425 http cache @protobufjs/fetch@https://registry.npmjs.org/@protobufjs/fetch/-/fetch-1.1.1.tgz 0ms (cache hit)
3426 http cache @protobufjs/codegen@https://registry.npmjs.org/@protobufjs/codegen/-/codegen-2.0.5.tgz 0ms (cache hit)
3427 http cache @protobufjs/eventemitter@https://registry.npmjs.org/@protobufjs/eventemitter/-/eventemitter-1.1.1.tgz 0ms (cache hit)
3428 http cache @protobufjs/base64@https://registry.npmjs.org/@protobufjs/base64/-/base64-1.1.2.tgz 0ms (cache hit)
3429 http cache @protobufjs/aspromise@https://registry.npmjs.org/@protobufjs/aspromise/-/aspromise-1.1.2.tgz 0ms (cache hit)
3430 http cache xtend@https://registry.npmjs.org/xtend/-/xtend-4.0.2.tgz 0ms (cache hit)
3431 http cache split2@https://registry.npmjs.org/split2/-/split2-4.2.0.tgz 0ms (cache hit)
3432 http cache postgres-date@https://registry.npmjs.org/postgres-date/-/postgres-date-1.0.7.tgz 0ms (cache hit)
3433 http cache postgres-interval@https://registry.npmjs.org/postgres-interval/-/postgres-interval-1.2.0.tgz 0ms (cache hit)
3434 http cache postgres-bytea@https://registry.npmjs.org/postgres-bytea/-/postgres-bytea-1.0.1.tgz 0ms (cache hit)
3435 http cache postgres-array@https://registry.npmjs.org/postgres-array/-/postgres-array-2.0.0.tgz 0ms (cache hit)
3436 http cache pg-int8@https://registry.npmjs.org/pg-int8/-/pg-int8-1.0.1.tgz 0ms (cache hit)
3437 http cache pgpass@https://registry.npmjs.org/pgpass/-/pgpass-1.0.5.tgz 0ms (cache hit)
3438 http cache pg-types@https://registry.npmjs.org/pg-types/-/pg-types-2.2.0.tgz 0ms (cache hit)
3439 http cache pg-pool@https://registry.npmjs.org/pg-pool/-/pg-pool-3.14.0.tgz 0ms (cache hit)
3440 http cache pg-protocol@https://registry.npmjs.org/pg-protocol/-/pg-protocol-1.15.0.tgz 0ms (cache hit)
3441 http cache pg-connection-string@https://registry.npmjs.org/pg-connection-string/-/pg-connection-string-2.14.0.tgz 0ms (cache hit)
3442 http cache pg-cloudflare@https://registry.npmjs.org/pg-cloudflare/-/pg-cloudflare-1.4.0.tgz 0ms (cache hit)
3443 http cache lru-cache@https://registry.npmjs.org/lru-cache/-/lru-cache-10.4.3.tgz 0ms (cache hit)
3444 http cache ieee754@https://registry.npmjs.org/ieee754/-/ieee754-1.2.1.tgz 0ms (cache hit)
3445 http cache restore-cursor@https://registry.npmjs.org/restore-cursor/-/restore-cursor-3.1.0.tgz 0ms (cache hit)
3446 http cache buffer@https://registry.npmjs.org/buffer/-/buffer-5.7.1.tgz 0ms (cache hit)
3447 http cache signal-exit@https://registry.npmjs.org/signal-exit/-/signal-exit-3.0.7.tgz 0ms (cache hit)
3448 http cache wcwidth@https://registry.npmjs.org/wcwidth/-/wcwidth-1.0.1.tgz 0ms (cache hit)
3449 http cache log-symbols@https://registry.npmjs.org/log-symbols/-/log-symbols-4.1.0.tgz 0ms (cache hit)
3450 http cache is-unicode-supported@https://registry.npmjs.org/is-unicode-supported/-/is-unicode-supported-0.1.0.tgz 0ms (cache hit)
3451 http cache is-interactive@https://registry.npmjs.org/is-interactive/-/is-interactive-1.0.0.tgz 0ms (cache hit)
3452 http cache chalk@https://registry.npmjs.org/chalk/-/chalk-4.1.2.tgz 0ms (cache hit)
3453 http cache cli-cursor@https://registry.npmjs.org/cli-cursor/-/cli-cursor-3.1.0.tgz 0ms (cache hit)
3454 http cache cli-spinners@https://registry.npmjs.org/cli-spinners/-/cli-spinners-2.9.2.tgz 0ms (cache hit)
3455 http cache bl@https://registry.npmjs.org/bl/-/bl-4.1.0.tgz 0ms (cache hit)
3456 http cache is-wsl@https://registry.npmjs.org/is-wsl/-/is-wsl-1.1.0.tgz 0ms (cache hit)
3457 http cache readable-stream@https://registry.npmjs.org/readable-stream/-/readable-stream-3.6.2.tgz 0ms (cache hit)
3458 http cache wrappy@https://registry.npmjs.org/wrappy/-/wrappy-1.0.2.tgz 0ms (cache hit)
3459 http cache ee-first@https://registry.npmjs.org/ee-first/-/ee-first-1.1.1.tgz 0ms (cache hit)
3460 http cache whatwg-url@https://registry.npmjs.org/whatwg-url/-/whatwg-url-5.0.0.tgz 0ms (cache hit)
3461 http cache skin-tone@https://registry.npmjs.org/skin-tone/-/skin-tone-2.0.0.tgz 0ms (cache hit)
3462 http cache emojilib@https://registry.npmjs.org/emojilib/-/emojilib-2.4.0.tgz 0ms (cache hit)
3463 http cache char-regex@https://registry.npmjs.org/char-regex/-/char-regex-1.0.2.tgz 0ms (cache hit)
3464 http cache thenify-all@https://registry.npmjs.org/thenify-all/-/thenify-all-1.6.0.tgz 0ms (cache hit)
3465 http cache any-promise@https://registry.npmjs.org/any-promise/-/any-promise-1.3.0.tgz 0ms (cache hit)
3466 http cache @sindresorhus/is@https://registry.npmjs.org/@sindresorhus/is/-/is-4.6.0.tgz 0ms (cache hit)
3467 http cache basic-auth@https://registry.npmjs.org/basic-auth/-/basic-auth-2.0.1.tgz 0ms (cache hit)
3468 http cache on-headers@https://registry.npmjs.org/on-headers/-/on-headers-1.1.0.tgz 0ms (cache hit)
3469 http cache concat-map@https://registry.npmjs.org/concat-map/-/concat-map-0.0.1.tgz 0ms (cache hit)
3470 http cache safe-buffer@https://registry.npmjs.org/safe-buffer/-/safe-buffer-5.1.2.tgz 0ms (cache hit)
3471 http cache balanced-match@https://registry.npmjs.org/balanced-match/-/balanced-match-1.0.2.tgz 0ms (cache hit)
3472 http cache mime-db@https://registry.npmjs.org/mime-db/-/mime-db-1.52.0.tgz 0ms (cache hit)
3473 http cache brace-expansion@https://registry.npmjs.org/brace-expansion/-/brace-expansion-1.1.18.tgz 0ms (cache hit)
3474 http cache parse5-htmlparser2-tree-adapter@https://registry.npmjs.org/parse5-htmlparser2-tree-adapter/-/parse5-htmlparser2-tree-adapter-6.0.1.tgz 0ms (cache hit)
3475 http cache parse5@https://registry.npmjs.org/parse5/-/parse5-5.1.1.tgz 0ms (cache hit)
3476 http cache parse5@https://registry.npmjs.org/parse5/-/parse5-6.0.1.tgz 0ms (cache hit)
3477 http cache mz@https://registry.npmjs.org/mz/-/mz-2.7.0.tgz 0ms (cache hit)
3478 http cache highlight.js@https://registry.npmjs.org/highlight.js/-/highlight.js-10.7.3.tgz 0ms (cache hit)
3479 http cache environment@https://registry.npmjs.org/environment/-/environment-1.1.0.tgz 0ms (cache hit)
3480 http cache supports-hyperlinks@https://registry.npmjs.org/supports-hyperlinks/-/supports-hyperlinks-3.2.0.tgz 0ms (cache hit)
3481 http cache cli-highlight@https://registry.npmjs.org/cli-highlight/-/cli-highlight-2.1.11.tgz 0ms (cache hit)
3482 http cache node-emoji@https://registry.npmjs.org/node-emoji/-/node-emoji-2.2.0.tgz 0ms (cache hit)
3483 http cache wrap-ansi@https://registry.npmjs.org/wrap-ansi/-/wrap-ansi-7.0.0.tgz 0ms (cache hit)
3484 http cache ansi-regex@https://registry.npmjs.org/ansi-regex/-/ansi-regex-5.0.1.tgz 0ms (cache hit)
3485 http cache strip-ansi@https://registry.npmjs.org/strip-ansi/-/strip-ansi-6.0.1.tgz 0ms (cache hit)
3486 http cache yargs-parser@https://registry.npmjs.org/yargs-parser/-/yargs-parser-20.2.9.tgz 0ms (cache hit)
3487 http cache cliui@https://registry.npmjs.org/cliui/-/cliui-7.0.4.tgz 0ms (cache hit)
3488 http cache yargs@https://registry.npmjs.org/yargs/-/yargs-16.2.2.tgz 0ms (cache hit)
3489 http cache chalk@https://registry.npmjs.org/chalk/-/chalk-4.1.2.tgz 0ms (cache hit)
3490 http cache ansi-regex@https://registry.npmjs.org/ansi-regex/-/ansi-regex-6.2.2.tgz 0ms (cache hit)
3491 http cache chalk@https://registry.npmjs.org/chalk/-/chalk-5.6.2.tgz 0ms (cache hit)
3492 http cache ansi-escapes@https://registry.npmjs.org/ansi-escapes/-/ansi-escapes-7.3.0.tgz 0ms (cache hit)
3493 http cache libsodium@https://registry.npmjs.org/libsodium/-/libsodium-0.7.16.tgz 0ms (cache hit)
3494 http cache buffer-equal-constant-time@https://registry.npmjs.org/buffer-equal-constant-time/-/buffer-equal-constant-time-1.0.1.tgz 0ms (cache hit)
3495 http cache lodash.once@https://registry.npmjs.org/lodash.once/-/lodash.once-4.1.1.tgz 0ms (cache hit)
3496 http cache lodash.isstring@https://registry.npmjs.org/lodash.isstring/-/lodash.isstring-4.0.1.tgz 0ms (cache hit)
3497 http cache jwa@https://registry.npmjs.org/jwa/-/jwa-2.0.1.tgz 0ms (cache hit)
3498 http cache lodash.isplainobject@https://registry.npmjs.org/lodash.isplainobject/-/lodash.isplainobject-4.0.6.tgz 0ms (cache hit)
3499 http cache lodash.isnumber@https://registry.npmjs.org/lodash.isnumber/-/lodash.isnumber-3.0.3.tgz 0ms (cache hit)
3500 http cache lodash.isinteger@https://registry.npmjs.org/lodash.isinteger/-/lodash.isinteger-4.0.4.tgz 0ms (cache hit)
3501 http cache lodash.includes@https://registry.npmjs.org/lodash.includes/-/lodash.includes-4.3.0.tgz 0ms (cache hit)
3502 http cache lodash.isboolean@https://registry.npmjs.org/lodash.isboolean/-/lodash.isboolean-3.0.3.tgz 0ms (cache hit)
3503 http cache jju@https://registry.npmjs.org/jju/-/jju-1.4.0.tgz 0ms (cache hit)
3504 http cache bignumber.js@https://registry.npmjs.org/bignumber.js/-/bignumber.js-9.3.1.tgz 0ms (cache hit)
3505 http cache wrap-ansi-cjs@https://registry.npmjs.org/wrap-ansi/-/wrap-ansi-7.0.0.tgz 0ms (cache hit)
3506 http cache argparse@https://registry.npmjs.org/argparse/-/argparse-2.0.1.tgz 0ms (cache hit)
3507 http cache strip-ansi@https://registry.npmjs.org/strip-ansi/-/strip-ansi-6.0.1.tgz 0ms (cache hit)
3508 http cache ansi-regex@https://registry.npmjs.org/ansi-regex/-/ansi-regex-5.0.1.tgz 0ms (cache hit)
3509 http cache strip-ansi-cjs@https://registry.npmjs.org/strip-ansi/-/strip-ansi-6.0.1.tgz 0ms (cache hit)
3510 http cache string-width-cjs@https://registry.npmjs.org/string-width/-/string-width-4.2.3.tgz 0ms (cache hit)
3511 http cache strip-ansi@https://registry.npmjs.org/strip-ansi/-/strip-ansi-7.2.0.tgz 0ms (cache hit)
3512 http cache ansi-regex@https://registry.npmjs.org/ansi-regex/-/ansi-regex-5.0.1.tgz 0ms (cache hit)
3513 http cache ansi-regex@https://registry.npmjs.org/ansi-regex/-/ansi-regex-5.0.1.tgz 0ms (cache hit)
3514 http cache strip-ansi@https://registry.npmjs.org/strip-ansi/-/strip-ansi-6.0.1.tgz 0ms (cache hit)
3515 http cache @pkgjs/parseargs@https://registry.npmjs.org/@pkgjs/parseargs/-/parseargs-0.11.0.tgz 0ms (cache hit)
3516 http cache @isaacs/cliui@https://registry.npmjs.org/@isaacs/cliui/-/cliui-8.0.2.tgz 0ms (cache hit)
3517 http cache ansi-styles@https://registry.npmjs.org/ansi-styles/-/ansi-styles-6.2.3.tgz 0ms (cache hit)
3518 http cache emoji-regex@https://registry.npmjs.org/emoji-regex/-/emoji-regex-9.2.2.tgz 0ms (cache hit)
3519 http cache wrap-ansi@https://registry.npmjs.org/wrap-ansi/-/wrap-ansi-8.1.0.tgz 0ms (cache hit)
3520 http cache is-extglob@https://registry.npmjs.org/is-extglob/-/is-extglob-2.1.1.tgz 0ms (cache hit)
3521 http cache string-width@https://registry.npmjs.org/string-width/-/string-width-5.1.2.tgz 0ms (cache hit)
3522 http cache binary-extensions@https://registry.npmjs.org/binary-extensions/-/binary-extensions-2.3.0.tgz 0ms (cache hit)
3523 http cache safer-buffer@https://registry.npmjs.org/safer-buffer/-/safer-buffer-2.1.2.tgz 0ms (cache hit)
3524 http cache agent-base@https://registry.npmjs.org/agent-base/-/agent-base-7.1.4.tgz 0ms (cache hit)
3525 http cache url-template@https://registry.npmjs.org/url-template/-/url-template-2.0.8.tgz 1ms (cache hit)
3526 http cache once@https://registry.npmjs.org/once/-/once-1.4.0.tgz 0ms (cache hit)
3527 http cache toidentifier@https://registry.npmjs.org/toidentifier/-/toidentifier-1.0.1.tgz 0ms (cache hit)
3528 http cache stream-shift@https://registry.npmjs.org/stream-shift/-/stream-shift-1.0.3.tgz 0ms (cache hit)
3529 http cache inherits@https://registry.npmjs.org/inherits/-/inherits-2.0.4.tgz 0ms (cache hit)
3530 http cache end-of-stream@https://registry.npmjs.org/end-of-stream/-/end-of-stream-1.4.5.tgz 0ms (cache hit)
3531 http cache lodash.camelcase@https://registry.npmjs.org/lodash.camelcase/-/lodash.camelcase-4.3.0.tgz 0ms (cache hit)
3532 http cache yargs@https://registry.npmjs.org/yargs/-/yargs-17.7.3.tgz 0ms (cache hit)
3533 http cache rimraf@https://registry.npmjs.org/rimraf/-/rimraf-5.0.10.tgz 0ms (cache hit)
3534 http cache @js-sdsl/ordered-map@https://registry.npmjs.org/@js-sdsl/ordered-map/-/ordered-map-4.4.2.tgz 0ms (cache hit)
3535 http cache retry-request@https://registry.npmjs.org/retry-request/-/retry-request-8.0.4.tgz 0ms (cache hit)
3536 http cache protobufjs@https://registry.npmjs.org/protobufjs/-/protobufjs-7.6.5.tgz 0ms (cache hit)
3537 http cache object-hash@https://registry.npmjs.org/object-hash/-/object-hash-3.0.0.tgz 0ms (cache hit)
3538 http cache proto3-json-serializer@https://registry.npmjs.org/proto3-json-serializer/-/proto3-json-serializer-3.0.4.tgz 0ms (cache hit)
3539 http cache duplexify@https://registry.npmjs.org/duplexify/-/duplexify-4.1.3.tgz 0ms (cache hit)
3540 http cache @grpc/proto-loader@https://registry.npmjs.org/@grpc/proto-loader/-/proto-loader-0.8.1.tgz 0ms (cache hit)
3541 http cache @grpc/grpc-js@https://registry.npmjs.org/@grpc/grpc-js/-/grpc-js-1.14.4.tgz 0ms (cache hit)
3542 http cache json-bigint@https://registry.npmjs.org/json-bigint/-/json-bigint-1.0.0.tgz 0ms (cache hit)
3543 http cache readable-stream@https://registry.npmjs.org/readable-stream/-/readable-stream-3.6.2.tgz 0ms (cache hit)
3544 http cache jws@https://registry.npmjs.org/jws/-/jws-4.0.1.tgz 0ms (cache hit)
3545 http cache gcp-metadata@https://registry.npmjs.org/gcp-metadata/-/gcp-metadata-6.1.1.tgz 0ms (cache hit)
3546 http cache gtoken@https://registry.npmjs.org/gtoken/-/gtoken-7.1.0.tgz 0ms (cache hit)
3547 http cache ecdsa-sig-formatter@https://registry.npmjs.org/ecdsa-sig-formatter/-/ecdsa-sig-formatter-1.0.11.tgz 0ms (cache hit)
3548 http cache base64-js@https://registry.npmjs.org/base64-js/-/base64-js-1.5.1.tgz 0ms (cache hit)
3549 http cache path-scurry@https://registry.npmjs.org/path-scurry/-/path-scurry-1.11.1.tgz 0ms (cache hit)
3550 http cache google-logging-utils@https://registry.npmjs.org/google-logging-utils/-/google-logging-utils-0.0.2.tgz 0ms (cache hit)
3551 http cache package-json-from-dist@https://registry.npmjs.org/package-json-from-dist/-/package-json-from-dist-1.0.1.tgz 0ms (cache hit)
3552 http cache minipass@https://registry.npmjs.org/minipass/-/minipass-7.1.3.tgz 0ms (cache hit)
3553 http cache foreground-child@https://registry.npmjs.org/foreground-child/-/foreground-child-3.3.1.tgz 0ms (cache hit)
3554 http cache dunder-proto@https://registry.npmjs.org/dunder-proto/-/dunder-proto-1.0.1.tgz 0ms (cache hit)
3555 http cache jackspeak@https://registry.npmjs.org/jackspeak/-/jackspeak-3.4.3.tgz 0ms (cache hit)
3556 http cache math-intrinsics@https://registry.npmjs.org/math-intrinsics/-/math-intrinsics-1.1.0.tgz 0ms (cache hit)
3557 http cache has-symbols@https://registry.npmjs.org/has-symbols/-/has-symbols-1.1.0.tgz 0ms (cache hit)
3558 http cache get-proto@https://registry.npmjs.org/get-proto/-/get-proto-1.0.1.tgz 0ms (cache hit)
3559 http cache gopd@https://registry.npmjs.org/gopd/-/gopd-1.2.0.tgz 0ms (cache hit)
3560 http cache function-bind@https://registry.npmjs.org/function-bind/-/function-bind-1.1.2.tgz 0ms (cache hit)
3561 http cache es-object-atoms@https://registry.npmjs.org/es-object-atoms/-/es-object-atoms-1.1.2.tgz 0ms (cache hit)
3562 http cache es-define-property@https://registry.npmjs.org/es-define-property/-/es-define-property-1.0.1.tgz 0ms (cache hit)
3563 http cache call-bind-apply-helpers@https://registry.npmjs.org/call-bind-apply-helpers/-/call-bind-apply-helpers-1.0.2.tgz 0ms (cache hit)
3564 http cache https-proxy-agent@https://registry.npmjs.org/https-proxy-agent/-/https-proxy-agent-7.0.6.tgz 0ms (cache hit)
3565 http cache uuid@https://registry.npmjs.org/uuid/-/uuid-9.0.1.tgz 0ms (cache hit)
3566 http cache debug@https://registry.npmjs.org/debug/-/debug-4.4.3.tgz 0ms (cache hit)
3567 http cache universalify@https://registry.npmjs.org/universalify/-/universalify-2.0.1.tgz 0ms (cache hit)
3568 http cache ms@https://registry.npmjs.org/ms/-/ms-2.1.3.tgz 0ms (cache hit)
3569 http cache jsonfile@https://registry.npmjs.org/jsonfile/-/jsonfile-6.2.1.tgz 1ms (cache hit)
3570 http cache has-tostringtag@https://registry.npmjs.org/has-tostringtag/-/has-tostringtag-1.0.2.tgz 0ms (cache hit)
3571 http cache get-intrinsic@https://registry.npmjs.org/get-intrinsic/-/get-intrinsic-1.3.0.tgz 0ms (cache hit)
3572 http cache es-errors@https://registry.npmjs.org/es-errors/-/es-errors-1.3.0.tgz 0ms (cache hit)
3573 http cache delayed-stream@https://registry.npmjs.org/delayed-stream/-/delayed-stream-1.0.0.tgz 0ms (cache hit)
3574 http cache hasown@https://registry.npmjs.org/hasown/-/hasown-2.0.4.tgz 0ms (cache hit)
3575 http cache es-set-tostringtag@https://registry.npmjs.org/es-set-tostringtag/-/es-set-tostringtag-2.1.0.tgz 0ms (cache hit)
3576 http cache combined-stream@https://registry.npmjs.org/combined-stream/-/combined-stream-1.0.8.tgz 0ms (cache hit)
3577 http cache asynckit@https://registry.npmjs.org/asynckit/-/asynckit-0.4.0.tgz 0ms (cache hit)
3578 http cache ip-address@https://registry.npmjs.org/ip-address/-/ip-address-10.4.0.tgz 0ms (cache hit)
3579 http cache to-regex-range@https://registry.npmjs.org/to-regex-range/-/to-regex-range-5.0.1.tgz 0ms (cache hit)
3580 http cache negotiator@https://registry.npmjs.org/negotiator/-/negotiator-0.6.3.tgz 0ms (cache hit)
3581 http cache statuses@https://registry.npmjs.org/statuses/-/statuses-2.0.2.tgz 0ms (cache hit)
3582 http cache utils-merge@https://registry.npmjs.org/utils-merge/-/utils-merge-1.0.1.tgz 0ms (cache hit)
3583 http cache setprototypeof@https://registry.npmjs.org/setprototypeof/-/setprototypeof-1.2.0.tgz 0ms (cache hit)
3584 http cache mime-types@https://registry.npmjs.org/mime-types/-/mime-types-2.1.35.tgz 0ms (cache hit)
3585 http cache send@https://registry.npmjs.org/send/-/send-0.19.2.tgz 0ms (cache hit)
3586 http cache serve-static@https://registry.npmjs.org/serve-static/-/serve-static-1.16.3.tgz 0ms (cache hit)
3587 http cache range-parser@https://registry.npmjs.org/range-parser/-/range-parser-1.2.1.tgz 0ms (cache hit)
3588 http cache safe-buffer@https://registry.npmjs.org/safe-buffer/-/safe-buffer-5.2.1.tgz 0ms (cache hit)
3589 http cache ms@https://registry.npmjs.org/ms/-/ms-2.1.3.tgz 0ms (cache hit)
3590 http cache mime@https://registry.npmjs.org/mime/-/mime-1.6.0.tgz 0ms (cache hit)
3591 http cache proxy-addr@https://registry.npmjs.org/proxy-addr/-/proxy-addr-2.0.7.tgz 0ms (cache hit)
3592 http cache path-to-regexp@https://registry.npmjs.org/path-to-regexp/-/path-to-regexp-0.1.13.tgz 0ms (cache hit)
3593 http cache methods@https://registry.npmjs.org/methods/-/methods-1.1.2.tgz 0ms (cache hit)
3594 http cache merge-descriptors@https://registry.npmjs.org/merge-descriptors/-/merge-descriptors-1.0.3.tgz 0ms (cache hit)
3595 http cache parseurl@https://registry.npmjs.org/parseurl/-/parseurl-1.3.3.tgz 0ms (cache hit)
3596 http cache fresh@https://registry.npmjs.org/fresh/-/fresh-0.5.2.tgz 0ms (cache hit)
3597 http cache etag@https://registry.npmjs.org/etag/-/etag-1.8.1.tgz 0ms (cache hit)
3598 http cache finalhandler@https://registry.npmjs.org/finalhandler/-/finalhandler-1.3.2.tgz 0ms (cache hit)
3599 http cache escape-html@https://registry.npmjs.org/escape-html/-/escape-html-1.0.3.tgz 0ms (cache hit)
3600 http cache encodeurl@https://registry.npmjs.org/encodeurl/-/encodeurl-2.0.0.tgz 0ms (cache hit)
3601 http cache cookie-signature@https://registry.npmjs.org/cookie-signature/-/cookie-signature-1.0.7.tgz 0ms (cache hit)
3602 http cache cookie@https://registry.npmjs.org/cookie/-/cookie-0.7.2.tgz 0ms (cache hit)
3603 http cache array-flatten@https://registry.npmjs.org/array-flatten/-/array-flatten-1.1.1.tgz 0ms (cache hit)
3604 http cache content-disposition@https://registry.npmjs.org/content-disposition/-/content-disposition-0.5.4.tgz 0ms (cache hit)
3605 http cache accepts@https://registry.npmjs.org/accepts/-/accepts-1.3.8.tgz 0ms (cache hit)
3606 http cache call-me-maybe@https://registry.npmjs.org/call-me-maybe/-/call-me-maybe-1.0.2.tgz 0ms (cache hit)
3607 http cache @types/json-schema@https://registry.npmjs.org/@types/json-schema/-/json-schema-7.0.15.tgz 0ms (cache hit)
3608 http cache promise-breaker@https://registry.npmjs.org/promise-breaker/-/promise-breaker-6.0.0.tgz 0ms (cache hit)
3609 http cache openapi3-ts@https://registry.npmjs.org/openapi3-ts/-/openapi3-ts-3.2.0.tgz 0ms (cache hit)
3610 http cache json-ptr@https://registry.npmjs.org/json-ptr/-/json-ptr-3.1.1.tgz 0ms (cache hit)
3611 http cache @jsdevtools/ono@https://registry.npmjs.org/@jsdevtools/ono/-/ono-7.1.3.tgz 0ms (cache hit)
3612 http cache events-listener@https://registry.npmjs.org/events-listener/-/events-listener-1.1.0.tgz 0ms (cache hit)
3613 http cache deep-freeze@https://registry.npmjs.org/deep-freeze/-/deep-freeze-0.0.1.tgz 0ms (cache hit)
3614 http cache @apidevtools/json-schema-ref-parser@https://registry.npmjs.org/@apidevtools/json-schema-ref-parser/-/json-schema-ref-parser-9.1.2.tgz 0ms (cache hit)
3615 http cache ms@https://registry.npmjs.org/ms/-/ms-2.0.0.tgz 0ms (cache hit)
3616 http cache is-obj@https://registry.npmjs.org/is-obj/-/is-obj-2.0.0.tgz 0ms (cache hit)
3617 http cache which@https://registry.npmjs.org/which/-/which-2.0.2.tgz 0ms (cache hit)
3618 http cache shebang-command@https://registry.npmjs.org/shebang-command/-/shebang-command-2.0.0.tgz 0ms (cache hit)
3619 http cache path-key@https://registry.npmjs.org/path-key/-/path-key-3.1.1.tgz 0ms (cache hit)
3620 http cache object-assign@https://registry.npmjs.org/object-assign/-/object-assign-4.1.1.tgz 0ms (cache hit)
3621 http cache vary@https://registry.npmjs.org/vary/-/vary-1.1.2.tgz 0ms (cache hit)
3622 http cache xdg-basedir@https://registry.npmjs.org/xdg-basedir/-/xdg-basedir-4.0.0.tgz 0ms (cache hit)
3623 http cache write-file-atomic@https://registry.npmjs.org/write-file-atomic/-/write-file-atomic-3.0.3.tgz 0ms (cache hit)
3624 http cache unique-string@https://registry.npmjs.org/unique-string/-/unique-string-2.0.0.tgz 0ms (cache hit)
3625 http cache make-dir@https://registry.npmjs.org/make-dir/-/make-dir-3.1.0.tgz 0ms (cache hit)
3626 http cache signal-exit@https://registry.npmjs.org/signal-exit/-/signal-exit-3.0.7.tgz 0ms (cache hit)
3627 http cache semver@https://registry.npmjs.org/semver/-/semver-6.3.1.tgz 0ms (cache hit)
3628 http cache string-width@https://registry.npmjs.org/string-width/-/string-width-4.2.3.tgz 0ms (cache hit)
3629 http cache dot-prop@https://registry.npmjs.org/dot-prop/-/dot-prop-5.3.0.tgz 0ms (cache hit)
3630 http cache ansi-regex@https://registry.npmjs.org/ansi-regex/-/ansi-regex-5.0.1.tgz 0ms (cache hit)
3631 http cache strip-ansi@https://registry.npmjs.org/strip-ansi/-/strip-ansi-6.0.1.tgz 0ms (cache hit)
3632 http cache @colors/colors@https://registry.npmjs.org/@colors/colors/-/colors-1.5.0.tgz 0ms (cache hit)
3633 http cache json-parse-helpfulerror@https://registry.npmjs.org/json-parse-helpfulerror/-/json-parse-helpfulerror-1.0.3.tgz 0ms (cache hit)
3634 http cache fill-range@https://registry.npmjs.org/fill-range/-/fill-range-7.1.1.tgz 0ms (cache hit)
3635 http cache picomatch@https://registry.npmjs.org/picomatch/-/picomatch-2.3.2.tgz 0ms (cache hit)
3636 http cache readdirp@https://registry.npmjs.org/readdirp/-/readdirp-3.6.0.tgz 0ms (cache hit)
3637 http cache is-binary-path@https://registry.npmjs.org/is-binary-path/-/is-binary-path-2.1.0.tgz 0ms (cache hit)
3638 http cache glob-parent@https://registry.npmjs.org/glob-parent/-/glob-parent-5.1.2.tgz 0ms (cache hit)
3639 http cache braces@https://registry.npmjs.org/braces/-/braces-3.0.3.tgz 0ms (cache hit)
3640 http cache is-glob@https://registry.npmjs.org/is-glob/-/is-glob-4.0.3.tgz 0ms (cache hit)
3641 http cache anymatch@https://registry.npmjs.org/anymatch/-/anymatch-3.1.3.tgz 0ms (cache hit)
3642 http cache unpipe@https://registry.npmjs.org/unpipe/-/unpipe-1.0.0.tgz 0ms (cache hit)
3643 http cache type-is@https://registry.npmjs.org/type-is/-/type-is-1.6.18.tgz 0ms (cache hit)
3644 http cache on-finished@https://registry.npmjs.org/on-finished/-/on-finished-2.4.1.tgz 0ms (cache hit)
3645 http cache qs@https://registry.npmjs.org/qs/-/qs-6.15.3.tgz 0ms (cache hit)
3646 http cache http-errors@https://registry.npmjs.org/http-errors/-/http-errors-2.0.1.tgz 0ms (cache hit)
3647 http cache destroy@https://registry.npmjs.org/destroy/-/destroy-1.2.0.tgz 0ms (cache hit)
3648 http cache depd@https://registry.npmjs.org/depd/-/depd-2.0.0.tgz 0ms (cache hit)
3649 http cache bytes@https://registry.npmjs.org/bytes/-/bytes-3.1.2.tgz 0ms (cache hit)
3650 http cache normalize-path@https://registry.npmjs.org/normalize-path/-/normalize-path-3.0.0.tgz 0ms (cache hit)
3651 http cache lazystream@https://registry.npmjs.org/lazystream/-/lazystream-1.0.1.tgz 0ms (cache hit)
3652 http cache debug@https://registry.npmjs.org/debug/-/debug-2.6.9.tgz 0ms (cache hit)
3653 http cache readable-stream@https://registry.npmjs.org/readable-stream/-/readable-stream-2.3.8.tgz 0ms (cache hit)
3654 http cache safe-buffer@https://registry.npmjs.org/safe-buffer/-/safe-buffer-5.1.2.tgz 0ms (cache hit)
3655 http cache string_decoder@https://registry.npmjs.org/string_decoder/-/string_decoder-1.1.1.tgz 0ms (cache hit)
3656 http cache is-stream@https://registry.npmjs.org/is-stream/-/is-stream-2.0.1.tgz 0ms (cache hit)
3657 http cache graceful-fs@https://registry.npmjs.org/graceful-fs/-/graceful-fs-4.2.11.tgz 0ms (cache hit)
3658 http cache zip-stream@https://registry.npmjs.org/zip-stream/-/zip-stream-6.0.1.tgz 0ms (cache hit)
3659 http cache readdir-glob@https://registry.npmjs.org/readdir-glob/-/readdir-glob-1.1.3.tgz 0ms (cache hit)
3660 http cache tar-stream@https://registry.npmjs.org/tar-stream/-/tar-stream-3.2.0.tgz 0ms (cache hit)
3661 http cache readable-stream@https://registry.npmjs.org/readable-stream/-/readable-stream-4.7.0.tgz 0ms (cache hit)
3662 http cache minimatch@https://registry.npmjs.org/minimatch/-/minimatch-5.1.9.tgz 0ms (cache hit)
3663 http cache brace-expansion@https://registry.npmjs.org/brace-expansion/-/brace-expansion-2.1.4.tgz 0ms (cache hit)
3664 http cache buffer-crc32@https://registry.npmjs.org/buffer-crc32/-/buffer-crc32-1.0.0.tgz 0ms (cache hit)
3665 http cache archiver-utils@https://registry.npmjs.org/archiver-utils/-/archiver-utils-5.0.2.tgz 0ms (cache hit)
3666 http cache async@https://registry.npmjs.org/async/-/async-3.2.6.tgz 0ms (cache hit)
3667 http cache buffer@https://registry.npmjs.org/buffer/-/buffer-6.0.3.tgz 0ms (cache hit)
3668 http cache require-from-string@https://registry.npmjs.org/require-from-string/-/require-from-string-2.0.2.tgz 1ms (cache hit)
3669 http cache json-schema-traverse@https://registry.npmjs.org/json-schema-traverse/-/json-schema-traverse-1.0.0.tgz 0ms (cache hit)
3670 http cache fast-deep-equal@https://registry.npmjs.org/fast-deep-equal/-/fast-deep-equal-3.1.3.tgz 0ms (cache hit)
3671 http cache event-target-shim@https://registry.npmjs.org/event-target-shim/-/event-target-shim-5.0.1.tgz 0ms (cache hit)
3672 http cache zod-to-json-schema@https://registry.npmjs.org/zod-to-json-schema/-/zod-to-json-schema-3.25.2.tgz 0ms (cache hit)
3673 http cache pkce-challenge@https://registry.npmjs.org/pkce-challenge/-/pkce-challenge-5.0.1.tgz 0ms (cache hit)
3674 http cache json-schema-typed@https://registry.npmjs.org/json-schema-typed/-/json-schema-typed-8.0.2.tgz 0ms (cache hit)
3675 http cache raw-body@https://registry.npmjs.org/raw-body/-/raw-body-3.0.2.tgz 0ms (cache hit)
3676 http cache jose@https://registry.npmjs.org/jose/-/jose-6.2.8.tgz 0ms (cache hit)
3677 http cache express-rate-limit@https://registry.npmjs.org/express-rate-limit/-/express-rate-limit-8.6.1.tgz 0ms (cache hit)
3678 http cache debug@https://registry.npmjs.org/debug/-/debug-4.4.3.tgz 0ms (cache hit)
3679 http cache eventsource-parser@https://registry.npmjs.org/eventsource-parser/-/eventsource-parser-3.1.0.tgz 0ms (cache hit)
3680 http cache ms@https://registry.npmjs.org/ms/-/ms-2.1.3.tgz 0ms (cache hit)
3681 http cache fast-uri@https://registry.npmjs.org/fast-uri/-/fast-uri-3.1.5.tgz 0ms (cache hit)
3682 http cache eventsource@https://registry.npmjs.org/eventsource/-/eventsource-3.0.7.tgz 0ms (cache hit)
3683 http cache content-type@https://registry.npmjs.org/content-type/-/content-type-1.0.5.tgz 0ms (cache hit)
3684 http cache hono@https://registry.npmjs.org/hono/-/hono-4.12.34.tgz 0ms (cache hit)
3685 http cache chardet@https://registry.npmjs.org/chardet/-/chardet-2.2.0.tgz 0ms (cache hit)
3686 http cache iconv-lite@https://registry.npmjs.org/iconv-lite/-/iconv-lite-0.7.3.tgz 0ms (cache hit)
3687 http cache @hono/node-server@https://registry.npmjs.org/@hono/node-server/-/node-server-2.0.12.tgz 0ms (cache hit)
3688 http cache wrap-ansi@https://registry.npmjs.org/wrap-ansi/-/wrap-ansi-6.2.0.tgz 0ms (cache hit)
3689 http cache @inquirer/external-editor@https://registry.npmjs.org/@inquirer/external-editor/-/external-editor-1.0.3.tgz 0ms (cache hit)
3690 http cache ansi-regex@https://registry.npmjs.org/ansi-regex/-/ansi-regex-5.0.1.tgz 0ms (cache hit)
3691 http cache signal-exit@https://registry.npmjs.org/signal-exit/-/signal-exit-4.1.0.tgz 0ms (cache hit)
3692 http cache strip-ansi@https://registry.npmjs.org/strip-ansi/-/strip-ansi-6.0.1.tgz 0ms (cache hit)
3693 http cache cli-width@https://registry.npmjs.org/cli-width/-/cli-width-4.1.0.tgz 0ms (cache hit)
3694 http cache mute-stream@https://registry.npmjs.org/mute-stream/-/mute-stream-2.0.0.tgz 0ms (cache hit)
3695 http cache yoctocolors-cjs@https://registry.npmjs.org/yoctocolors-cjs/-/yoctocolors-cjs-2.1.3.tgz 0ms (cache hit)
3696 http cache @inquirer/type@https://registry.npmjs.org/@inquirer/type/-/type-3.0.10.tgz 0ms (cache hit)
3697 http cache @inquirer/figures@https://registry.npmjs.org/@inquirer/figures/-/figures-1.0.15.tgz 0ms (cache hit)
3698 http cache @inquirer/ansi@https://registry.npmjs.org/@inquirer/ansi/-/ansi-1.0.2.tgz 0ms (cache hit)
3699 http cache @inquirer/core@https://registry.npmjs.org/@inquirer/core/-/core-10.3.2.tgz 0ms (cache hit)
3700 http cache @inquirer/select@https://registry.npmjs.org/@inquirer/select/-/select-4.4.2.tgz 0ms (cache hit)
3701 http cache @inquirer/search@https://registry.npmjs.org/@inquirer/search/-/search-3.2.2.tgz 0ms (cache hit)
3702 http cache @inquirer/rawlist@https://registry.npmjs.org/@inquirer/rawlist/-/rawlist-4.1.11.tgz 0ms (cache hit)
3703 http cache @inquirer/number@https://registry.npmjs.org/@inquirer/number/-/number-3.0.23.tgz 0ms (cache hit)
3704 http cache @inquirer/input@https://registry.npmjs.org/@inquirer/input/-/input-4.3.1.tgz 0ms (cache hit)
3705 http cache @inquirer/password@https://registry.npmjs.org/@inquirer/password/-/password-4.0.23.tgz 0ms (cache hit)
3706 http cache @inquirer/expand@https://registry.npmjs.org/@inquirer/expand/-/expand-4.0.23.tgz 0ms (cache hit)
3707 http cache @inquirer/confirm@https://registry.npmjs.org/@inquirer/confirm/-/confirm-5.1.21.tgz 0ms (cache hit)
3708 http cache @inquirer/editor@https://registry.npmjs.org/@inquirer/editor/-/editor-4.2.23.tgz 0ms (cache hit)
3709 http cache googleapis-common@https://registry.npmjs.org/googleapis-common/-/googleapis-common-8.0.3.tgz 0ms (cache hit)
3710 http cache @inquirer/checkbox@https://registry.npmjs.org/@inquirer/checkbox/-/checkbox-4.3.2.tgz 0ms (cache hit)
3711 http cache data-uri-to-buffer@https://registry.npmjs.org/data-uri-to-buffer/-/data-uri-to-buffer-4.0.1.tgz 0ms (cache hit)
3712 http cache gtoken@https://registry.npmjs.org/gtoken/-/gtoken-8.0.0.tgz 0ms (cache hit)
3713 http cache gcp-metadata@https://registry.npmjs.org/gcp-metadata/-/gcp-metadata-8.1.4.tgz 0ms (cache hit)
3714 http cache google-logging-utils@https://registry.npmjs.org/google-logging-utils/-/google-logging-utils-1.1.3.tgz 0ms (cache hit)
3715 http cache google-auth-library@https://registry.npmjs.org/google-auth-library/-/google-auth-library-10.5.0.tgz 0ms (cache hit)
3716 http cache node-fetch@https://registry.npmjs.org/node-fetch/-/node-fetch-3.3.2.tgz 0ms (cache hit)
3717 http cache gaxios@https://registry.npmjs.org/gaxios/-/gaxios-7.1.3.tgz 0ms (cache hit)
3718 http cache p-defer@https://registry.npmjs.org/p-defer/-/p-defer-3.0.0.tgz 0ms (cache hit)
3719 http cache long@https://registry.npmjs.org/long/-/long-5.3.2.tgz 0ms (cache hit)
3720 http cache is-stream-ended@https://registry.npmjs.org/is-stream-ended/-/is-stream-ended-0.1.4.tgz 0ms (cache hit)
3721 http cache lodash.snakecase@https://registry.npmjs.org/lodash.snakecase/-/lodash.snakecase-4.1.1.tgz 0ms (cache hit)
3722 http cache heap-js@https://registry.npmjs.org/heap-js/-/heap-js-2.7.1.tgz 0ms (cache hit)
3723 http cache google-gax@https://registry.npmjs.org/google-gax/-/google-gax-5.0.8.tgz 0ms (cache hit)
3724 http cache data-uri-to-buffer@https://registry.npmjs.org/data-uri-to-buffer/-/data-uri-to-buffer-4.0.1.tgz 0ms (cache hit)
3725 http cache gtoken@https://registry.npmjs.org/gtoken/-/gtoken-8.0.0.tgz 0ms (cache hit)
3726 http cache gcp-metadata@https://registry.npmjs.org/gcp-metadata/-/gcp-metadata-8.1.4.tgz 0ms (cache hit)
3727 http cache gaxios@https://registry.npmjs.org/gaxios/-/gaxios-7.1.3.tgz 0ms (cache hit)
3728 http cache gaxios@https://registry.npmjs.org/gaxios/-/gaxios-7.3.0.tgz 0ms (cache hit)
3729 http cache node-fetch@https://registry.npmjs.org/node-fetch/-/node-fetch-3.3.2.tgz 0ms (cache hit)
3730 http cache google-logging-utils@https://registry.npmjs.org/google-logging-utils/-/google-logging-utils-1.1.3.tgz 0ms (cache hit)
3731 http cache google-auth-library@https://registry.npmjs.org/google-auth-library/-/google-auth-library-10.5.0.tgz 0ms (cache hit)
3732 http cache extend@https://registry.npmjs.org/extend/-/extend-3.0.2.tgz 0ms (cache hit)
3733 http cache arrify@https://registry.npmjs.org/arrify/-/arrify-2.0.1.tgz 0ms (cache hit)
3734 http cache @opentelemetry/semantic-conventions@https://registry.npmjs.org/@opentelemetry/semantic-conventions/-/semantic-conventions-1.39.0.tgz 0ms (cache hit)
3735 http cache @opentelemetry/core@https://registry.npmjs.org/@opentelemetry/core/-/core-1.30.1.tgz 0ms (cache hit)
3736 http cache @google-cloud/promisify@https://registry.npmjs.org/@google-cloud/promisify/-/promisify-5.1.0.tgz 0ms (cache hit)
3737 http cache @google-cloud/projectify@https://registry.npmjs.org/@google-cloud/projectify/-/projectify-5.2.0.tgz 0ms (cache hit)
3738 http cache @opentelemetry/semantic-conventions@https://registry.npmjs.org/@opentelemetry/semantic-conventions/-/semantic-conventions-1.28.0.tgz 0ms (cache hit)
3739 http cache @opentelemetry/api@https://registry.npmjs.org/@opentelemetry/api/-/api-1.9.1.tgz 0ms (cache hit)
3740 http cache @google-cloud/precise-date@https://registry.npmjs.org/@google-cloud/precise-date/-/precise-date-5.2.0.tgz 0ms (cache hit)
3741 http cache @google-cloud/paginator@https://registry.npmjs.org/@google-cloud/paginator/-/paginator-6.1.0.tgz 0ms (cache hit)
3742 http cache p-throttle@https://registry.npmjs.org/p-throttle/-/p-throttle-8.1.0.tgz 0ms (cache hit)
3743 http cache yaml@https://registry.npmjs.org/yaml/-/yaml-2.9.0.tgz 0ms (cache hit)
3744 http cache zod@https://registry.npmjs.org/zod/-/zod-4.4.3.tgz 0ms (cache hit)
3745 http cache ws@https://registry.npmjs.org/ws/-/ws-8.21.1.tgz 0ms (cache hit)
3746 http cache @googleapis/sqladmin@https://registry.npmjs.org/@googleapis/sqladmin/-/sqladmin-37.0.0.tgz 0ms (cache hit)
3747 http cache winston-transport@https://registry.npmjs.org/winston-transport/-/winston-transport-4.9.0.tgz 0ms (cache hit)
3748 http cache winston@https://registry.npmjs.org/winston/-/winston-3.19.0.tgz 0ms (cache hit)
3749 http cache readable-stream@https://registry.npmjs.org/readable-stream/-/readable-stream-3.6.2.tgz 0ms (cache hit)
3750 http cache update-notifier-cjs@https://registry.npmjs.org/update-notifier-cjs/-/update-notifier-cjs-5.1.7.tgz 0ms (cache hit)
3751 http cache readable-stream@https://registry.npmjs.org/readable-stream/-/readable-stream-3.6.2.tgz 0ms (cache hit)
3752 http cache @colors/colors@https://registry.npmjs.org/@colors/colors/-/colors-1.6.0.tgz 0ms (cache hit)
3753 http cache chalk@https://registry.npmjs.org/chalk/-/chalk-4.1.2.tgz 0ms (cache hit)
3754 http cache universal-analytics@https://registry.npmjs.org/universal-analytics/-/universal-analytics-0.5.4.tgz 0ms (cache hit)
3755 http cache undici@https://registry.npmjs.org/undici/-/undici-6.28.0.tgz 0ms (cache hit)
3756 http cache uuid@https://registry.npmjs.org/uuid/-/uuid-14.0.1.tgz 0ms (cache hit)
3757 http cache debug@https://registry.npmjs.org/debug/-/debug-4.4.3.tgz 0ms (cache hit)
3758 http cache ms@https://registry.npmjs.org/ms/-/ms-2.1.3.tgz 0ms (cache hit)
3759 http cache tmp@https://registry.npmjs.org/tmp/-/tmp-0.2.7.tgz 0ms (cache hit)
3760 http cache triple-beam@https://registry.npmjs.org/triple-beam/-/triple-beam-1.4.1.tgz 0ms (cache hit)
3761 http cache tcp-port-used@https://registry.npmjs.org/tcp-port-used/-/tcp-port-used-1.0.3.tgz 0ms (cache hit)
3762 http cache tar@https://registry.npmjs.org/tar/-/tar-7.5.22.tgz 0ms (cache hit)
3763 http cache debug@https://registry.npmjs.org/debug/-/debug-4.3.1.tgz 0ms (cache hit)
3764 http cache superstatic@https://registry.npmjs.org/superstatic/-/superstatic-10.0.0.tgz 0ms (cache hit)
3765 http cache ms@https://registry.npmjs.org/ms/-/ms-2.1.2.tgz 0ms (cache hit)
3766 http cache path-to-regexp@https://registry.npmjs.org/path-to-regexp/-/path-to-regexp-1.9.0.tgz 0ms (cache hit)
3767 http cache isarray@https://registry.npmjs.org/isarray/-/isarray-0.0.1.tgz 0ms (cache hit)
3768 http cache brace-expansion@https://registry.npmjs.org/brace-expansion/-/brace-expansion-2.1.4.tgz 0ms (cache hit)
3769 http cache minimatch@https://registry.npmjs.org/minimatch/-/minimatch-6.2.3.tgz 0ms (cache hit)
3770 http cache commander@https://registry.npmjs.org/commander/-/commander-10.0.1.tgz 0ms (cache hit)
3771 http cache stream-json@https://registry.npmjs.org/stream-json/-/stream-json-1.9.1.tgz 0ms (cache hit)
3772 http cache stream-chain@https://registry.npmjs.org/stream-chain/-/stream-chain-2.2.5.tgz 1ms (cache hit)
3773 http cache sql-formatter@https://registry.npmjs.org/sql-formatter/-/sql-formatter-15.8.2.tgz 0ms (cache hit)
3774 http cache semver@https://registry.npmjs.org/semver/-/semver-7.8.5.tgz 0ms (cache hit)
3775 http cache retry@https://registry.npmjs.org/retry/-/retry-0.13.1.tgz 0ms (cache hit)
3776 http cache proxy-agent@https://registry.npmjs.org/proxy-agent/-/proxy-agent-6.5.0.tgz 0ms (cache hit)
3777 http cache ms@https://registry.npmjs.org/ms/-/ms-2.1.3.tgz 0ms (cache hit)
3778 http cache lru-cache@https://registry.npmjs.org/lru-cache/-/lru-cache-7.18.3.tgz 0ms (cache hit)
3779 http cache debug@https://registry.npmjs.org/debug/-/debug-4.4.3.tgz 0ms (cache hit)
3780 http cache progress@https://registry.npmjs.org/progress/-/progress-2.0.3.tgz 0ms (cache hit)
3781 http cache portfinder@https://registry.npmjs.org/portfinder/-/portfinder-1.0.38.tgz 0ms (cache hit)
3782 http cache debug@https://registry.npmjs.org/debug/-/debug-4.4.3.tgz 0ms (cache hit)
3783 http cache ms@https://registry.npmjs.org/ms/-/ms-2.1.3.tgz 0ms (cache hit)
3784 http cache pg-gateway@https://registry.npmjs.org/pg-gateway/-/pg-gateway-0.3.0-beta.4.tgz 0ms (cache hit)
3785 http cache pglite-2@https://registry.npmjs.org/@electric-sql/pglite/-/pglite-0.2.17.tgz 0ms (cache hit)
3786 http cache pg@https://registry.npmjs.org/pg/-/pg-8.22.0.tgz 0ms (cache hit)
3787 http cache ora@https://registry.npmjs.org/ora/-/ora-5.4.1.tgz 0ms (cache hit)
3788 http cache ansi-regex@https://registry.npmjs.org/ansi-regex/-/ansi-regex-5.0.1.tgz 0ms (cache hit)
3789 http cache chalk@https://registry.npmjs.org/chalk/-/chalk-4.1.2.tgz 0ms (cache hit)
3790 http cache open@https://registry.npmjs.org/open/-/open-6.4.0.tgz 0ms (cache hit)
3791 http cache strip-ansi@https://registry.npmjs.org/strip-ansi/-/strip-ansi-6.0.1.tgz 0ms (cache hit)
3792 http cache node-fetch@https://registry.npmjs.org/node-fetch/-/node-fetch-2.7.0.tgz 0ms (cache hit)
3793 http cache morgan@https://registry.npmjs.org/morgan/-/morgan-1.11.0.tgz 0ms (cache hit)
3794 http cache minimatch@https://registry.npmjs.org/minimatch/-/minimatch-3.1.5.tgz 0ms (cache hit)
3795 http cache marked-terminal@https://registry.npmjs.org/marked-terminal/-/marked-terminal-7.3.0.tgz 0ms (cache hit)
3796 http cache marked@https://registry.npmjs.org/marked/-/marked-13.0.3.tgz 0ms (cache hit)
3797 http cache lsofi@https://registry.npmjs.org/lsofi/-/lsofi-2.0.0.tgz 0ms (cache hit)
3798 http cache mime@https://registry.npmjs.org/mime/-/mime-2.6.0.tgz 0ms (cache hit)
3799 http cache lodash@https://registry.npmjs.org/lodash/-/lodash-4.18.1.tgz 0ms (cache hit)
3800 http cache libsodium-wrappers@https://registry.npmjs.org/libsodium-wrappers/-/libsodium-wrappers-0.7.16.tgz 0ms (cache hit)
3801 http cache jsonwebtoken@https://registry.npmjs.org/jsonwebtoken/-/jsonwebtoken-9.0.3.tgz 0ms (cache hit)
3802 http cache js-yaml@https://registry.npmjs.org/js-yaml/-/js-yaml-4.3.1.tgz 0ms (cache hit)
3803 http cache ms@https://registry.npmjs.org/ms/-/ms-2.1.3.tgz 0ms (cache hit)
3804 http cache ignore@https://registry.npmjs.org/ignore/-/ignore-7.0.6.tgz 0ms (cache hit)
3805 http cache google-auth-library@https://registry.npmjs.org/google-auth-library/-/google-auth-library-9.15.1.tgz 0ms (cache hit)
3806 http cache glob@https://registry.npmjs.org/glob/-/glob-10.5.0.tgz 0ms (cache hit)
3807 http cache gaxios@https://registry.npmjs.org/gaxios/-/gaxios-6.7.1.tgz 0ms (cache hit)
3808 http cache fuzzy@https://registry.npmjs.org/fuzzy/-/fuzzy-0.1.3.tgz 0ms (cache hit)
3809 http cache brace-expansion@https://registry.npmjs.org/brace-expansion/-/brace-expansion-2.1.4.tgz 0ms (cache hit)
3810 http cache minimatch@https://registry.npmjs.org/minimatch/-/minimatch-9.0.9.tgz 0ms (cache hit)
3811 http cache fs-extra@https://registry.npmjs.org/fs-extra/-/fs-extra-10.1.0.tgz 0ms (cache hit)
3812 http cache form-data@https://registry.npmjs.org/form-data/-/form-data-4.0.6.tgz 0ms (cache hit)
3813 http cache express@https://registry.npmjs.org/express/-/express-4.22.2.tgz 0ms (cache hit)
3814 http cache exegesis-express@https://registry.npmjs.org/exegesis-express/-/exegesis-express-4.0.0.tgz 0ms (cache hit)
3815 http cache exegesis@https://registry.npmjs.org/exegesis/-/exegesis-4.3.0.tgz 0ms (cache hit)
3816 http cache csv-parse@https://registry.npmjs.org/csv-parse/-/csv-parse-5.6.0.tgz 0ms (cache hit)
3817 http cache iconv-lite@https://registry.npmjs.org/iconv-lite/-/iconv-lite-0.4.24.tgz 0ms (cache hit)
3818 http cache raw-body@https://registry.npmjs.org/raw-body/-/raw-body-2.5.3.tgz 0ms (cache hit)
3819 http cache ajv-formats@https://registry.npmjs.org/ajv-formats/-/ajv-formats-2.1.1.tgz 0ms (cache hit)
3820 http cache cross-spawn@https://registry.npmjs.org/cross-spawn/-/cross-spawn-7.0.6.tgz 0ms (cache hit)
3821 http cache cross-env@https://registry.npmjs.org/cross-env/-/cross-env-7.0.3.tgz 0ms (cache hit)
3822 http cache cors@https://registry.npmjs.org/cors/-/cors-2.8.6.tgz 0ms (cache hit)
3823 http cache configstore@https://registry.npmjs.org/configstore/-/configstore-5.0.1.tgz 0ms (cache hit)
3824 http cache commander@https://registry.npmjs.org/commander/-/commander-5.1.0.tgz 0ms (cache hit)
3825 http cache colorette@https://registry.npmjs.org/colorette/-/colorette-2.0.20.tgz 0ms (cache hit)
3826 http cache cli-table3@https://registry.npmjs.org/cli-table3/-/cli-table3-0.6.5.tgz 0ms (cache hit)
3827 http cache cjson@https://registry.npmjs.org/cjson/-/cjson-0.3.3.tgz 0ms (cache hit)
3828 http cache chokidar@https://registry.npmjs.org/chokidar/-/chokidar-3.6.0.tgz 0ms (cache hit)
3829 http cache body-parser@https://registry.npmjs.org/body-parser/-/body-parser-1.20.6.tgz 0ms (cache hit)
3830 http cache raw-body@https://registry.npmjs.org/raw-body/-/raw-body-2.5.3.tgz 0ms (cache hit)
3831 http cache async-lock@https://registry.npmjs.org/async-lock/-/async-lock-1.4.1.tgz 0ms (cache hit)
3832 http cache iconv-lite@https://registry.npmjs.org/iconv-lite/-/iconv-lite-0.4.24.tgz 0ms (cache hit)
3833 http cache archiver@https://registry.npmjs.org/archiver/-/archiver-7.0.1.tgz 0ms (cache hit)
3834 http cache ajv-formats@https://registry.npmjs.org/ajv-formats/-/ajv-formats-3.0.1.tgz 0ms (cache hit)
3835 http cache ajv@https://registry.npmjs.org/ajv/-/ajv-8.20.0.tgz 0ms (cache hit)
3836 http cache abort-controller@https://registry.npmjs.org/abort-controller/-/abort-controller-3.0.0.tgz 1ms (cache hit)
3837 http cache @modelcontextprotocol/sdk@https://registry.npmjs.org/@modelcontextprotocol/sdk/-/sdk-1.30.0.tgz 0ms (cache hit)
3838 http cache media-typer@https://registry.npmjs.org/media-typer/-/media-typer-1.1.1.tgz 0ms (cache hit)
3839 http cache ms@https://registry.npmjs.org/ms/-/ms-2.1.3.tgz 0ms (cache hit)
3840 http cache mime-db@https://registry.npmjs.org/mime-db/-/mime-db-1.54.0.tgz 0ms (cache hit)
3841 http cache negotiator@https://registry.npmjs.org/negotiator/-/negotiator-1.0.0.tgz 0ms (cache hit)
3842 http cache type-is@https://registry.npmjs.org/type-is/-/type-is-2.1.0.tgz 0ms (cache hit)
3843 http cache serve-static@https://registry.npmjs.org/serve-static/-/serve-static-2.2.1.tgz 0ms (cache hit)
3844 http cache send@https://registry.npmjs.org/send/-/send-1.2.1.tgz 0ms (cache hit)
3845 http cache content-type@https://registry.npmjs.org/content-type/-/content-type-2.0.0.tgz 0ms (cache hit)
3846 http cache mime-types@https://registry.npmjs.org/mime-types/-/mime-types-3.0.2.tgz 0ms (cache hit)
3847 http cache merge-descriptors@https://registry.npmjs.org/merge-descriptors/-/merge-descriptors-2.0.0.tgz 0ms (cache hit)
3848 http cache fresh@https://registry.npmjs.org/fresh/-/fresh-2.0.0.tgz 0ms (cache hit)
3849 http cache finalhandler@https://registry.npmjs.org/finalhandler/-/finalhandler-2.1.1.tgz 0ms (cache hit)
3850 http cache debug@https://registry.npmjs.org/debug/-/debug-4.4.3.tgz 0ms (cache hit)
3851 http cache cookie-signature@https://registry.npmjs.org/cookie-signature/-/cookie-signature-1.2.2.tgz 0ms (cache hit)
3852 http cache content-disposition@https://registry.npmjs.org/content-disposition/-/content-disposition-1.1.0.tgz 0ms (cache hit)
3853 http cache body-parser@https://registry.npmjs.org/body-parser/-/body-parser-2.3.0.tgz 0ms (cache hit)
3854 http cache accepts@https://registry.npmjs.org/accepts/-/accepts-2.0.0.tgz 0ms (cache hit)
3855 http cache express@https://registry.npmjs.org/express/-/express-5.2.1.tgz 0ms (cache hit)
3856 http cache @inquirer/prompts@https://registry.npmjs.org/@inquirer/prompts/-/prompts-7.10.1.tgz 0ms (cache hit)
3857 http cache content-type@https://registry.npmjs.org/content-type/-/content-type-2.0.0.tgz 0ms (cache hit)
3858 http cache @google-cloud/pubsub@https://registry.npmjs.org/@google-cloud/pubsub/-/pubsub-5.3.1.tgz 0ms (cache hit)
3859 http cache node-fetch@https://registry.npmjs.org/node-fetch/-/node-fetch-3.3.2.tgz 0ms (cache hit)
3860 http cache data-uri-to-buffer@https://registry.npmjs.org/data-uri-to-buffer/-/data-uri-to-buffer-4.0.1.tgz 0ms (cache hit)
3861 http cache google-logging-utils@https://registry.npmjs.org/google-logging-utils/-/google-logging-utils-1.1.3.tgz 0ms (cache hit)
3862 http cache gcp-metadata@https://registry.npmjs.org/gcp-metadata/-/gcp-metadata-8.1.2.tgz 0ms (cache hit)
3863 http cache google-auth-library@https://registry.npmjs.org/google-auth-library/-/google-auth-library-10.9.1.tgz 0ms (cache hit)
3864 http cache gaxios@https://registry.npmjs.org/gaxios/-/gaxios-7.3.0.tgz 0ms (cache hit)
3865 http cache @google-cloud/cloud-sql-connector@https://registry.npmjs.org/@google-cloud/cloud-sql-connector/-/cloud-sql-connector-1.11.3.tgz 0ms (cache hit)
3866 http cache data-uri-to-buffer@https://registry.npmjs.org/data-uri-to-buffer/-/data-uri-to-buffer-4.0.1.tgz 0ms (cache hit)
3867 http cache gcp-metadata@https://registry.npmjs.org/gcp-metadata/-/gcp-metadata-8.1.2.tgz 0ms (cache hit)
3868 http cache google-logging-utils@https://registry.npmjs.org/google-logging-utils/-/google-logging-utils-1.1.3.tgz 0ms (cache hit)
3869 http cache node-fetch@https://registry.npmjs.org/node-fetch/-/node-fetch-3.3.2.tgz 0ms (cache hit)
3870 http cache google-auth-library@https://registry.npmjs.org/google-auth-library/-/google-auth-library-10.9.1.tgz 0ms (cache hit)
3871 http cache gaxios@https://registry.npmjs.org/gaxios/-/gaxios-7.3.0.tgz 0ms (cache hit)
3872 http cache @electric-sql/pglite-tools@https://registry.npmjs.org/@electric-sql/pglite-tools/-/pglite-tools-0.2.21.tgz 0ms (cache hit)
3873 http cache @electric-sql/pglite@https://registry.npmjs.org/@electric-sql/pglite/-/pglite-0.3.16.tgz 0ms (cache hit)
3874 http cache @apphosting/common@https://registry.npmjs.org/@apphosting/common/-/common-0.0.8.tgz 0ms (cache hit)
3875 warn deprecated node-domexception@1.0.0: Use your platform's native DOMException instead
3876 warn deprecated json-ptr@3.1.1: Package no longer supported. Contact Support at https://www.npmjs.com/support for more info.
3877 warn deprecated uuid@9.0.1: uuid@10 and below is no longer supported.  For ESM codebases, update to uuid@latest.  For CommonJS codebases, use uuid@11 (but be aware this version will likely be deprecated in 2028).
3878 warn deprecated glob@10.5.0: Old versions of glob are not supported, and contain widely publicized security vulnerabilities, which have been fixed in the current version. Please update. Support for old versions may be purchased (at exorbitant rates) by contacting i@izs.me
3879 info run re2@1.26.1 install node_modules/firebase-tools/node_modules/re2 install-from-cache --artifact build/Release/re2.node --host-var RE2_DOWNLOAD_MIRROR --skip-path-var RE2_DOWNLOAD_SKIP_PATH --skip-ver-var RE2_DOWNLOAD_SKIP_VER --force-build-var RE2_DOWNLOAD_FORCE_BUILD || node-gyp -j max rebuild
3880 info run re2@1.26.1 install { code: 0, signal: null }
3881 info run protobufjs@7.6.5 postinstall node_modules/firebase-tools/node_modules/protobufjs node scripts/postinstall
3882 info run protobufjs@7.6.5 postinstall { code: 0, signal: null }
3883 silly ADD node_modules/firebase-tools
3884 silly ADD node_modules/firebase-tools/node_modules/process-nextick-args
3885 silly ADD node_modules/firebase-tools/node_modules/isarray
3886 silly ADD node_modules/firebase-tools/node_modules/core-util-is
3887 silly ADD node_modules/firebase-tools/node_modules/util-deprecate
3888 silly ADD node_modules/firebase-tools/node_modules/eastasianwidth
3889 silly ADD node_modules/firebase-tools/node_modules/web-streams-polyfill
3890 silly ADD node_modules/firebase-tools/node_modules/node-domexception
3891 silly ADD node_modules/firebase-tools/node_modules/formdata-polyfill
3892 silly ADD node_modules/firebase-tools/node_modules/fetch-blob
3893 silly ADD node_modules/firebase-tools/node_modules/crc32-stream
3894 silly ADD node_modules/firebase-tools/node_modules/crc-32
3895 silly ADD node_modules/firebase-tools/node_modules/compress-commons
3896 silly ADD node_modules/firebase-tools/node_modules/yargs-parser
3897 silly ADD node_modules/firebase-tools/node_modules/y18n
3898 silly ADD node_modules/firebase-tools/node_modules/require-directory
3899 silly ADD node_modules/firebase-tools/node_modules/get-caller-file
3900 silly ADD node_modules/firebase-tools/node_modules/escalade
3901 silly ADD node_modules/firebase-tools/node_modules/cliui
3902 silly ADD node_modules/firebase-tools/node_modules/cliui/node_modules/ansi-regex
3903 silly ADD node_modules/firebase-tools/node_modules/cliui/node_modules/wrap-ansi
3904 silly ADD node_modules/firebase-tools/node_modules/cliui/node_modules/strip-ansi
3905 silly ADD node_modules/firebase-tools/node_modules/typedarray-to-buffer
3906 silly ADD node_modules/firebase-tools/node_modules/is-typedarray
3907 silly ADD node_modules/firebase-tools/node_modules/imurmurhash
3908 silly ADD node_modules/firebase-tools/node_modules/ansi-styles
3909 silly ADD node_modules/firebase-tools/node_modules/ansi-styles/node_modules/color-name
3910 silly ADD node_modules/firebase-tools/node_modules/ansi-styles/node_modules/color-convert
3911 silly ADD node_modules/firebase-tools/node_modules/fn.name
3912 silly ADD node_modules/firebase-tools/node_modules/fecha
3913 silly ADD node_modules/firebase-tools/node_modules/@types/triple-beam
3914 silly ADD node_modules/firebase-tools/node_modules/color-name
3915 silly ADD node_modules/firebase-tools/node_modules/color-string
3916 silly ADD node_modules/firebase-tools/node_modules/color-convert
3917 silly ADD node_modules/firebase-tools/node_modules/text-hex
3918 silly ADD node_modules/firebase-tools/node_modules/color
3919 silly ADD node_modules/firebase-tools/node_modules/kuler
3920 silly ADD node_modules/firebase-tools/node_modules/enabled
3921 silly ADD node_modules/firebase-tools/node_modules/@so-ric/colorspace
3922 silly ADD node_modules/firebase-tools/node_modules/stack-trace
3923 silly ADD node_modules/firebase-tools/node_modules/safe-stable-stringify
3924 silly ADD node_modules/firebase-tools/node_modules/one-time
3925 silly ADD node_modules/firebase-tools/node_modules/logform
3926 silly ADD node_modules/firebase-tools/node_modules/logform/node_modules/ms
3927 silly ADD node_modules/firebase-tools/node_modules/logform/node_modules/@colors/colors
3928 silly ADD node_modules/firebase-tools/node_modules/@dabh/diagnostics
3929 silly ADD node_modules/firebase-tools/node_modules/isexe
3930 silly ADD node_modules/firebase-tools/node_modules/webidl-conversions
3931 silly ADD node_modules/firebase-tools/node_modules/tr46
3932 silly ADD node_modules/firebase-tools/node_modules/clone
3933 silly ADD node_modules/firebase-tools/node_modules/defaults
3934 silly ADD node_modules/firebase-tools/node_modules/strip-json-comments
3935 silly ADD node_modules/firebase-tools/node_modules/minimist
3936 silly ADD node_modules/firebase-tools/node_modules/deep-extend
3937 silly ADD node_modules/firebase-tools/node_modules/rc
3938 silly ADD node_modules/firebase-tools/node_modules/rc/node_modules/ini
3939 silly ADD node_modules/firebase-tools/node_modules/proto-list
3940 silly ADD node_modules/firebase-tools/node_modules/config-chain
3941 silly ADD node_modules/firebase-tools/node_modules/config-chain/node_modules/ini
3942 silly ADD node_modules/firebase-tools/node_modules/@pnpm/network.ca-file
3943 silly ADD node_modules/firebase-tools/node_modules/@pnpm/network.ca-file/node_modules/graceful-fs
3944 silly ADD node_modules/firebase-tools/node_modules/@pnpm/config.env-replace
3945 silly ADD node_modules/firebase-tools/node_modules/@pnpm/npm-conf
3946 silly ADD node_modules/firebase-tools/node_modules/escape-goat
3947 silly ADD node_modules/firebase-tools/node_modules/whatwg-fetch
3948 silly ADD node_modules/firebase-tools/node_modules/ini
3949 silly ADD node_modules/firebase-tools/node_modules/is-path-inside
3950 silly ADD node_modules/firebase-tools/node_modules/global-dirs
3951 silly ADD node_modules/firebase-tools/node_modules/ci-info
3952 silly ADD node_modules/firebase-tools/node_modules/widest-line
3953 silly ADD node_modules/firebase-tools/node_modules/type-fest
3954 silly ADD node_modules/firebase-tools/node_modules/cli-boxes
3955 silly ADD node_modules/firebase-tools/node_modules/camelcase
3956 silly ADD node_modules/firebase-tools/node_modules/ansi-align
3957 silly ADD node_modules/firebase-tools/node_modules/semver-diff
3958 silly ADD node_modules/firebase-tools/node_modules/semver-diff/node_modules/semver
3959 silly ADD node_modules/firebase-tools/node_modules/registry-url
3960 silly ADD node_modules/firebase-tools/node_modules/registry-auth-token
3961 silly ADD node_modules/firebase-tools/node_modules/pupa
3962 silly ADD node_modules/firebase-tools/node_modules/isomorphic-fetch
3963 silly ADD node_modules/firebase-tools/node_modules/is-yarn-global
3964 silly ADD node_modules/firebase-tools/node_modules/is-npm
3965 silly ADD node_modules/firebase-tools/node_modules/is-installed-globally
3966 silly ADD node_modules/firebase-tools/node_modules/is-ci
3967 silly ADD node_modules/firebase-tools/node_modules/import-lazy
3968 silly ADD node_modules/firebase-tools/node_modules/has-yarn
3969 silly ADD node_modules/firebase-tools/node_modules/boxen
3970 silly ADD node_modules/firebase-tools/node_modules/boxen/node_modules/ansi-regex
3971 silly ADD node_modules/firebase-tools/node_modules/boxen/node_modules/strip-ansi
3972 silly ADD node_modules/firebase-tools/node_modules/boxen/node_modules/wrap-ansi
3973 silly ADD node_modules/firebase-tools/node_modules/boxen/node_modules/chalk
3974 silly ADD node_modules/firebase-tools/node_modules/crypto-random-string
3975 silly ADD node_modules/firebase-tools/node_modules/media-typer
3976 silly ADD node_modules/firebase-tools/node_modules/is-number
3977 silly ADD node_modules/firebase-tools/node_modules/thenify
3978 silly ADD node_modules/firebase-tools/node_modules/stubs
3979 silly ADD node_modules/firebase-tools/node_modules/stream-events
3980 silly ADD node_modules/firebase-tools/node_modules/ip-regex
3981 silly ADD node_modules/firebase-tools/node_modules/deep-is
3982 silly ADD node_modules/firebase-tools/node_modules/is2
3983 silly ADD node_modules/firebase-tools/node_modules/text-decoder
3984 silly ADD node_modules/firebase-tools/node_modules/events-universal
3985 silly ADD node_modules/firebase-tools/node_modules/teex
3986 silly ADD node_modules/firebase-tools/node_modules/bare-url
3987 silly ADD node_modules/firebase-tools/node_modules/bare-stream
3988 silly ADD node_modules/firebase-tools/node_modules/bare-path
3989 silly ADD node_modules/firebase-tools/node_modules/bare-events
3990 silly ADD node_modules/firebase-tools/node_modules/streamx
3991 silly ADD node_modules/firebase-tools/node_modules/fast-fifo
3992 silly ADD node_modules/firebase-tools/node_modules/bare-fs
3993 silly ADD node_modules/firebase-tools/node_modules/b4a
3994 silly ADD node_modules/firebase-tools/node_modules/yallist
3995 silly ADD node_modules/firebase-tools/node_modules/minizlib
3996 silly ADD node_modules/firebase-tools/node_modules/chownr
3997 silly ADD node_modules/firebase-tools/node_modules/@isaacs/fs-minipass
3998 silly ADD node_modules/firebase-tools/node_modules/supports-color
3999 silly ADD node_modules/firebase-tools/node_modules/has-flag
4000 silly ADD node_modules/firebase-tools/node_modules/is-promise
4001 silly ADD node_modules/firebase-tools/node_modules/abbrev
4002 silly ADD node_modules/firebase-tools/node_modules/tinyglobby
4003 silly ADD node_modules/firebase-tools/node_modules/tinyglobby/node_modules/picomatch
4004 silly ADD node_modules/firebase-tools/node_modules/tinyglobby/node_modules/fdir
4005 silly ADD node_modules/firebase-tools/node_modules/proc-log
4006 silly ADD node_modules/firebase-tools/node_modules/nopt
4007 silly ADD node_modules/firebase-tools/node_modules/exponential-backoff
4008 silly ADD node_modules/firebase-tools/node_modules/env-paths
4009 silly ADD node_modules/firebase-tools/node_modules/node-gyp
4010 silly ADD node_modules/firebase-tools/node_modules/node-gyp/node_modules/isexe
4011 silly ADD node_modules/firebase-tools/node_modules/node-gyp/node_modules/which
4012 silly ADD node_modules/firebase-tools/node_modules/node-gyp/node_modules/undici
4013 silly ADD node_modules/firebase-tools/node_modules/nan
4014 silly ADD node_modules/firebase-tools/node_modules/install-artifact-from-github
4015 silly ADD node_modules/firebase-tools/node_modules/lodash._objecttypes
4016 silly ADD node_modules/firebase-tools/node_modules/valid-url
4017 silly ADD node_modules/firebase-tools/node_modules/url-join
4018 silly ADD node_modules/firebase-tools/node_modules/as-array
4019 silly ADD node_modules/firebase-tools/node_modules/toxic
4020 silly ADD node_modules/firebase-tools/node_modules/lodash.isobject
4021 silly ADD node_modules/firebase-tools/node_modules/glob-slash
4022 silly ADD node_modules/firebase-tools/node_modules/compressible
4023 silly ADD node_modules/firebase-tools/node_modules/tsscmp
4024 silly ADD node_modules/firebase-tools/node_modules/router
4025 silly ADD node_modules/firebase-tools/node_modules/router/node_modules/ms
4026 silly ADD node_modules/firebase-tools/node_modules/router/node_modules/path-to-regexp
4027 silly ADD node_modules/firebase-tools/node_modules/router/node_modules/debug
4028 silly ADD node_modules/firebase-tools/node_modules/re2
4029 silly ADD node_modules/firebase-tools/node_modules/join-path
4030 silly ADD node_modules/firebase-tools/node_modules/is-url
4031 silly ADD node_modules/firebase-tools/node_modules/glob-slasher
4032 silly ADD node_modules/firebase-tools/node_modules/connect
4033 silly ADD node_modules/firebase-tools/node_modules/connect/node_modules/statuses
4034 silly ADD node_modules/firebase-tools/node_modules/connect/node_modules/on-finished
4035 silly ADD node_modules/firebase-tools/node_modules/connect/node_modules/encodeurl
4036 silly ADD node_modules/firebase-tools/node_modules/connect/node_modules/finalhandler
4037 silly ADD node_modules/firebase-tools/node_modules/compression
4038 silly ADD node_modules/firebase-tools/node_modules/compression/node_modules/negotiator
4039 silly ADD node_modules/firebase-tools/node_modules/basic-auth-connect
4040 silly ADD node_modules/firebase-tools/node_modules/is-fullwidth-code-point
4041 silly ADD node_modules/firebase-tools/node_modules/emoji-regex
4042 silly ADD node_modules/firebase-tools/node_modules/ret
4043 silly ADD node_modules/firebase-tools/node_modules/discontinuous-range
4044 silly ADD node_modules/firebase-tools/node_modules/randexp
4045 silly ADD node_modules/firebase-tools/node_modules/railroad-diagrams
4046 silly ADD node_modules/firebase-tools/node_modules/moo
4047 silly ADD node_modules/firebase-tools/node_modules/nearley
4048 silly ADD node_modules/firebase-tools/node_modules/nearley/node_modules/commander
4049 silly ADD node_modules/firebase-tools/node_modules/smart-buffer
4050 silly ADD node_modules/firebase-tools/node_modules/socks
4051 silly ADD node_modules/firebase-tools/node_modules/unicode-emoji-modifier-base
4052 silly ADD node_modules/firebase-tools/node_modules/call-bound
4053 silly ADD node_modules/firebase-tools/node_modules/side-channel-weakmap
4054 silly ADD node_modules/firebase-tools/node_modules/side-channel-map
4055 silly ADD node_modules/firebase-tools/node_modules/side-channel-list
4056 silly ADD node_modules/firebase-tools/node_modules/object-inspect
4057 silly ADD node_modules/firebase-tools/node_modules/shebang-regex
4058 silly ADD node_modules/firebase-tools/node_modules/teeny-request
4059 silly ADD node_modules/firebase-tools/node_modules/teeny-request/node_modules/data-uri-to-buffer
4060 silly ADD node_modules/firebase-tools/node_modules/teeny-request/node_modules/node-fetch
4061 silly ADD node_modules/firebase-tools/node_modules/mimic-fn
4062 silly ADD node_modules/firebase-tools/node_modules/onetime
4063 silly ADD node_modules/firebase-tools/node_modules/string_decoder
4064 silly ADD node_modules/firebase-tools/node_modules/process
4065 silly ADD node_modules/firebase-tools/node_modules/events
4066 silly ADD node_modules/firebase-tools/node_modules/side-channel
4067 silly ADD node_modules/firebase-tools/node_modules/source-map
4068 silly ADD node_modules/firebase-tools/node_modules/esutils
4069 silly ADD node_modules/firebase-tools/node_modules/estraverse
4070 silly ADD node_modules/firebase-tools/node_modules/tslib
4071 silly ADD node_modules/firebase-tools/node_modules/esprima
4072 silly ADD node_modules/firebase-tools/node_modules/escodegen
4073 silly ADD node_modules/firebase-tools/node_modules/ast-types
4074 silly ADD node_modules/firebase-tools/node_modules/netmask
4075 silly ADD node_modules/firebase-tools/node_modules/degenerator
4076 silly ADD node_modules/firebase-tools/node_modules/data-uri-to-buffer
4077 silly ADD node_modules/firebase-tools/node_modules/basic-ftp
4078 silly ADD node_modules/firebase-tools/node_modules/pac-resolver
4079 silly ADD node_modules/firebase-tools/node_modules/get-uri
4080 silly ADD node_modules/firebase-tools/node_modules/get-uri/node_modules/ms
4081 silly ADD node_modules/firebase-tools/node_modules/get-uri/node_modules/debug
4082 silly ADD node_modules/firebase-tools/node_modules/@tootallnate/quickjs-emscripten
4083 silly ADD node_modules/firebase-tools/node_modules/socks-proxy-agent
4084 silly ADD node_modules/firebase-tools/node_modules/socks-proxy-agent/node_modules/ms
4085 silly ADD node_modules/firebase-tools/node_modules/socks-proxy-agent/node_modules/debug
4086 silly ADD node_modules/firebase-tools/node_modules/proxy-from-env
4087 silly ADD node_modules/firebase-tools/node_modules/pac-proxy-agent
4088 silly ADD node_modules/firebase-tools/node_modules/pac-proxy-agent/node_modules/ms
4089 silly ADD node_modules/firebase-tools/node_modules/pac-proxy-agent/node_modules/debug
4090 silly ADD node_modules/firebase-tools/node_modules/http-proxy-agent
4091 silly ADD node_modules/firebase-tools/node_modules/http-proxy-agent/node_modules/ms
4092 silly ADD node_modules/firebase-tools/node_modules/http-proxy-agent/node_modules/debug
4093 silly ADD node_modules/firebase-tools/node_modules/ipaddr.js
4094 silly ADD node_modules/firebase-tools/node_modules/forwarded
4095 silly ADD node_modules/firebase-tools/node_modules/undici-types
4096 silly ADD node_modules/firebase-tools/node_modules/@types/node
4097 silly ADD node_modules/firebase-tools/node_modules/@protobufjs/utf8
4098 silly ADD node_modules/firebase-tools/node_modules/@protobufjs/pool
4099 silly ADD node_modules/firebase-tools/node_modules/@protobufjs/path
4100 silly ADD node_modules/firebase-tools/node_modules/@protobufjs/float
4101 silly ADD node_modules/firebase-tools/node_modules/@protobufjs/fetch
4102 silly ADD node_modules/firebase-tools/node_modules/@protobufjs/eventemitter
4103 silly ADD node_modules/firebase-tools/node_modules/@protobufjs/codegen
4104 silly ADD node_modules/firebase-tools/node_modules/@protobufjs/base64
4105 silly ADD node_modules/firebase-tools/node_modules/@protobufjs/aspromise
4106 silly ADD node_modules/firebase-tools/node_modules/xtend
4107 silly ADD node_modules/firebase-tools/node_modules/split2
4108 silly ADD node_modules/firebase-tools/node_modules/postgres-interval
4109 silly ADD node_modules/firebase-tools/node_modules/postgres-date
4110 silly ADD node_modules/firebase-tools/node_modules/postgres-bytea
4111 silly ADD node_modules/firebase-tools/node_modules/postgres-array
4112 silly ADD node_modules/firebase-tools/node_modules/pg-int8
4113 silly ADD node_modules/firebase-tools/node_modules/pgpass
4114 silly ADD node_modules/firebase-tools/node_modules/pg-types
4115 silly ADD node_modules/firebase-tools/node_modules/pg-protocol
4116 silly ADD node_modules/firebase-tools/node_modules/pg-pool
4117 silly ADD node_modules/firebase-tools/node_modules/pg-connection-string
4118 silly ADD node_modules/firebase-tools/node_modules/pg-cloudflare
4119 silly ADD node_modules/firebase-tools/node_modules/lru-cache
4120 silly ADD node_modules/firebase-tools/node_modules/restore-cursor
4121 silly ADD node_modules/firebase-tools/node_modules/restore-cursor/node_modules/signal-exit
4122 silly ADD node_modules/firebase-tools/node_modules/ieee754
4123 silly ADD node_modules/firebase-tools/node_modules/buffer
4124 silly ADD node_modules/firebase-tools/node_modules/wcwidth
4125 silly ADD node_modules/firebase-tools/node_modules/log-symbols
4126 silly ADD node_modules/firebase-tools/node_modules/log-symbols/node_modules/chalk
4127 silly ADD node_modules/firebase-tools/node_modules/is-unicode-supported
4128 silly ADD node_modules/firebase-tools/node_modules/is-interactive
4129 silly ADD node_modules/firebase-tools/node_modules/cli-spinners
4130 silly ADD node_modules/firebase-tools/node_modules/cli-cursor
4131 silly ADD node_modules/firebase-tools/node_modules/bl
4132 silly ADD node_modules/firebase-tools/node_modules/bl/node_modules/readable-stream
4133 silly ADD node_modules/firebase-tools/node_modules/is-wsl
4134 silly ADD node_modules/firebase-tools/node_modules/wrappy
4135 silly ADD node_modules/firebase-tools/node_modules/ee-first
4136 silly ADD node_modules/firebase-tools/node_modules/whatwg-url
4137 silly ADD node_modules/firebase-tools/node_modules/skin-tone
4138 silly ADD node_modules/firebase-tools/node_modules/emojilib
4139 silly ADD node_modules/firebase-tools/node_modules/char-regex
4140 silly ADD node_modules/firebase-tools/node_modules/@sindresorhus/is
4141 silly ADD node_modules/firebase-tools/node_modules/thenify-all
4142 silly ADD node_modules/firebase-tools/node_modules/any-promise
4143 silly ADD node_modules/firebase-tools/node_modules/on-headers
4144 silly ADD node_modules/firebase-tools/node_modules/basic-auth
4145 silly ADD node_modules/firebase-tools/node_modules/basic-auth/node_modules/safe-buffer
4146 silly ADD node_modules/firebase-tools/node_modules/concat-map
4147 silly ADD node_modules/firebase-tools/node_modules/balanced-match
4148 silly ADD node_modules/firebase-tools/node_modules/brace-expansion
4149 silly ADD node_modules/firebase-tools/node_modules/mime-db
4150 silly ADD node_modules/firebase-tools/node_modules/parse5-htmlparser2-tree-adapter
4151 silly ADD node_modules/firebase-tools/node_modules/parse5-htmlparser2-tree-adapter/node_modules/parse5
4152 silly ADD node_modules/firebase-tools/node_modules/parse5
4153 silly ADD node_modules/firebase-tools/node_modules/mz
4154 silly ADD node_modules/firebase-tools/node_modules/highlight.js
4155 silly ADD node_modules/firebase-tools/node_modules/environment
4156 silly ADD node_modules/firebase-tools/node_modules/supports-hyperlinks
4157 silly ADD node_modules/firebase-tools/node_modules/node-emoji
4158 silly ADD node_modules/firebase-tools/node_modules/cli-highlight
4159 silly ADD node_modules/firebase-tools/node_modules/cli-highlight/node_modules/ansi-regex
4160 silly ADD node_modules/firebase-tools/node_modules/cli-highlight/node_modules/wrap-ansi
4161 silly ADD node_modules/firebase-tools/node_modules/cli-highlight/node_modules/strip-ansi
4162 silly ADD node_modules/firebase-tools/node_modules/cli-highlight/node_modules/yargs-parser
4163 silly ADD node_modules/firebase-tools/node_modules/cli-highlight/node_modules/cliui
4164 silly ADD node_modules/firebase-tools/node_modules/cli-highlight/node_modules/yargs
4165 silly ADD node_modules/firebase-tools/node_modules/cli-highlight/node_modules/chalk
4166 silly ADD node_modules/firebase-tools/node_modules/chalk
4167 silly ADD node_modules/firebase-tools/node_modules/ansi-regex
4168 silly ADD node_modules/firebase-tools/node_modules/ansi-escapes
4169 silly ADD node_modules/firebase-tools/node_modules/libsodium
4170 silly ADD node_modules/firebase-tools/node_modules/buffer-equal-constant-time
4171 silly ADD node_modules/firebase-tools/node_modules/jwa
4172 silly ADD node_modules/firebase-tools/node_modules/lodash.once
4173 silly ADD node_modules/firebase-tools/node_modules/lodash.isstring
4174 silly ADD node_modules/firebase-tools/node_modules/lodash.isplainobject
4175 silly ADD node_modules/firebase-tools/node_modules/lodash.isnumber
4176 silly ADD node_modules/firebase-tools/node_modules/lodash.isinteger
4177 silly ADD node_modules/firebase-tools/node_modules/lodash.isboolean
4178 silly ADD node_modules/firebase-tools/node_modules/lodash.includes
4179 silly ADD node_modules/firebase-tools/node_modules/jju
4180 silly ADD node_modules/firebase-tools/node_modules/bignumber.js
4181 silly ADD node_modules/firebase-tools/node_modules/argparse
4182 silly ADD node_modules/firebase-tools/node_modules/wrap-ansi-cjs
4183 silly ADD node_modules/firebase-tools/node_modules/wrap-ansi-cjs/node_modules/ansi-regex
4184 silly ADD node_modules/firebase-tools/node_modules/wrap-ansi-cjs/node_modules/strip-ansi
4185 silly ADD node_modules/firebase-tools/node_modules/strip-ansi-cjs
4186 silly ADD node_modules/firebase-tools/node_modules/strip-ansi-cjs/node_modules/ansi-regex
4187 silly ADD node_modules/firebase-tools/node_modules/strip-ansi
4188 silly ADD node_modules/firebase-tools/node_modules/string-width-cjs
4189 silly ADD node_modules/firebase-tools/node_modules/string-width-cjs/node_modules/ansi-regex
4190 silly ADD node_modules/firebase-tools/node_modules/string-width-cjs/node_modules/strip-ansi
4191 silly ADD node_modules/firebase-tools/node_modules/@pkgjs/parseargs
4192 silly ADD node_modules/firebase-tools/node_modules/@isaacs/cliui
4193 silly ADD node_modules/firebase-tools/node_modules/@isaacs/cliui/node_modules/ansi-styles
4194 silly ADD node_modules/firebase-tools/node_modules/@isaacs/cliui/node_modules/emoji-regex
4195 silly ADD node_modules/firebase-tools/node_modules/@isaacs/cliui/node_modules/wrap-ansi
4196 silly ADD node_modules/firebase-tools/node_modules/@isaacs/cliui/node_modules/string-width
4197 silly ADD node_modules/firebase-tools/node_modules/is-extglob
4198 silly ADD node_modules/firebase-tools/node_modules/binary-extensions
4199 silly ADD node_modules/firebase-tools/node_modules/safer-buffer
4200 silly ADD node_modules/firebase-tools/node_modules/agent-base
4201 silly ADD node_modules/firebase-tools/node_modules/toidentifier
4202 silly ADD node_modules/firebase-tools/node_modules/url-template
4203 silly ADD node_modules/firebase-tools/node_modules/once
4204 silly ADD node_modules/firebase-tools/node_modules/stream-shift
4205 silly ADD node_modules/firebase-tools/node_modules/inherits
4206 silly ADD node_modules/firebase-tools/node_modules/end-of-stream
4207 silly ADD node_modules/firebase-tools/node_modules/yargs
4208 silly ADD node_modules/firebase-tools/node_modules/lodash.camelcase
4209 silly ADD node_modules/firebase-tools/node_modules/@js-sdsl/ordered-map
4210 silly ADD node_modules/firebase-tools/node_modules/rimraf
4211 silly ADD node_modules/firebase-tools/node_modules/retry-request
4212 silly ADD node_modules/firebase-tools/node_modules/protobufjs
4213 silly ADD node_modules/firebase-tools/node_modules/proto3-json-serializer
4214 silly ADD node_modules/firebase-tools/node_modules/object-hash
4215 silly ADD node_modules/firebase-tools/node_modules/duplexify
4216 silly ADD node_modules/firebase-tools/node_modules/duplexify/node_modules/readable-stream
4217 silly ADD node_modules/firebase-tools/node_modules/@grpc/proto-loader
4218 silly ADD node_modules/firebase-tools/node_modules/@grpc/grpc-js
4219 silly ADD node_modules/firebase-tools/node_modules/json-bigint
4220 silly ADD node_modules/firebase-tools/node_modules/jws
4221 silly ADD node_modules/firebase-tools/node_modules/gtoken
4222 silly ADD node_modules/firebase-tools/node_modules/gcp-metadata
4223 silly ADD node_modules/firebase-tools/node_modules/gcp-metadata/node_modules/google-logging-utils
4224 silly ADD node_modules/firebase-tools/node_modules/ecdsa-sig-formatter
4225 silly ADD node_modules/firebase-tools/node_modules/base64-js
4226 silly ADD node_modules/firebase-tools/node_modules/path-scurry
4227 silly ADD node_modules/firebase-tools/node_modules/package-json-from-dist
4228 silly ADD node_modules/firebase-tools/node_modules/minipass
4229 silly ADD node_modules/firebase-tools/node_modules/jackspeak
4230 silly ADD node_modules/firebase-tools/node_modules/foreground-child
4231 silly ADD node_modules/firebase-tools/node_modules/dunder-proto
4232 silly ADD node_modules/firebase-tools/node_modules/math-intrinsics
4233 silly ADD node_modules/firebase-tools/node_modules/has-symbols
4234 silly ADD node_modules/firebase-tools/node_modules/gopd
4235 silly ADD node_modules/firebase-tools/node_modules/get-proto
4236 silly ADD node_modules/firebase-tools/node_modules/function-bind
4237 silly ADD node_modules/firebase-tools/node_modules/es-object-atoms
4238 silly ADD node_modules/firebase-tools/node_modules/es-define-property
4239 silly ADD node_modules/firebase-tools/node_modules/call-bind-apply-helpers
4240 silly ADD node_modules/firebase-tools/node_modules/uuid
4241 silly ADD node_modules/firebase-tools/node_modules/https-proxy-agent
4242 silly ADD node_modules/firebase-tools/node_modules/https-proxy-agent/node_modules/ms
4243 silly ADD node_modules/firebase-tools/node_modules/https-proxy-agent/node_modules/debug
4244 silly ADD node_modules/firebase-tools/node_modules/universalify
4245 silly ADD node_modules/firebase-tools/node_modules/jsonfile
4246 silly ADD node_modules/firebase-tools/node_modules/has-tostringtag
4247 silly ADD node_modules/firebase-tools/node_modules/get-intrinsic
4248 silly ADD node_modules/firebase-tools/node_modules/es-errors
4249 silly ADD node_modules/firebase-tools/node_modules/delayed-stream
4250 silly ADD node_modules/firebase-tools/node_modules/hasown
4251 silly ADD node_modules/firebase-tools/node_modules/es-set-tostringtag
4252 silly ADD node_modules/firebase-tools/node_modules/combined-stream
4253 silly ADD node_modules/firebase-tools/node_modules/asynckit
4254 silly ADD node_modules/firebase-tools/node_modules/to-regex-range
4255 silly ADD node_modules/firebase-tools/node_modules/ip-address
4256 silly ADD node_modules/firebase-tools/node_modules/negotiator
4257 silly ADD node_modules/firebase-tools/node_modules/mime-types
4258 silly ADD node_modules/firebase-tools/node_modules/utils-merge
4259 silly ADD node_modules/firebase-tools/node_modules/statuses
4260 silly ADD node_modules/firebase-tools/node_modules/setprototypeof
4261 silly ADD node_modules/firebase-tools/node_modules/serve-static
4262 silly ADD node_modules/firebase-tools/node_modules/send
4263 silly ADD node_modules/firebase-tools/node_modules/send/node_modules/ms
4264 silly ADD node_modules/firebase-tools/node_modules/send/node_modules/mime
4265 silly ADD node_modules/firebase-tools/node_modules/safe-buffer
4266 silly ADD node_modules/firebase-tools/node_modules/range-parser
4267 silly ADD node_modules/firebase-tools/node_modules/proxy-addr
4268 silly ADD node_modules/firebase-tools/node_modules/path-to-regexp
4269 silly ADD node_modules/firebase-tools/node_modules/parseurl
4270 silly ADD node_modules/firebase-tools/node_modules/methods
4271 silly ADD node_modules/firebase-tools/node_modules/merge-descriptors
4272 silly ADD node_modules/firebase-tools/node_modules/fresh
4273 silly ADD node_modules/firebase-tools/node_modules/finalhandler
4274 silly ADD node_modules/firebase-tools/node_modules/etag
4275 silly ADD node_modules/firebase-tools/node_modules/escape-html
4276 silly ADD node_modules/firebase-tools/node_modules/encodeurl
4277 silly ADD node_modules/firebase-tools/node_modules/cookie-signature
4278 silly ADD node_modules/firebase-tools/node_modules/cookie
4279 silly ADD node_modules/firebase-tools/node_modules/content-disposition
4280 silly ADD node_modules/firebase-tools/node_modules/array-flatten
4281 silly ADD node_modules/firebase-tools/node_modules/accepts
4282 silly ADD node_modules/firebase-tools/node_modules/call-me-maybe
4283 silly ADD node_modules/firebase-tools/node_modules/@types/json-schema
4284 silly ADD node_modules/firebase-tools/node_modules/@jsdevtools/ono
4285 silly ADD node_modules/firebase-tools/node_modules/promise-breaker
4286 silly ADD node_modules/firebase-tools/node_modules/openapi3-ts
4287 silly ADD node_modules/firebase-tools/node_modules/json-ptr
4288 silly ADD node_modules/firebase-tools/node_modules/events-listener
4289 silly ADD node_modules/firebase-tools/node_modules/deep-freeze
4290 silly ADD node_modules/firebase-tools/node_modules/@apidevtools/json-schema-ref-parser
4291 silly ADD node_modules/firebase-tools/node_modules/is-obj
4292 silly ADD node_modules/firebase-tools/node_modules/ms
4293 silly ADD node_modules/firebase-tools/node_modules/which
4294 silly ADD node_modules/firebase-tools/node_modules/shebang-command
4295 silly ADD node_modules/firebase-tools/node_modules/path-key
4296 silly ADD node_modules/firebase-tools/node_modules/vary
4297 silly ADD node_modules/firebase-tools/node_modules/object-assign
4298 silly ADD node_modules/firebase-tools/node_modules/xdg-basedir
4299 silly ADD node_modules/firebase-tools/node_modules/write-file-atomic
4300 silly ADD node_modules/firebase-tools/node_modules/write-file-atomic/node_modules/signal-exit
4301 silly ADD node_modules/firebase-tools/node_modules/unique-string
4302 silly ADD node_modules/firebase-tools/node_modules/make-dir
4303 silly ADD node_modules/firebase-tools/node_modules/make-dir/node_modules/semver
4304 silly ADD node_modules/firebase-tools/node_modules/dot-prop
4305 silly ADD node_modules/firebase-tools/node_modules/string-width
4306 silly ADD node_modules/firebase-tools/node_modules/string-width/node_modules/ansi-regex
4307 silly ADD node_modules/firebase-tools/node_modules/string-width/node_modules/strip-ansi
4308 silly ADD node_modules/firebase-tools/node_modules/@colors/colors
4309 silly ADD node_modules/firebase-tools/node_modules/json-parse-helpfulerror
4310 silly ADD node_modules/firebase-tools/node_modules/fill-range
4311 silly ADD node_modules/firebase-tools/node_modules/picomatch
4312 silly ADD node_modules/firebase-tools/node_modules/readdirp
4313 silly ADD node_modules/firebase-tools/node_modules/is-glob
4314 silly ADD node_modules/firebase-tools/node_modules/is-binary-path
4315 silly ADD node_modules/firebase-tools/node_modules/glob-parent
4316 silly ADD
4317 silly ADD node_modules/firebase-tools/node_modules/braces
4318 silly ADD node_modules/firebase-tools/node_modules/anymatch
4319 silly ADD node_modules/firebase-tools/node_modules/unpipe
4320 silly ADD node_modules/firebase-tools/node_modules/type-is
4321 silly ADD node_modules/firebase-tools/node_modules/qs
4322 silly ADD node_modules/firebase-tools/node_modules/on-finished
4323 silly ADD node_modules/firebase-tools/node_modules/http-errors
4324 silly ADD node_modules/firebase-tools/node_modules/destroy
4325 silly ADD node_modules/firebase-tools/node_modules/depd
4326 silly ADD node_modules/firebase-tools/node_modules/debug
4327 silly ADD node_modules/firebase-tools/node_modules/bytes
4328 silly ADD node_modules/firebase-tools/node_modules/normalize-path
4329 silly ADD node_modules/firebase-tools/node_modules/lazystream
4330 silly ADD node_modules/firebase-tools/node_modules/lazystream/node_modules/string_decoder
4331 silly ADD node_modules/firebase-tools/node_modules/lazystream/node_modules/safe-buffer
4332 silly ADD node_modules/firebase-tools/node_modules/lazystream/node_modules/readable-stream
4333 silly ADD node_modules/firebase-tools/node_modules/is-stream
4334 silly ADD node_modules/firebase-tools/node_modules/graceful-fs
4335 silly ADD node_modules/firebase-tools/node_modules/zip-stream
4336 silly ADD node_modules/firebase-tools/node_modules/tar-stream
4337 silly ADD node_modules/firebase-tools/node_modules/readdir-glob
4338 silly ADD node_modules/firebase-tools/node_modules/readdir-glob/node_modules/brace-expansion
4339 silly ADD node_modules/firebase-tools/node_modules/readdir-glob/node_modules/minimatch
4340 silly ADD node_modules/firebase-tools/node_modules/readable-stream
4341 silly ADD node_modules/firebase-tools/node_modules/readable-stream/node_modules/buffer
4342 silly ADD node_modules/firebase-tools/node_modules/buffer-crc32
4343 silly ADD node_modules/firebase-tools/node_modules/async
4344 silly ADD node_modules/firebase-tools/node_modules/archiver-utils
4345 silly ADD node_modules/firebase-tools/node_modules/require-from-string
4346 silly ADD node_modules/firebase-tools/node_modules/json-schema-traverse
4347 silly ADD node_modules/firebase-tools/node_modules/fast-uri
4348 silly ADD node_modules/firebase-tools/node_modules/fast-deep-equal
4349 silly ADD node_modules/firebase-tools/node_modules/event-target-shim
4350 silly ADD node_modules/firebase-tools/node_modules/zod-to-json-schema
4351 silly ADD node_modules/firebase-tools/node_modules/raw-body
4352 silly ADD node_modules/firebase-tools/node_modules/pkce-challenge
4353 silly ADD node_modules/firebase-tools/node_modules/json-schema-typed
4354 silly ADD node_modules/firebase-tools/node_modules/jose
4355 silly ADD node_modules/firebase-tools/node_modules/express-rate-limit
4356 silly ADD node_modules/firebase-tools/node_modules/express-rate-limit/node_modules/ms
4357 silly ADD node_modules/firebase-tools/node_modules/express-rate-limit/node_modules/debug
4358 silly ADD node_modules/firebase-tools/node_modules/eventsource-parser
4359 silly ADD node_modules/firebase-tools/node_modules/eventsource
4360 silly ADD node_modules/firebase-tools/node_modules/content-type
4361 silly ADD node_modules/firebase-tools/node_modules/hono
4362 silly ADD node_modules/firebase-tools/node_modules/@hono/node-server
4363 silly ADD node_modules/firebase-tools/node_modules/iconv-lite
4364 silly ADD node_modules/firebase-tools/node_modules/chardet
4365 silly ADD node_modules/firebase-tools/node_modules/@inquirer/external-editor
4366 silly ADD node_modules/firebase-tools/node_modules/wrap-ansi
4367 silly ADD node_modules/firebase-tools/node_modules/wrap-ansi/node_modules/ansi-regex
4368 silly ADD node_modules/firebase-tools/node_modules/wrap-ansi/node_modules/strip-ansi
4369 silly ADD node_modules/firebase-tools/node_modules/signal-exit
4370 silly ADD node_modules/firebase-tools/node_modules/mute-stream
4371 silly ADD node_modules/firebase-tools/node_modules/cli-width
4372 silly ADD node_modules/firebase-tools/node_modules/yoctocolors-cjs
4373 silly ADD node_modules/firebase-tools/node_modules/@inquirer/type
4374 silly ADD node_modules/firebase-tools/node_modules/@inquirer/figures
4375 silly ADD node_modules/firebase-tools/node_modules/@inquirer/core
4376 silly ADD node_modules/firebase-tools/node_modules/@inquirer/ansi
4377 silly ADD node_modules/firebase-tools/node_modules/@inquirer/select
4378 silly ADD node_modules/firebase-tools/node_modules/@inquirer/search
4379 silly ADD node_modules/firebase-tools/node_modules/@inquirer/rawlist
4380 silly ADD node_modules/firebase-tools/node_modules/@inquirer/password
4381 silly ADD node_modules/firebase-tools/node_modules/@inquirer/number
4382 silly ADD node_modules/firebase-tools/node_modules/@inquirer/input
4383 silly ADD node_modules/firebase-tools/node_modules/@inquirer/expand
4384 silly ADD node_modules/firebase-tools/node_modules/@inquirer/editor
4385 silly ADD node_modules/firebase-tools/node_modules/@inquirer/confirm
4386 silly ADD node_modules/firebase-tools/node_modules/@inquirer/checkbox
4387 silly ADD node_modules/firebase-tools/node_modules/googleapis-common
4388 silly ADD node_modules/firebase-tools/node_modules/googleapis-common/node_modules/data-uri-to-buffer
4389 silly ADD node_modules/firebase-tools/node_modules/googleapis-common/node_modules/gtoken
4390 silly ADD node_modules/firebase-tools/node_modules/googleapis-common/node_modules/gcp-metadata
4391 silly ADD node_modules/firebase-tools/node_modules/googleapis-common/node_modules/node-fetch
4392 silly ADD node_modules/firebase-tools/node_modules/googleapis-common/node_modules/google-logging-utils
4393 silly ADD node_modules/firebase-tools/node_modules/googleapis-common/node_modules/google-auth-library
4394 silly ADD node_modules/firebase-tools/node_modules/googleapis-common/node_modules/gaxios
4395 silly ADD node_modules/firebase-tools/node_modules/p-defer
4396 silly ADD node_modules/firebase-tools/node_modules/long
4397 silly ADD node_modules/firebase-tools/node_modules/lodash.snakecase
4398 silly ADD node_modules/firebase-tools/node_modules/is-stream-ended
4399 silly ADD node_modules/firebase-tools/node_modules/heap-js
4400 silly ADD node_modules/firebase-tools/node_modules/google-gax
4401 silly ADD node_modules/firebase-tools/node_modules/google-gax/node_modules/data-uri-to-buffer
4402 silly ADD node_modules/firebase-tools/node_modules/google-gax/node_modules/gtoken
4403 silly ADD node_modules/firebase-tools/node_modules/google-gax/node_modules/gcp-metadata
4404 silly ADD node_modules/firebase-tools/node_modules/google-gax/node_modules/gcp-metadata/node_modules/gaxios
4405 silly ADD node_modules/firebase-tools/node_modules/google-gax/node_modules/gaxios
4406 silly ADD node_modules/firebase-tools/node_modules/google-gax/node_modules/node-fetch
4407 silly ADD node_modules/firebase-tools/node_modules/google-gax/node_modules/google-logging-utils
4408 silly ADD node_modules/firebase-tools/node_modules/google-gax/node_modules/google-auth-library
4409 silly ADD node_modules/firebase-tools/node_modules/extend
4410 silly ADD node_modules/firebase-tools/node_modules/arrify
4411 silly ADD node_modules/firebase-tools/node_modules/@opentelemetry/semantic-conventions
4412 silly ADD node_modules/firebase-tools/node_modules/@opentelemetry/core
4413 silly ADD node_modules/firebase-tools/node_modules/@opentelemetry/core/node_modules/@opentelemetry/semantic-conventions
4414 silly ADD node_modules/firebase-tools/node_modules/@opentelemetry/api
4415 silly ADD node_modules/firebase-tools/node_modules/@google-cloud/promisify
4416 silly ADD node_modules/firebase-tools/node_modules/@google-cloud/projectify
4417 silly ADD node_modules/firebase-tools/node_modules/@google-cloud/precise-date
4418 silly ADD node_modules/firebase-tools/node_modules/@google-cloud/paginator
4419 silly ADD node_modules/firebase-tools/node_modules/p-throttle
4420 silly ADD node_modules/firebase-tools/node_modules/@googleapis/sqladmin
4421 silly ADD node_modules/firebase-tools/node_modules/zod
4422 silly ADD node_modules/firebase-tools/node_modules/yaml
4423 silly ADD node_modules/firebase-tools/node_modules/ws
4424 silly ADD node_modules/firebase-tools/node_modules/winston-transport
4425 silly ADD node_modules/firebase-tools/node_modules/winston-transport/node_modules/readable-stream
4426 silly ADD node_modules/firebase-tools/node_modules/winston
4427 silly ADD node_modules/firebase-tools/node_modules/winston/node_modules/readable-stream
4428 silly ADD node_modules/firebase-tools/node_modules/winston/node_modules/@colors/colors
4429 silly ADD node_modules/firebase-tools/node_modules/update-notifier-cjs
4430 silly ADD node_modules/firebase-tools/node_modules/update-notifier-cjs/node_modules/chalk
4431 silly ADD node_modules/firebase-tools/node_modules/universal-analytics
4432 silly ADD node_modules/firebase-tools/node_modules/universal-analytics/node_modules/ms
4433 silly ADD node_modules/firebase-tools/node_modules/universal-analytics/node_modules/uuid
4434 silly ADD node_modules/firebase-tools/node_modules/universal-analytics/node_modules/debug
4435 silly ADD node_modules/firebase-tools/node_modules/undici
4436 silly ADD node_modules/firebase-tools/node_modules/triple-beam
4437 silly ADD node_modules/firebase-tools/node_modules/tmp
4438 silly ADD node_modules/firebase-tools/node_modules/tcp-port-used
4439 silly ADD node_modules/firebase-tools/node_modules/tcp-port-used/node_modules/ms
4440 silly ADD node_modules/firebase-tools/node_modules/tcp-port-used/node_modules/debug
4441 silly ADD node_modules/firebase-tools/node_modules/tar
4442 silly ADD node_modules/firebase-tools/node_modules/superstatic
4443 silly ADD node_modules/firebase-tools/node_modules/superstatic/node_modules/isarray
4444 silly ADD node_modules/firebase-tools/node_modules/superstatic/node_modules/brace-expansion
4445 silly ADD node_modules/firebase-tools/node_modules/superstatic/node_modules/path-to-regexp
4446 silly ADD node_modules/firebase-tools/node_modules/superstatic/node_modules/minimatch
4447 silly ADD node_modules/firebase-tools/node_modules/superstatic/node_modules/commander
4448 silly ADD node_modules/firebase-tools/node_modules/stream-json
4449 silly ADD node_modules/firebase-tools/node_modules/stream-chain
4450 silly ADD node_modules/firebase-tools/node_modules/sql-formatter
4451 silly ADD node_modules/firebase-tools/node_modules/semver
4452 silly ADD node_modules/firebase-tools/node_modules/retry
4453 silly ADD node_modules/firebase-tools/node_modules/proxy-agent
4454 silly ADD node_modules/firebase-tools/node_modules/proxy-agent/node_modules/ms
4455 silly ADD node_modules/firebase-tools/node_modules/proxy-agent/node_modules/lru-cache
4456 silly ADD node_modules/firebase-tools/node_modules/proxy-agent/node_modules/debug
4457 silly ADD node_modules/firebase-tools/node_modules/progress
4458 silly ADD node_modules/firebase-tools/node_modules/portfinder
4459 silly ADD node_modules/firebase-tools/node_modules/portfinder/node_modules/ms
4460 silly ADD node_modules/firebase-tools/node_modules/portfinder/node_modules/debug
4461 silly ADD node_modules/firebase-tools/node_modules/pglite-2
4462 silly ADD node_modules/firebase-tools/node_modules/pg-gateway
4463 silly ADD node_modules/firebase-tools/node_modules/pg
4464 silly ADD node_modules/firebase-tools/node_modules/ora
4465 silly ADD node_modules/firebase-tools/node_modules/ora/node_modules/ansi-regex
4466 silly ADD node_modules/firebase-tools/node_modules/ora/node_modules/strip-ansi
4467 silly ADD node_modules/firebase-tools/node_modules/ora/node_modules/chalk
4468 silly ADD node_modules/firebase-tools/node_modules/open
4469 silly ADD node_modules/firebase-tools/node_modules/node-fetch
4470 silly ADD node_modules/firebase-tools/node_modules/morgan
4471 silly ADD node_modules/firebase-tools/node_modules/minimatch
4472 silly ADD node_modules/firebase-tools/node_modules/mime
4473 silly ADD node_modules/firebase-tools/node_modules/marked-terminal
4474 silly ADD node_modules/firebase-tools/node_modules/marked
4475 silly ADD node_modules/firebase-tools/node_modules/lsofi
4476 silly ADD node_modules/firebase-tools/node_modules/lodash
4477 silly ADD node_modules/firebase-tools/node_modules/libsodium-wrappers
4478 silly ADD node_modules/firebase-tools/node_modules/jsonwebtoken
4479 silly ADD node_modules/firebase-tools/node_modules/jsonwebtoken/node_modules/ms
4480 silly ADD node_modules/firebase-tools/node_modules/js-yaml
4481 silly ADD node_modules/firebase-tools/node_modules/ignore
4482 silly ADD node_modules/firebase-tools/node_modules/google-auth-library
4483 silly ADD node_modules/firebase-tools/node_modules/glob
4484 silly ADD node_modules/firebase-tools/node_modules/glob/node_modules/brace-expansion
4485 silly ADD node_modules/firebase-tools/node_modules/glob/node_modules/minimatch
4486 silly ADD node_modules/firebase-tools/node_modules/gaxios
4487 silly ADD node_modules/firebase-tools/node_modules/fuzzy
4488 silly ADD node_modules/firebase-tools/node_modules/fs-extra
4489 silly ADD node_modules/firebase-tools/node_modules/form-data
4490 silly ADD node_modules/firebase-tools/node_modules/express
4491 silly ADD node_modules/firebase-tools/node_modules/exegesis-express
4492 silly ADD node_modules/firebase-tools/node_modules/exegesis
4493 silly ADD node_modules/firebase-tools/node_modules/exegesis/node_modules/iconv-lite
4494 silly ADD node_modules/firebase-tools/node_modules/exegesis/node_modules/raw-body
4495 silly ADD node_modules/firebase-tools/node_modules/exegesis/node_modules/ajv-formats
4496 silly ADD node_modules/firebase-tools/node_modules/csv-parse
4497 silly ADD node_modules/firebase-tools/node_modules/cross-spawn
4498 silly ADD node_modules/firebase-tools/node_modules/cross-env
4499 silly ADD node_modules/firebase-tools/node_modules/cors
4500 silly ADD node_modules/firebase-tools/node_modules/configstore
4501 silly ADD node_modules/firebase-tools/node_modules/commander
4502 silly ADD node_modules/firebase-tools/node_modules/colorette
4503 silly ADD node_modules/firebase-tools/node_modules/cli-table3
4504 silly ADD node_modules/firebase-tools/node_modules/cjson
4505 silly ADD node_modules/firebase-tools/node_modules/chokidar
4506 silly ADD node_modules/firebase-tools/node_modules/body-parser
4507 silly ADD node_modules/firebase-tools/node_modules/body-parser/node_modules/raw-body
4508 silly ADD node_modules/firebase-tools/node_modules/body-parser/node_modules/iconv-lite
4509 silly ADD node_modules/firebase-tools/node_modules/async-lock
4510 silly ADD node_modules/firebase-tools/node_modules/archiver
4511 silly ADD node_modules/firebase-tools/node_modules/ajv-formats
4512 silly ADD node_modules/firebase-tools/node_modules/ajv
4513 silly ADD node_modules/firebase-tools/node_modules/abort-controller
4514 silly ADD node_modules/firebase-tools/node_modules/@modelcontextprotocol/sdk
4515 silly ADD node_modules/firebase-tools/node_modules/@modelcontextprotocol/sdk/node_modules/media-typer
4516 silly ADD node_modules/firebase-tools/node_modules/@modelcontextprotocol/sdk/node_modules/mime-db
4517 silly ADD node_modules/firebase-tools/node_modules/@modelcontextprotocol/sdk/node_modules/ms
4518 silly ADD node_modules/firebase-tools/node_modules/@modelcontextprotocol/sdk/node_modules/negotiator
4519 silly ADD node_modules/firebase-tools/node_modules/@modelcontextprotocol/sdk/node_modules/type-is
4520 silly ADD node_modules/firebase-tools/node_modules/@modelcontextprotocol/sdk/node_modules/type-is/node_modules/content-type
4521 silly ADD node_modules/firebase-tools/node_modules/@modelcontextprotocol/sdk/node_modules/serve-static
4522 silly ADD node_modules/firebase-tools/node_modules/@modelcontextprotocol/sdk/node_modules/send
4523 silly ADD node_modules/firebase-tools/node_modules/@modelcontextprotocol/sdk/node_modules/mime-types
4524 silly ADD node_modules/firebase-tools/node_modules/@modelcontextprotocol/sdk/node_modules/merge-descriptors
4525 silly ADD node_modules/firebase-tools/node_modules/@modelcontextprotocol/sdk/node_modules/fresh
4526 silly ADD node_modules/firebase-tools/node_modules/@modelcontextprotocol/sdk/node_modules/finalhandler
4527 silly ADD node_modules/firebase-tools/node_modules/@modelcontextprotocol/sdk/node_modules/debug
4528 silly ADD node_modules/firebase-tools/node_modules/@modelcontextprotocol/sdk/node_modules/cookie-signature
4529 silly ADD node_modules/firebase-tools/node_modules/@modelcontextprotocol/sdk/node_modules/content-disposition
4530 silly ADD node_modules/firebase-tools/node_modules/@modelcontextprotocol/sdk/node_modules/body-parser
4531 silly ADD node_modules/firebase-tools/node_modules/@modelcontextprotocol/sdk/node_modules/body-parser/node_modules/content-type
4532 silly ADD node_modules/firebase-tools/node_modules/@modelcontextprotocol/sdk/node_modules/accepts
4533 silly ADD node_modules/firebase-tools/node_modules/@modelcontextprotocol/sdk/node_modules/express
4534 silly ADD node_modules/firebase-tools/node_modules/@inquirer/prompts
4535 silly ADD node_modules/firebase-tools/node_modules/@google-cloud/pubsub
4536 silly ADD node_modules/firebase-tools/node_modules/@google-cloud/pubsub/node_modules/data-uri-to-buffer
4537 silly ADD node_modules/firebase-tools/node_modules/@google-cloud/pubsub/node_modules/node-fetch
4538 silly ADD node_modules/firebase-tools/node_modules/@google-cloud/pubsub/node_modules/google-logging-utils
4539 silly ADD node_modules/firebase-tools/node_modules/@google-cloud/pubsub/node_modules/gcp-metadata
4540 silly ADD node_modules/firebase-tools/node_modules/@google-cloud/pubsub/node_modules/gaxios
4541 silly ADD node_modules/firebase-tools/node_modules/@google-cloud/pubsub/node_modules/google-auth-library
4542 silly ADD node_modules/firebase-tools/node_modules/@google-cloud/cloud-sql-connector
4543 silly ADD node_modules/firebase-tools/node_modules/@google-cloud/cloud-sql-connector/node_modules/data-uri-to-buffer
4544 silly ADD node_modules/firebase-tools/node_modules/@google-cloud/cloud-sql-connector/node_modules/google-logging-utils
4545 silly ADD node_modules/firebase-tools/node_modules/@google-cloud/cloud-sql-connector/node_modules/gcp-metadata
4546 silly ADD node_modules/firebase-tools/node_modules/@google-cloud/cloud-sql-connector/node_modules/node-fetch
4547 silly ADD node_modules/firebase-tools/node_modules/@google-cloud/cloud-sql-connector/node_modules/google-auth-library
4548 silly ADD node_modules/firebase-tools/node_modules/@google-cloud/cloud-sql-connector/node_modules/gaxios
4549 silly ADD node_modules/firebase-tools/node_modules/@electric-sql/pglite-tools
4550 silly ADD node_modules/firebase-tools/node_modules/@electric-sql/pglite
4551 silly ADD node_modules/firebase-tools/node_modules/@apphosting/common
4552 verbose cwd /
4553 verbose os Linux 6.18.33.2-microsoft-standard-WSL2
4554 verbose node v22.23.2
4555 verbose npm  v10.9.8
4556 verbose exit 0
4557 info ok
