0 verbose cli /usr/local/bin/node /usr/local/bin/npm
1 info using npm@10.9.8
2 info using node@v22.23.2
3 silly config load:file:/usr/local/lib/node_modules/npm/npmrc
4 silly config load:file:/firebase-home/.npmrc
5 silly config load:file:/usr/local/etc/npmrc
6 verbose title npm install firebase-tools@latest
7 verbose argv "install" "--global" "firebase-tools@latest"
8 verbose logfile logs-max:10 dir:/firebase-home/.npm/_logs/2026-08-03T16_30_57_489Z-
9 verbose logfile /firebase-home/.npm/_logs/2026-08-03T16_30_57_489Z-debug-0.log
10 silly packumentCache heap:2197815296 maxSize:549453824 maxEntrySize:274726912
11 silly logfile start cleaning logs, removing 1 files
12 silly packumentCache corgi:https://registry.npmjs.org/firebase-tools cache-miss
13 silly logfile done cleaning log files
14 http fetch GET 200 https://registry.npmjs.org/firebase-tools 416ms (cache revalidated)
15 silly packumentCache corgi:https://registry.npmjs.org/firebase-tools set size:1504331 disposed:false
16 silly idealTree buildDeps
17 silly fetch manifest firebase-tools@15.25.1
18 silly packumentCache full:https://registry.npmjs.org/firebase-tools cache-miss
19 http fetch GET 200 https://registry.npmjs.org/firebase-tools 170ms (cache revalidated)
20 silly packumentCache full:https://registry.npmjs.org/firebase-tools set size:2461582 disposed:false
21 silly placeDep ROOT firebase-tools@15.25.1 OK for:  want: 15.25.1
22 silly fetch manifest pg@^8.11.3
23 silly packumentCache full:https://registry.npmjs.org/pg cache-miss
24 silly fetch manifest ws@^8.21.1
25 silly packumentCache full:https://registry.npmjs.org/ws cache-miss
26 silly fetch manifest ajv@^8.17.1
27 silly packumentCache full:https://registry.npmjs.org/ajv cache-miss
28 silly fetch manifest ora@^5.4.1
29 silly packumentCache full:https://registry.npmjs.org/ora cache-miss
30 silly fetch manifest tar@^7.5.11
31 silly packumentCache full:https://registry.npmjs.org/tar cache-miss
32 silly fetch manifest tmp@^0.2.3
33 silly packumentCache full:https://registry.npmjs.org/tmp cache-miss
34 silly fetch manifest zod@^4.0.0
35 silly packumentCache full:https://registry.npmjs.org/zod cache-miss
36 silly fetch manifest cors@^2.8.5
37 silly packumentCache full:https://registry.npmjs.org/cors cache-miss
38 silly fetch manifest glob@^10.5.0
39 silly packumentCache full:https://registry.npmjs.org/glob cache-miss
40 silly fetch manifest mime@^2.5.2
41 silly packumentCache full:https://registry.npmjs.org/mime cache-miss
42 silly fetch manifest open@^6.3.0
43 silly packumentCache full:https://registry.npmjs.org/open cache-miss
44 http fetch GET 200 https://registry.npmjs.org/pg 326ms (cache revalidated)
45 silly packumentCache full:https://registry.npmjs.org/pg set size:479959 disposed:false
46 silly fetch manifest yaml@^2.8.3
47 silly packumentCache full:https://registry.npmjs.org/yaml cache-miss
48 http fetch GET 200 https://registry.npmjs.org/tmp 492ms (cache revalidated)
49 silly packumentCache full:https://registry.npmjs.org/tmp set size:79523 disposed:false
50 silly fetch manifest cjson@^0.3.1
51 silly packumentCache full:https://registry.npmjs.org/cjson cache-miss
52 http fetch GET 200 https://registry.npmjs.org/ws 538ms (cache revalidated)
53 silly packumentCache full:https://registry.npmjs.org/ws set size:426754 disposed:false
54 silly fetch manifest fuzzy@^0.1.3
55 silly packumentCache full:https://registry.npmjs.org/fuzzy cache-miss
56 http fetch GET 200 https://registry.npmjs.org/ora 552ms (cache revalidated)
57 silly packumentCache full:https://registry.npmjs.org/ora set size:147148 disposed:false
58 silly fetch manifest lsofi@^2.0.0
59 silly packumentCache full:https://registry.npmjs.org/lsofi cache-miss
60 http fetch GET 200 https://registry.npmjs.org/tar 580ms (cache revalidated)
61 silly packumentCache full:https://registry.npmjs.org/tar set size:591769 disposed:false
62 silly fetch manifest retry@^0.13.1
63 silly packumentCache full:https://registry.npmjs.org/retry cache-miss
64 http fetch GET 200 https://registry.npmjs.org/mime 576ms (cache revalidated)
65 silly packumentCache full:https://registry.npmjs.org/mime set size:119236 disposed:false
66 silly fetch manifest gaxios@^6.7.0
67 silly packumentCache full:https://registry.npmjs.org/gaxios cache-miss
68 http fetch GET 200 https://registry.npmjs.org/cors 603ms (cache revalidated)
69 silly packumentCache full:https://registry.npmjs.org/cors set size:77956 disposed:false
70 silly fetch manifest ignore@^7.0.4
71 silly packumentCache full:https://registry.npmjs.org/ignore cache-miss
72 http fetch GET 200 https://registry.npmjs.org/glob 616ms (cache revalidated)
73 silly packumentCache full:https://registry.npmjs.org/glob set size:469465 disposed:false
74 silly fetch manifest lodash@^4.18.0
75 silly packumentCache full:https://registry.npmjs.org/lodash cache-miss
76 http fetch GET 200 https://registry.npmjs.org/open 622ms (cache revalidated)
77 silly packumentCache full:https://registry.npmjs.org/open set size:136392 disposed:false
78 silly fetch manifest marked@^13.0.2
79 silly packumentCache full:https://registry.npmjs.org/marked cache-miss
80 http fetch GET 200 https://registry.npmjs.org/ajv 672ms (cache revalidated)
81 silly packumentCache full:https://registry.npmjs.org/ajv set size:1142658 disposed:false
82 silly fetch manifest morgan@^1.10.0
83 silly packumentCache full:https://registry.npmjs.org/morgan cache-miss
84 http fetch GET 200 https://registry.npmjs.org/zod 698ms (cache revalidated)
85 silly packumentCache full:https://registry.npmjs.org/zod set size:3552562 disposed:false
86 silly fetch manifest semver@^7.5.2
87 silly packumentCache full:https://registry.npmjs.org/semver cache-miss
88 http fetch GET 200 https://registry.npmjs.org/yaml 486ms (cache revalidated)
89 silly packumentCache full:https://registry.npmjs.org/yaml set size:385754 disposed:false
90 silly fetch manifest undici@^6.19.0
91 silly packumentCache full:https://registry.npmjs.org/undici cache-miss
92 http fetch GET 200 https://registry.npmjs.org/fuzzy 456ms (cache revalidated)
93 silly packumentCache full:https://registry.npmjs.org/fuzzy set size:12033 disposed:false
94 silly fetch manifest express@^4.16.4
95 silly packumentCache full:https://registry.npmjs.org/express cache-miss
96 http fetch GET 200 https://registry.npmjs.org/retry 427ms (cache revalidated)
97 silly packumentCache full:https://registry.npmjs.org/retry set size:31161 disposed:false
98 silly fetch manifest js-yaml@^4.2.0
99 silly packumentCache full:https://registry.npmjs.org/js-yaml cache-miss
100 http fetch GET 200 https://registry.npmjs.org/marked 377ms (cache revalidated)
101 silly packumentCache full:https://registry.npmjs.org/marked set size:757491 disposed:false
102 silly fetch manifest winston@^3.0.0
103 silly packumentCache full:https://registry.npmjs.org/winston cache-miss
104 http fetch GET 200 https://registry.npmjs.org/ignore 440ms (cache revalidated)
105 silly packumentCache full:https://registry.npmjs.org/ignore set size:240910 disposed:false
106 silly fetch manifest archiver@^7.0.0
107 silly packumentCache full:https://registry.npmjs.org/archiver cache-miss
108 http fetch GET 200 https://registry.npmjs.org/gaxios 466ms (cache revalidated)
109 silly packumentCache full:https://registry.npmjs.org/gaxios set size:359495 disposed:false
110 silly fetch manifest chokidar@^3.6.0
111 silly packumentCache full:https://registry.npmjs.org/chokidar cache-miss
112 http fetch GET 200 https://registry.npmjs.org/semver 347ms (cache revalidated)
113 silly packumentCache full:https://registry.npmjs.org/semver set size:246069 disposed:false
114 silly fetch manifest exegesis@^4.2.0
115 silly packumentCache full:https://registry.npmjs.org/exegesis cache-miss
116 http fetch GET 200 https://registry.npmjs.org/lodash 492ms (cache revalidated)
117 silly packumentCache full:https://registry.npmjs.org/lodash set size:247652 disposed:false
118 silly fetch manifest fs-extra@^10.1.0
119 silly packumentCache full:https://registry.npmjs.org/fs-extra cache-miss
120 http fetch GET 200 https://registry.npmjs.org/cjson 669ms (cache revalidated)
121 silly packumentCache full:https://registry.npmjs.org/cjson set size:24554 disposed:false
122 silly fetch manifest pglite-2@npm:@electric-sql/pglite@0.2.17
123 silly packumentCache full:https://registry.npmjs.org/@electric-sql%2fpglite cache-miss
124 http fetch GET 200 https://registry.npmjs.org/undici 380ms (cache revalidated)
125 silly packumentCache full:https://registry.npmjs.org/undici set size:1531430 disposed:false
126 silly fetch manifest progress@^2.0.3
127 silly packumentCache full:https://registry.npmjs.org/progress cache-miss
128 http fetch GET 200 https://registry.npmjs.org/lsofi 686ms (cache revalidated)
129 silly packumentCache full:https://registry.npmjs.org/lsofi set size:5929 disposed:false
130 silly fetch manifest colorette@^2.0.19
131 silly packumentCache full:https://registry.npmjs.org/colorette cache-miss
132 http fetch GET 200 https://registry.npmjs.org/morgan 561ms (cache revalidated)
133 silly packumentCache full:https://registry.npmjs.org/morgan set size:78895 disposed:false
134 silly fetch manifest commander@^5.1.0
135 silly packumentCache full:https://registry.npmjs.org/commander cache-miss
136 http fetch GET 200 https://registry.npmjs.org/express 383ms (cache revalidated)
137 silly packumentCache full:https://registry.npmjs.org/express set size:804956 disposed:false
138 silly fetch manifest cross-env@^7.0.3
139 silly packumentCache full:https://registry.npmjs.org/cross-env cache-miss
140 http fetch GET 200 https://registry.npmjs.org/archiver 361ms (cache revalidated)
141 silly packumentCache full:https://registry.npmjs.org/archiver set size:169973 disposed:false
142 silly fetch manifest csv-parse@^5.0.4
143 silly packumentCache full:https://registry.npmjs.org/csv-parse cache-miss
144 http fetch GET 200 https://registry.npmjs.org/js-yaml 425ms (cache revalidated)
145 silly packumentCache full:https://registry.npmjs.org/js-yaml set size:184624 disposed:false
146 silly fetch manifest form-data@^4.0.1
147 silly packumentCache full:https://registry.npmjs.org/form-data cache-miss
148 http fetch GET 200 https://registry.npmjs.org/chokidar 385ms (cache revalidated)
149 silly packumentCache full:https://registry.npmjs.org/chokidar set size:255902 disposed:false
150 silly fetch manifest minimatch@^3.0.4
151 silly packumentCache full:https://registry.npmjs.org/minimatch cache-miss
152 http fetch GET 200 https://registry.npmjs.org/winston 451ms (cache revalidated)
153 silly packumentCache full:https://registry.npmjs.org/winston set size:276467 disposed:false
154 silly fetch manifest async-lock@1.4.1
155 silly packumentCache full:https://registry.npmjs.org/async-lock cache-miss
156 http fetch GET 200 https://registry.npmjs.org/fs-extra 373ms (cache revalidated)
157 silly packumentCache full:https://registry.npmjs.org/fs-extra set size:239581 disposed:false
158 silly fetch manifest cli-table3@0.6.5
159 silly packumentCache full:https://registry.npmjs.org/cli-table3 cache-miss
160 http fetch GET 200 https://registry.npmjs.org/progress 302ms (cache revalidated)
161 silly packumentCache full:https://registry.npmjs.org/progress set size:34179 disposed:false
162 silly fetch manifest node-fetch@^2.6.7
163 silly packumentCache full:https://registry.npmjs.org/node-fetch cache-miss
164 http fetch GET 200 https://registry.npmjs.org/colorette 347ms (cache revalidated)
165 silly packumentCache full:https://registry.npmjs.org/colorette set size:92733 disposed:false
166 silly fetch manifest pg-gateway@^0.3.0-beta.4
167 silly packumentCache full:https://registry.npmjs.org/pg-gateway cache-miss
168 http fetch GET 200 https://registry.npmjs.org/exegesis 490ms (cache revalidated)
169 silly packumentCache full:https://registry.npmjs.org/exegesis set size:289051 disposed:false
170 silly fetch manifest portfinder@^1.0.32
171 silly packumentCache full:https://registry.npmjs.org/portfinder cache-miss
172 http fetch GET 200 https://registry.npmjs.org/commander 355ms (cache revalidated)
173 silly packumentCache full:https://registry.npmjs.org/commander set size:353115 disposed:false
174 silly fetch manifest ajv-formats@3.0.1
175 silly packumentCache full:https://registry.npmjs.org/ajv-formats cache-miss
176 http fetch GET 200 https://registry.npmjs.org/@electric-sql%2fpglite 436ms (cache revalidated)
177 silly packumentCache full:https://registry.npmjs.org/@electric-sql%2fpglite set size:344589 disposed:false
178 silly fetch manifest body-parser@^1.19.0
179 silly packumentCache full:https://registry.npmjs.org/body-parser cache-miss
180 http fetch GET 200 https://registry.npmjs.org/csv-parse 567ms (cache revalidated)
181 silly packumentCache full:https://registry.npmjs.org/csv-parse set size:598945 disposed:false
182 silly fetch manifest configstore@^5.0.1
183 silly packumentCache full:https://registry.npmjs.org/configstore cache-miss
184 http fetch GET 200 https://registry.npmjs.org/form-data 603ms (cache revalidated)
185 silly packumentCache full:https://registry.npmjs.org/form-data set size:153174 disposed:false
186 silly fetch manifest cross-spawn@^7.0.5
187 silly packumentCache full:https://registry.npmjs.org/cross-spawn cache-miss
188 http fetch GET 200 https://registry.npmjs.org/minimatch 596ms (cache revalidated)
189 silly packumentCache full:https://registry.npmjs.org/minimatch set size:377924 disposed:false
190 silly fetch manifest proxy-agent@^6.3.0
191 silly packumentCache full:https://registry.npmjs.org/proxy-agent cache-miss
192 http fetch GET 200 https://registry.npmjs.org/async-lock 576ms (cache revalidated)
193 silly packumentCache full:https://registry.npmjs.org/async-lock set size:98301 disposed:false
194 silly fetch manifest stream-json@^1.7.3
195 silly packumentCache full:https://registry.npmjs.org/stream-json cache-miss
196 http fetch GET 200 https://registry.npmjs.org/cross-env 687ms (cache revalidated)
197 silly packumentCache full:https://registry.npmjs.org/cross-env set size:151372 disposed:false
198 silly fetch manifest superstatic@^10.0.0
199 silly packumentCache full:https://registry.npmjs.org/superstatic cache-miss
200 http fetch GET 200 https://registry.npmjs.org/node-fetch 559ms (cache revalidated)
201 silly packumentCache full:https://registry.npmjs.org/node-fetch set size:896010 disposed:false
202 silly fetch manifest triple-beam@^1.3.0
203 silly packumentCache full:https://registry.npmjs.org/triple-beam cache-miss
204 http fetch GET 200 https://registry.npmjs.org/cli-table3 630ms (cache revalidated)
205 silly packumentCache full:https://registry.npmjs.org/cli-table3 set size:40139 disposed:false
206 silly fetch manifest jsonwebtoken@^9.0.2
207 silly packumentCache full:https://registry.npmjs.org/jsonwebtoken cache-miss
208 http fetch GET 200 https://registry.npmjs.org/ajv-formats 558ms (cache revalidated)
209 silly packumentCache full:https://registry.npmjs.org/ajv-formats set size:141264 disposed:false
210 silly fetch manifest stream-chain@^2.2.4
211 silly packumentCache full:https://registry.npmjs.org/stream-chain cache-miss
212 http fetch GET 200 https://registry.npmjs.org/portfinder 590ms (cache revalidated)
213 silly packumentCache full:https://registry.npmjs.org/portfinder set size:92930 disposed:false
214 silly fetch manifest sql-formatter@^15.3.0
215 silly packumentCache full:https://registry.npmjs.org/sql-formatter cache-miss
216 http fetch GET 200 https://registry.npmjs.org/body-parser 563ms (cache revalidated)
217 silly packumentCache full:https://registry.npmjs.org/body-parser set size:204559 disposed:false
218 silly fetch manifest tcp-port-used@^1.0.2
219 silly packumentCache full:https://registry.npmjs.org/tcp-port-used cache-miss
220 http fetch GET 200 https://registry.npmjs.org/pg-gateway 637ms (cache revalidated)
221 silly packumentCache full:https://registry.npmjs.org/pg-gateway set size:35105 disposed:false
222 silly fetch manifest marked-terminal@^7.0.0
223 silly packumentCache full:https://registry.npmjs.org/marked-terminal cache-miss
224 http fetch GET 200 https://registry.npmjs.org/cross-spawn 329ms (cache revalidated)
225 silly packumentCache full:https://registry.npmjs.org/cross-spawn set size:109066 disposed:false
226 silly fetch manifest abort-controller@^3.0.0
227 silly packumentCache full:https://registry.npmjs.org/abort-controller cache-miss
228 http fetch GET 200 https://registry.npmjs.org/proxy-agent 328ms (cache revalidated)
229 silly packumentCache full:https://registry.npmjs.org/proxy-agent set size:81277 disposed:false
230 silly fetch manifest exegesis-express@^4.0.0
231 silly packumentCache full:https://registry.npmjs.org/exegesis-express cache-miss
232 http fetch GET 200 https://registry.npmjs.org/triple-beam 291ms (cache revalidated)
233 silly packumentCache full:https://registry.npmjs.org/triple-beam set size:15133 disposed:false
234 silly fetch manifest @inquirer/prompts@^7.10.1
235 silly packumentCache full:https://registry.npmjs.org/@inquirer%2fprompts cache-miss
236 http fetch GET 200 https://registry.npmjs.org/jsonwebtoken 311ms (cache revalidated)
237 silly packumentCache full:https://registry.npmjs.org/jsonwebtoken set size:183413 disposed:false
238 silly fetch manifest winston-transport@^4.4.0
239 silly packumentCache full:https://registry.npmjs.org/winston-transport cache-miss
240 http fetch GET 200 https://registry.npmjs.org/tcp-port-used 279ms (cache revalidated)
241 silly packumentCache full:https://registry.npmjs.org/tcp-port-used set size:29388 disposed:false
242 silly fetch manifest @apphosting/common@^0.0.8
243 silly packumentCache full:https://registry.npmjs.org/@apphosting%2fcommon cache-miss
244 http fetch GET 200 https://registry.npmjs.org/configstore 477ms (cache revalidated)
245 silly packumentCache full:https://registry.npmjs.org/configstore set size:82080 disposed:false
246 silly fetch manifest libsodium-wrappers@^0.7.10
247 silly packumentCache full:https://registry.npmjs.org/libsodium-wrappers cache-miss
248 http fetch GET 200 https://registry.npmjs.org/stream-json 453ms (cache revalidated)
249 silly packumentCache full:https://registry.npmjs.org/stream-json set size:148044 disposed:false
250 silly fetch manifest google-auth-library@^9.11.0
251 silly packumentCache full:https://registry.npmjs.org/google-auth-library cache-miss
252 http fetch GET 200 https://registry.npmjs.org/stream-chain 396ms (cache revalidated)
253 silly packumentCache full:https://registry.npmjs.org/stream-chain set size:109985 disposed:false
254 silly fetch manifest universal-analytics@^0.5.3
255 silly packumentCache full:https://registry.npmjs.org/universal-analytics cache-miss
256 http fetch GET 200 https://registry.npmjs.org/superstatic 501ms (cache revalidated)
257 silly packumentCache full:https://registry.npmjs.org/superstatic set size:570455 disposed:false
258 silly fetch manifest update-notifier-cjs@^5.1.6
259 silly packumentCache full:https://registry.npmjs.org/update-notifier-cjs cache-miss
260 http fetch GET 200 https://registry.npmjs.org/sql-formatter 426ms (cache revalidated)
261 silly packumentCache full:https://registry.npmjs.org/sql-formatter set size:1132835 disposed:false
262 silly fetch manifest @electric-sql/pglite@^0.3.3
263 silly packumentCache full:https://registry.npmjs.org/@electric-sql%2fpglite cache-hit
264 silly fetch manifest @google-cloud/pubsub@^5.2.0
265 silly packumentCache full:https://registry.npmjs.org/@google-cloud%2fpubsub cache-miss
266 http fetch GET 200 https://registry.npmjs.org/marked-terminal 413ms (cache revalidated)
267 silly packumentCache full:https://registry.npmjs.org/marked-terminal set size:81779 disposed:false
268 silly fetch manifest @modelcontextprotocol/sdk@^1.24.0
269 silly packumentCache full:https://registry.npmjs.org/@modelcontextprotocol%2fsdk cache-miss
270 http fetch GET 200 https://registry.npmjs.org/abort-controller 310ms (cache revalidated)
271 silly packumentCache full:https://registry.npmjs.org/abort-controller set size:47272 disposed:false
272 silly fetch manifest @electric-sql/pglite-tools@^0.2.8
273 silly packumentCache full:https://registry.npmjs.org/@electric-sql%2fpglite-tools cache-miss
274 http fetch GET 200 https://registry.npmjs.org/exegesis-express 351ms (cache revalidated)
275 silly packumentCache full:https://registry.npmjs.org/exegesis-express set size:61313 disposed:false
276 silly fetch manifest @google-cloud/cloud-sql-connector@^1.3.3
277 silly packumentCache full:https://registry.npmjs.org/@google-cloud%2fcloud-sql-connector cache-miss
278 http fetch GET 200 https://registry.npmjs.org/winston-transport 322ms (cache revalidated)
279 silly packumentCache full:https://registry.npmjs.org/winston-transport set size:60135 disposed:false
280 http fetch GET 200 https://registry.npmjs.org/@inquirer%2fprompts 343ms (cache revalidated)
281 silly packumentCache full:https://registry.npmjs.org/@inquirer%2fprompts set size:331361 disposed:false
282 http fetch GET 200 https://registry.npmjs.org/google-auth-library 290ms (cache revalidated)
283 silly packumentCache full:https://registry.npmjs.org/google-auth-library set size:737867 disposed:false
284 http fetch GET 200 https://registry.npmjs.org/@modelcontextprotocol%2fsdk 205ms (cache revalidated)
285 silly packumentCache full:https://registry.npmjs.org/@modelcontextprotocol%2fsdk set size:302290 disposed:false
286 http fetch GET 200 https://registry.npmjs.org/universal-analytics 312ms (cache revalidated)
287 silly packumentCache full:https://registry.npmjs.org/universal-analytics set size:104106 disposed:false
288 http fetch GET 200 https://registry.npmjs.org/libsodium-wrappers 384ms (cache revalidated)
289 silly packumentCache full:https://registry.npmjs.org/libsodium-wrappers set size:96083 disposed:false
290 http fetch GET 200 https://registry.npmjs.org/update-notifier-cjs 313ms (cache revalidated)
291 silly packumentCache full:https://registry.npmjs.org/update-notifier-cjs set size:28206 disposed:false
292 http fetch GET 200 https://registry.npmjs.org/@electric-sql%2fpglite-tools 210ms (cache revalidated)
293 silly packumentCache full:https://registry.npmjs.org/@electric-sql%2fpglite-tools set size:94133 disposed:false
294 http fetch GET 200 https://registry.npmjs.org/@google-cloud%2fcloud-sql-connector 200ms (cache revalidated)
295 silly packumentCache full:https://registry.npmjs.org/@google-cloud%2fcloud-sql-connector set size:159814 disposed:false
296 http fetch GET 200 https://registry.npmjs.org/@apphosting%2fcommon 520ms (cache revalidated)
297 silly packumentCache full:https://registry.npmjs.org/@apphosting%2fcommon set size:66674 disposed:false
298 http fetch GET 200 https://registry.npmjs.org/@google-cloud%2fpubsub 422ms (cache revalidated)
299 silly packumentCache full:https://registry.npmjs.org/@google-cloud%2fpubsub set size:740924 disposed:false
300 silly fetch manifest pg-native@>=3.0.1
301 silly packumentCache full:https://registry.npmjs.org/pg-native cache-miss
302 http fetch GET 200 https://registry.npmjs.org/pg-native 107ms (cache revalidated)
303 silly packumentCache full:https://registry.npmjs.org/pg-native set size:92711 disposed:false
304 silly fetch manifest bufferutil@^4.0.1
305 silly packumentCache full:https://registry.npmjs.org/bufferutil cache-miss
306 http fetch GET 200 https://registry.npmjs.org/bufferutil 139ms (cache revalidated)
307 silly packumentCache full:https://registry.npmjs.org/bufferutil set size:52668 disposed:false
308 silly fetch manifest utf-8-validate@>=5.0.2
309 silly packumentCache full:https://registry.npmjs.org/utf-8-validate cache-miss
310 http fetch GET 200 https://registry.npmjs.org/utf-8-validate 124ms (cache revalidated)
311 silly packumentCache full:https://registry.npmjs.org/utf-8-validate set size:77012 disposed:false
312 silly fetch manifest encoding@^0.1.0
313 silly packumentCache full:https://registry.npmjs.org/encoding cache-miss
314 http fetch GET 200 https://registry.npmjs.org/encoding 118ms (cache revalidated)
315 silly packumentCache full:https://registry.npmjs.org/encoding set size:17833 disposed:false
316 silly fetch manifest @types/node@>=18
317 silly packumentCache full:https://registry.npmjs.org/@types%2fnode cache-miss
318 http fetch GET 200 https://registry.npmjs.org/@types%2fnode 210ms (cache revalidated)
319 silly packumentCache full:https://registry.npmjs.org/@types%2fnode set size:11084776 disposed:false
320 silly fetch manifest @cfworker/json-schema@^4.1.1
321 silly packumentCache full:https://registry.npmjs.org/@cfworker%2fjson-schema cache-miss
322 http fetch GET 200 https://registry.npmjs.org/@cfworker%2fjson-schema 157ms (cache revalidated)
323 silly packumentCache full:https://registry.npmjs.org/@cfworker%2fjson-schema set size:144207 disposed:false
324 silly placeDep node_modules/firebase-tools @apphosting/common@0.0.8 OK for: firebase-tools@15.25.1 want: ^0.0.8
325 silly placeDep node_modules/firebase-tools @electric-sql/pglite@0.3.16 OK for: firebase-tools@15.25.1 want: ^0.3.3
326 silly placeDep node_modules/firebase-tools @electric-sql/pglite-tools@0.2.21 OK for: firebase-tools@15.25.1 want: ^0.2.8
327 silly placeDep node_modules/firebase-tools @google-cloud/cloud-sql-connector@1.11.3 OK for: firebase-tools@15.25.1 want: ^1.3.3
328 silly placeDep node_modules/firebase-tools @google-cloud/pubsub@5.3.1 OK for: firebase-tools@15.25.1 want: ^5.2.0
329 silly placeDep node_modules/firebase-tools @inquirer/prompts@7.10.1 OK for: firebase-tools@15.25.1 want: ^7.10.1
330 silly placeDep node_modules/firebase-tools @modelcontextprotocol/sdk@1.30.0 OK for: firebase-tools@15.25.1 want: ^1.24.0
331 silly placeDep node_modules/firebase-tools abort-controller@3.0.0 OK for: firebase-tools@15.25.1 want: ^3.0.0
332 silly placeDep node_modules/firebase-tools ajv@8.20.0 OK for: firebase-tools@15.25.1 want: ^8.17.1
333 silly placeDep node_modules/firebase-tools ajv-formats@3.0.1 OK for: firebase-tools@15.25.1 want: 3.0.1
334 silly placeDep node_modules/firebase-tools archiver@7.0.1 OK for: firebase-tools@15.25.1 want: ^7.0.0
335 silly placeDep node_modules/firebase-tools async-lock@1.4.1 OK for: firebase-tools@15.25.1 want: 1.4.1
336 silly placeDep node_modules/firebase-tools body-parser@1.20.6 OK for: firebase-tools@15.25.1 want: ^1.19.0
337 silly placeDep node_modules/firebase-tools chokidar@3.6.0 OK for: firebase-tools@15.25.1 want: ^3.6.0
338 silly placeDep node_modules/firebase-tools cjson@0.3.3 OK for: firebase-tools@15.25.1 want: ^0.3.1
339 silly placeDep node_modules/firebase-tools cli-table3@0.6.5 OK for: firebase-tools@15.25.1 want: 0.6.5
340 silly placeDep node_modules/firebase-tools colorette@2.0.20 OK for: firebase-tools@15.25.1 want: ^2.0.19
341 silly placeDep node_modules/firebase-tools commander@5.1.0 OK for: firebase-tools@15.25.1 want: ^5.1.0
342 silly placeDep node_modules/firebase-tools configstore@5.0.1 OK for: firebase-tools@15.25.1 want: ^5.0.1
343 silly placeDep node_modules/firebase-tools cors@2.8.6 OK for: firebase-tools@15.25.1 want: ^2.8.5
344 silly placeDep node_modules/firebase-tools cross-env@7.0.3 OK for: firebase-tools@15.25.1 want: ^7.0.3
345 silly placeDep node_modules/firebase-tools cross-spawn@7.0.6 OK for: firebase-tools@15.25.1 want: ^7.0.5
346 silly placeDep node_modules/firebase-tools csv-parse@5.6.0 OK for: firebase-tools@15.25.1 want: ^5.0.4
347 silly placeDep node_modules/firebase-tools exegesis@4.3.0 OK for: firebase-tools@15.25.1 want: ^4.2.0
348 silly placeDep node_modules/firebase-tools exegesis-express@4.0.0 OK for: firebase-tools@15.25.1 want: ^4.0.0
349 silly placeDep node_modules/firebase-tools express@4.22.2 OK for: firebase-tools@15.25.1 want: ^4.16.4
350 silly placeDep node_modules/firebase-tools form-data@4.0.6 OK for: firebase-tools@15.25.1 want: ^4.0.1
351 silly placeDep node_modules/firebase-tools fs-extra@10.1.0 OK for: firebase-tools@15.25.1 want: ^10.1.0
352 silly placeDep node_modules/firebase-tools fuzzy@0.1.3 OK for: firebase-tools@15.25.1 want: ^0.1.3
353 silly placeDep node_modules/firebase-tools gaxios@6.7.1 OK for: firebase-tools@15.25.1 want: ^6.7.0
354 silly placeDep node_modules/firebase-tools glob@10.5.0 OK for: firebase-tools@15.25.1 want: ^10.5.0
355 silly placeDep node_modules/firebase-tools google-auth-library@9.15.1 OK for: firebase-tools@15.25.1 want: ^9.11.0
356 silly placeDep node_modules/firebase-tools ignore@7.0.6 OK for: firebase-tools@15.25.1 want: ^7.0.4
357 silly placeDep node_modules/firebase-tools js-yaml@4.3.1 OK for: firebase-tools@15.25.1 want: ^4.2.0
358 silly placeDep node_modules/firebase-tools jsonwebtoken@9.0.3 OK for: firebase-tools@15.25.1 want: ^9.0.2
359 silly placeDep node_modules/firebase-tools libsodium-wrappers@0.7.16 OK for: firebase-tools@15.25.1 want: ^0.7.10
360 silly placeDep node_modules/firebase-tools lodash@4.18.1 OK for: firebase-tools@15.25.1 want: ^4.18.0
361 silly placeDep node_modules/firebase-tools lsofi@2.0.0 OK for: firebase-tools@15.25.1 want: ^2.0.0
362 silly placeDep node_modules/firebase-tools marked@13.0.3 OK for: firebase-tools@15.25.1 want: ^13.0.2
363 silly placeDep node_modules/firebase-tools marked-terminal@7.3.0 OK for: firebase-tools@15.25.1 want: ^7.0.0
364 silly placeDep node_modules/firebase-tools mime@2.6.0 OK for: firebase-tools@15.25.1 want: ^2.5.2
365 silly placeDep node_modules/firebase-tools minimatch@3.1.5 OK for: firebase-tools@15.25.1 want: ^3.0.4
366 silly placeDep node_modules/firebase-tools morgan@1.11.0 OK for: firebase-tools@15.25.1 want: ^1.10.0
367 silly placeDep node_modules/firebase-tools node-fetch@2.7.0 OK for: firebase-tools@15.25.1 want: ^2.6.7
368 silly placeDep node_modules/firebase-tools open@6.4.0 OK for: firebase-tools@15.25.1 want: ^6.3.0
369 silly placeDep node_modules/firebase-tools ora@5.4.1 OK for: firebase-tools@15.25.1 want: ^5.4.1
370 silly placeDep node_modules/firebase-tools pg@8.22.0 OK for: firebase-tools@15.25.1 want: ^8.11.3
371 silly placeDep node_modules/firebase-tools pg-gateway@0.3.0-beta.4 OK for: firebase-tools@15.25.1 want: ^0.3.0-beta.4
372 silly placeDep node_modules/firebase-tools pglite-2@0.2.17 OK for: firebase-tools@15.25.1 want: npm:@electric-sql/pglite@0.2.17
373 silly placeDep node_modules/firebase-tools portfinder@1.0.38 OK for: firebase-tools@15.25.1 want: ^1.0.32
374 silly placeDep node_modules/firebase-tools progress@2.0.3 OK for: firebase-tools@15.25.1 want: ^2.0.3
375 silly placeDep node_modules/firebase-tools proxy-agent@6.5.0 OK for: firebase-tools@15.25.1 want: ^6.3.0
376 silly placeDep node_modules/firebase-tools retry@0.13.1 OK for: firebase-tools@15.25.1 want: ^0.13.1
377 silly placeDep node_modules/firebase-tools semver@7.8.5 OK for: firebase-tools@15.25.1 want: ^7.5.2
378 silly placeDep node_modules/firebase-tools sql-formatter@15.8.2 OK for: firebase-tools@15.25.1 want: ^15.3.0
379 silly placeDep node_modules/firebase-tools stream-chain@2.2.5 OK for: firebase-tools@15.25.1 want: ^2.2.4
380 silly placeDep node_modules/firebase-tools stream-json@1.9.1 OK for: firebase-tools@15.25.1 want: ^1.7.3
381 silly placeDep node_modules/firebase-tools superstatic@10.0.0 OK for: firebase-tools@15.25.1 want: ^10.0.0
382 silly placeDep node_modules/firebase-tools tar@7.5.22 OK for: firebase-tools@15.25.1 want: ^7.5.11
383 silly placeDep node_modules/firebase-tools tcp-port-used@1.0.3 OK for: firebase-tools@15.25.1 want: ^1.0.2
384 silly placeDep node_modules/firebase-tools tmp@0.2.7 OK for: firebase-tools@15.25.1 want: ^0.2.3
385 silly placeDep node_modules/firebase-tools triple-beam@1.4.1 OK for: firebase-tools@15.25.1 want: ^1.3.0
386 silly placeDep node_modules/firebase-tools undici@6.28.0 OK for: firebase-tools@15.25.1 want: ^6.19.0
387 silly placeDep node_modules/firebase-tools universal-analytics@0.5.4 OK for: firebase-tools@15.25.1 want: ^0.5.3
388 silly placeDep node_modules/firebase-tools update-notifier-cjs@5.1.7 OK for: firebase-tools@15.25.1 want: ^5.1.6
389 silly placeDep node_modules/firebase-tools winston@3.19.0 OK for: firebase-tools@15.25.1 want: ^3.0.0
390 silly placeDep node_modules/firebase-tools winston-transport@4.9.0 OK for: firebase-tools@15.25.1 want: ^4.4.0
391 silly placeDep node_modules/firebase-tools ws@8.21.1 OK for: firebase-tools@15.25.1 want: ^8.21.1
392 silly placeDep node_modules/firebase-tools yaml@2.9.0 OK for: firebase-tools@15.25.1 want: ^2.8.3
393 silly placeDep node_modules/firebase-tools zod@4.4.3 OK for: firebase-tools@15.25.1 want: ^4.0.0
394 silly fetch manifest gaxios@^7.1.4
395 silly packumentCache full:https://registry.npmjs.org/gaxios cache-hit
396 silly fetch manifest p-throttle@^8.1.0
397 silly packumentCache full:https://registry.npmjs.org/p-throttle cache-miss
398 silly fetch manifest google-auth-library@^10.6.2
399 silly packumentCache full:https://registry.npmjs.org/google-auth-library cache-hit
400 silly fetch manifest @googleapis/sqladmin@^37.0.0
401 silly packumentCache full:https://registry.npmjs.org/@googleapis%2fsqladmin cache-miss
402 silly fetch manifest @google-cloud/paginator@^6.0.0
403 silly packumentCache full:https://registry.npmjs.org/@google-cloud%2fpaginator cache-miss
404 silly fetch manifest @google-cloud/precise-date@^5.0.0
405 silly packumentCache full:https://registry.npmjs.org/@google-cloud%2fprecise-date cache-miss
406 silly fetch manifest @google-cloud/projectify@^5.0.0
407 silly packumentCache full:https://registry.npmjs.org/@google-cloud%2fprojectify cache-miss
408 silly fetch manifest @google-cloud/promisify@^5.0.0
409 silly packumentCache full:https://registry.npmjs.org/@google-cloud%2fpromisify cache-miss
410 silly fetch manifest @opentelemetry/api@~1.9.0
411 silly packumentCache full:https://registry.npmjs.org/@opentelemetry%2fapi cache-miss
412 silly fetch manifest @opentelemetry/core@^1.30.1
413 silly packumentCache full:https://registry.npmjs.org/@opentelemetry%2fcore cache-miss
414 silly fetch manifest @opentelemetry/semantic-conventions@~1.39.0
415 silly packumentCache full:https://registry.npmjs.org/@opentelemetry%2fsemantic-conventions cache-miss
416 silly fetch manifest arrify@^2.0.0
417 silly packumentCache full:https://registry.npmjs.org/arrify cache-miss
418 silly fetch manifest extend@^3.0.2
419 silly packumentCache full:https://registry.npmjs.org/extend cache-miss
420 http fetch GET 200 https://registry.npmjs.org/p-throttle 294ms (cache revalidated)
421 silly packumentCache full:https://registry.npmjs.org/p-throttle set size:47894 disposed:false
422 silly fetch manifest google-auth-library@^10.5.0
423 silly packumentCache full:https://registry.npmjs.org/google-auth-library cache-hit
424 silly fetch manifest google-gax@^5.0.5
425 silly packumentCache full:https://registry.npmjs.org/google-gax cache-miss
426 http fetch GET 200 https://registry.npmjs.org/@google-cloud%2fpaginator 302ms (cache revalidated)
427 silly packumentCache full:https://registry.npmjs.org/@google-cloud%2fpaginator set size:97180 disposed:false
428 silly fetch manifest google-logging-utils@^1.1.3
429 silly packumentCache full:https://registry.npmjs.org/google-logging-utils cache-miss
430 http fetch GET 200 https://registry.npmjs.org/@opentelemetry%2fcore 295ms (cache revalidated)
431 silly packumentCache full:https://registry.npmjs.org/@opentelemetry%2fcore set size:832723 disposed:false
432 silly fetch manifest heap-js@^2.6.0
433 silly packumentCache full:https://registry.npmjs.org/heap-js cache-miss
434 http fetch GET 200 https://registry.npmjs.org/@opentelemetry%2fsemantic-conventions 301ms (cache revalidated)
435 silly packumentCache full:https://registry.npmjs.org/@opentelemetry%2fsemantic-conventions set size:428824 disposed:false
436 silly fetch manifest is-stream-ended@^0.1.4
437 silly packumentCache full:https://registry.npmjs.org/is-stream-ended cache-miss
438 http fetch GET 200 https://registry.npmjs.org/extend 301ms (cache revalidated)
439 silly packumentCache full:https://registry.npmjs.org/extend set size:25974 disposed:false
440 silly fetch manifest lodash.snakecase@^4.1.1
441 silly packumentCache full:https://registry.npmjs.org/lodash.snakecase cache-miss
442 http fetch GET 200 https://registry.npmjs.org/@google-cloud%2fpromisify 318ms (cache revalidated)
443 silly packumentCache full:https://registry.npmjs.org/@google-cloud%2fpromisify set size:75979 disposed:false
444 silly fetch manifest long@^5.3.1
445 silly packumentCache full:https://registry.npmjs.org/long cache-miss
446 http fetch GET 200 https://registry.npmjs.org/@google-cloud%2fprojectify 324ms (cache revalidated)
447 silly packumentCache full:https://registry.npmjs.org/@google-cloud%2fprojectify set size:71811 disposed:false
448 silly fetch manifest p-defer@^3.0.0
449 silly packumentCache full:https://registry.npmjs.org/p-defer cache-miss
450 http fetch GET 200 https://registry.npmjs.org/arrify 312ms (cache revalidated)
451 silly packumentCache full:https://registry.npmjs.org/arrify set size:11862 disposed:false
452 silly fetch manifest @inquirer/input@^4.3.1
453 silly packumentCache full:https://registry.npmjs.org/@inquirer%2finput cache-miss
454 http fetch GET 200 https://registry.npmjs.org/@opentelemetry%2fapi 338ms (cache revalidated)
455 silly packumentCache full:https://registry.npmjs.org/@opentelemetry%2fapi set size:272967 disposed:false
456 silly fetch manifest @inquirer/editor@^4.2.23
457 silly packumentCache full:https://registry.npmjs.org/@inquirer%2feditor cache-miss
458 http fetch GET 200 https://registry.npmjs.org/@google-cloud%2fprecise-date 462ms (cache revalidated)
459 silly packumentCache full:https://registry.npmjs.org/@google-cloud%2fprecise-date set size:58219 disposed:false
460 silly fetch manifest @inquirer/expand@^4.0.23
461 silly packumentCache full:https://registry.npmjs.org/@inquirer%2fexpand cache-miss
462 http fetch GET 200 https://registry.npmjs.org/google-logging-utils 165ms (cache revalidated)
463 silly packumentCache full:https://registry.npmjs.org/google-logging-utils set size:28645 disposed:false
464 silly fetch manifest @inquirer/number@^3.0.23
465 silly packumentCache full:https://registry.npmjs.org/@inquirer%2fnumber cache-miss
466 http fetch GET 200 https://registry.npmjs.org/is-stream-ended 153ms (cache revalidated)
467 silly packumentCache full:https://registry.npmjs.org/is-stream-ended set size:8902 disposed:false
468 silly fetch manifest @inquirer/search@^3.2.2
469 silly packumentCache full:https://registry.npmjs.org/@inquirer%2fsearch cache-miss
470 http fetch GET 200 https://registry.npmjs.org/heap-js 175ms (cache revalidated)
471 silly packumentCache full:https://registry.npmjs.org/heap-js set size:106897 disposed:false
472 silly fetch manifest @inquirer/select@^4.4.2
473 silly packumentCache full:https://registry.npmjs.org/@inquirer%2fselect cache-miss
474 http fetch GET 200 https://registry.npmjs.org/long 169ms (cache revalidated)
475 silly packumentCache full:https://registry.npmjs.org/long set size:80704 disposed:false
476 silly fetch manifest @inquirer/confirm@^5.1.21
477 silly packumentCache full:https://registry.npmjs.org/@inquirer%2fconfirm cache-miss
478 http fetch GET 200 https://registry.npmjs.org/p-defer 171ms (cache revalidated)
479 silly packumentCache full:https://registry.npmjs.org/p-defer set size:17545 disposed:false
480 silly fetch manifest @inquirer/rawlist@^4.1.11
481 silly packumentCache full:https://registry.npmjs.org/@inquirer%2frawlist cache-miss
482 http fetch GET 200 https://registry.npmjs.org/google-gax 212ms (cache revalidated)
483 silly packumentCache full:https://registry.npmjs.org/google-gax set size:2073092 disposed:false
484 silly fetch manifest @inquirer/checkbox@^4.3.2
485 silly packumentCache full:https://registry.npmjs.org/@inquirer%2fcheckbox cache-miss
486 http fetch GET 200 https://registry.npmjs.org/@inquirer%2finput 199ms (cache revalidated)
487 silly packumentCache full:https://registry.npmjs.org/@inquirer%2finput set size:319406 disposed:false
488 silly fetch manifest @inquirer/password@^4.0.23
489 silly packumentCache full:https://registry.npmjs.org/@inquirer%2fpassword cache-miss
490 http fetch GET 200 https://registry.npmjs.org/@googleapis%2fsqladmin 551ms (cache revalidated)
491 silly packumentCache full:https://registry.npmjs.org/@googleapis%2fsqladmin set size:135961 disposed:false
492 silly fetch manifest zod@^3.25 || ^4.0
493 silly packumentCache full:https://registry.npmjs.org/zod cache-miss
494 http fetch GET 200 https://registry.npmjs.org/@inquirer%2feditor 214ms (cache revalidated)
495 silly packumentCache full:https://registry.npmjs.org/@inquirer%2feditor set size:322894 disposed:false
496 silly fetch manifest hono@^4.11.4
497 silly packumentCache full:https://registry.npmjs.org/hono cache-miss
498 http fetch GET 200 https://registry.npmjs.org/lodash.snakecase 277ms (cache revalidated)
499 silly packumentCache full:https://registry.npmjs.org/lodash.snakecase set size:16878 disposed:false
500 silly fetch manifest jose@^6.1.3
501 silly packumentCache full:https://registry.npmjs.org/jose cache-miss
502 http cache https://registry.npmjs.org/zod 144ms (cache hit)
503 silly packumentCache full:https://registry.npmjs.org/zod set size:3552562 disposed:false
504 silly fetch manifest express@^5.2.1
505 silly packumentCache full:https://registry.npmjs.org/express cache-hit
506 silly fetch manifest raw-body@^3.0.0
507 silly packumentCache full:https://registry.npmjs.org/raw-body cache-miss
508 http fetch GET 200 https://registry.npmjs.org/@inquirer%2fexpand 280ms (cache revalidated)
509 silly packumentCache full:https://registry.npmjs.org/@inquirer%2fexpand set size:322112 disposed:false
510 silly fetch manifest ajv-formats@^3.0.1
511 silly packumentCache full:https://registry.npmjs.org/ajv-formats cache-hit
512 silly fetch manifest eventsource@^3.0.2
513 silly packumentCache full:https://registry.npmjs.org/eventsource cache-miss
514 http fetch GET 200 https://registry.npmjs.org/@inquirer%2fsearch 289ms (cache revalidated)
515 silly packumentCache full:https://registry.npmjs.org/@inquirer%2fsearch set size:142958 disposed:false
516 silly fetch manifest content-type@^1.0.5
517 silly packumentCache full:https://registry.npmjs.org/content-type cache-miss
518 http fetch GET 200 https://registry.npmjs.org/@inquirer%2fnumber 333ms (cache revalidated)
519 silly packumentCache full:https://registry.npmjs.org/@inquirer%2fnumber set size:142567 disposed:false
520 silly fetch manifest pkce-challenge@^5.0.0
521 silly packumentCache full:https://registry.npmjs.org/pkce-challenge cache-miss
522 http fetch GET 200 https://registry.npmjs.org/@inquirer%2fselect 330ms (cache revalidated)
523 silly packumentCache full:https://registry.npmjs.org/@inquirer%2fselect set size:335462 disposed:false
524 silly fetch manifest @hono/node-server@^1.19.9 || ^2.0.5
525 silly packumentCache full:https://registry.npmjs.org/@hono%2fnode-server cache-miss
526 http fetch GET 200 https://registry.npmjs.org/@inquirer%2fpassword 310ms (cache revalidated)
527 silly packumentCache full:https://registry.npmjs.org/@inquirer%2fpassword set size:318894 disposed:false
528 silly fetch manifest json-schema-typed@^8.0.2
529 silly packumentCache full:https://registry.npmjs.org/json-schema-typed cache-miss
530 http fetch GET 200 https://registry.npmjs.org/@inquirer%2fconfirm 441ms (cache revalidated)
531 silly packumentCache full:https://registry.npmjs.org/@inquirer%2fconfirm set size:320882 disposed:false
532 silly fetch manifest eventsource-parser@^3.0.0
533 silly packumentCache full:https://registry.npmjs.org/eventsource-parser cache-miss
534 http fetch GET 200 https://registry.npmjs.org/@inquirer%2frawlist 459ms (cache revalidated)
535 silly packumentCache full:https://registry.npmjs.org/@inquirer%2frawlist set size:288948 disposed:false
536 silly fetch manifest express-rate-limit@^8.2.1
537 silly packumentCache full:https://registry.npmjs.org/express-rate-limit cache-miss
538 http fetch GET 200 https://registry.npmjs.org/@inquirer%2fcheckbox 447ms (cache revalidated)
539 silly packumentCache full:https://registry.npmjs.org/@inquirer%2fcheckbox set size:346573 disposed:false
540 silly fetch manifest zod-to-json-schema@^3.25.1
541 silly packumentCache full:https://registry.npmjs.org/zod-to-json-schema cache-miss
542 http fetch GET 200 https://registry.npmjs.org/jose 381ms (cache revalidated)
543 silly packumentCache full:https://registry.npmjs.org/jose set size:1440823 disposed:false
544 silly fetch manifest event-target-shim@^5.0.0
545 silly packumentCache full:https://registry.npmjs.org/event-target-shim cache-miss
546 http fetch GET 200 https://registry.npmjs.org/hono 447ms (cache revalidated)
547 silly packumentCache full:https://registry.npmjs.org/hono set size:6010339 disposed:false
548 silly fetch manifest fast-deep-equal@^3.1.3
549 silly packumentCache full:https://registry.npmjs.org/fast-deep-equal cache-miss
550 http fetch GET 200 https://registry.npmjs.org/eventsource 488ms (cache revalidated)
551 silly packumentCache full:https://registry.npmjs.org/eventsource set size:128214 disposed:false
552 silly fetch manifest fast-uri@^3.0.1
553 silly packumentCache full:https://registry.npmjs.org/fast-uri cache-miss
554 http fetch GET 200 https://registry.npmjs.org/raw-body 519ms (cache revalidated)
555 silly packumentCache full:https://registry.npmjs.org/raw-body set size:120042 disposed:false
556 silly fetch manifest json-schema-traverse@^1.0.0
557 silly packumentCache full:https://registry.npmjs.org/json-schema-traverse cache-miss
558 http fetch GET 200 https://registry.npmjs.org/content-type 503ms (cache revalidated)
559 silly packumentCache full:https://registry.npmjs.org/content-type set size:18994 disposed:false
560 silly fetch manifest require-from-string@^2.0.2
561 silly packumentCache full:https://registry.npmjs.org/require-from-string cache-miss
562 http fetch GET 200 https://registry.npmjs.org/pkce-challenge 540ms (cache revalidated)
563 silly packumentCache full:https://registry.npmjs.org/pkce-challenge set size:37734 disposed:false
564 silly fetch manifest async@^3.2.4
565 silly packumentCache full:https://registry.npmjs.org/async cache-miss
566 http fetch GET 200 https://registry.npmjs.org/json-schema-typed 428ms (cache revalidated)
567 silly packumentCache full:https://registry.npmjs.org/json-schema-typed set size:26165 disposed:false
568 silly fetch manifest tar-stream@^3.0.0
569 silly packumentCache full:https://registry.npmjs.org/tar-stream cache-miss
570 http fetch GET 200 https://registry.npmjs.org/eventsource-parser 420ms (cache revalidated)
571 silly packumentCache full:https://registry.npmjs.org/eventsource-parser set size:78018 disposed:false
572 silly fetch manifest zip-stream@^6.0.1
573 silly packumentCache full:https://registry.npmjs.org/zip-stream cache-miss
574 http fetch GET 200 https://registry.npmjs.org/event-target-shim 381ms (cache revalidated)
575 silly packumentCache full:https://registry.npmjs.org/event-target-shim set size:103601 disposed:false
576 silly fetch manifest buffer-crc32@^1.0.0
577 silly packumentCache full:https://registry.npmjs.org/buffer-crc32 cache-miss
578 http fetch GET 200 https://registry.npmjs.org/fast-deep-equal 310ms (cache revalidated)
579 silly packumentCache full:https://registry.npmjs.org/fast-deep-equal set size:48634 disposed:false
580 silly fetch manifest readdir-glob@^1.1.2
581 silly packumentCache full:https://registry.npmjs.org/readdir-glob cache-miss
582 http fetch GET 200 https://registry.npmjs.org/zod-to-json-schema 427ms (cache revalidated)
583 silly packumentCache full:https://registry.npmjs.org/zod-to-json-schema set size:309584 disposed:false
584 silly fetch manifest archiver-utils@^5.0.2
585 silly packumentCache full:https://registry.npmjs.org/archiver-utils cache-miss
586 http fetch GET 200 https://registry.npmjs.org/@hono%2fnode-server 579ms (cache revalidated)
587 silly packumentCache full:https://registry.npmjs.org/@hono%2fnode-server set size:277956 disposed:false
588 silly fetch manifest readable-stream@^4.0.0
589 silly packumentCache full:https://registry.npmjs.org/readable-stream cache-miss
590 http fetch GET 200 https://registry.npmjs.org/express-rate-limit 464ms (cache revalidated)
591 silly packumentCache full:https://registry.npmjs.org/express-rate-limit set size:452248 disposed:false
592 silly fetch manifest qs@~6.15.1
593 silly packumentCache full:https://registry.npmjs.org/qs cache-miss
594 http fetch GET 200 https://registry.npmjs.org/json-schema-traverse 392ms (cache revalidated)
595 silly packumentCache full:https://registry.npmjs.org/json-schema-traverse set size:23537 disposed:false
596 silly fetch manifest depd@2.0.0
597 silly packumentCache full:https://registry.npmjs.org/depd cache-miss
598 http fetch GET 200 https://registry.npmjs.org/require-from-string 385ms (cache revalidated)
599 silly packumentCache full:https://registry.npmjs.org/require-from-string set size:15128 disposed:false
600 silly fetch manifest bytes@~3.1.2
601 silly packumentCache full:https://registry.npmjs.org/bytes cache-miss
602 http fetch GET 200 https://registry.npmjs.org/fast-uri 424ms (cache revalidated)
603 silly packumentCache full:https://registry.npmjs.org/fast-uri set size:91614 disposed:false
604 silly fetch manifest debug@2.6.9
605 silly packumentCache full:https://registry.npmjs.org/debug cache-miss
606 http fetch GET 200 https://registry.npmjs.org/tar-stream 374ms (cache revalidated)
607 silly packumentCache full:https://registry.npmjs.org/tar-stream set size:137875 disposed:false
608 silly fetch manifest unpipe@~1.0.0
609 silly packumentCache full:https://registry.npmjs.org/unpipe cache-miss
610 http fetch GET 200 https://registry.npmjs.org/async 399ms (cache revalidated)
611 silly packumentCache full:https://registry.npmjs.org/async set size:230482 disposed:false
612 silly fetch manifest destroy@~1.2.0
613 silly packumentCache full:https://registry.npmjs.org/destroy cache-miss
614 http fetch GET 200 https://registry.npmjs.org/buffer-crc32 382ms (cache revalidated)
615 silly packumentCache full:https://registry.npmjs.org/buffer-crc32 set size:58100 disposed:false
616 silly fetch manifest type-is@~1.6.18
617 silly packumentCache full:https://registry.npmjs.org/type-is cache-miss
618 http fetch GET 200 https://registry.npmjs.org/zip-stream 404ms (cache revalidated)
619 silly packumentCache full:https://registry.npmjs.org/zip-stream set size:109574 disposed:false
620 silly fetch manifest raw-body@~2.5.3
621 silly packumentCache full:https://registry.npmjs.org/raw-body cache-hit
622 silly fetch manifest iconv-lite@~0.4.24
623 silly packumentCache full:https://registry.npmjs.org/iconv-lite cache-miss
624 http fetch GET 200 https://registry.npmjs.org/archiver-utils 385ms (cache revalidated)
625 silly packumentCache full:https://registry.npmjs.org/archiver-utils set size:31398 disposed:false
626 silly fetch manifest http-errors@~2.0.1
627 silly packumentCache full:https://registry.npmjs.org/http-errors cache-miss
628 http fetch GET 200 https://registry.npmjs.org/readdir-glob 407ms (cache revalidated)
629 silly packumentCache full:https://registry.npmjs.org/readdir-glob set size:30196 disposed:false
630 silly fetch manifest on-finished@~2.4.1
631 silly packumentCache full:https://registry.npmjs.org/on-finished cache-miss
632 http fetch GET 200 https://registry.npmjs.org/qs 374ms (cache revalidated)
633 silly packumentCache full:https://registry.npmjs.org/qs set size:360318 disposed:false
634 silly fetch manifest content-type@~1.0.5
635 silly packumentCache full:https://registry.npmjs.org/content-type cache-hit
636 silly fetch manifest braces@~3.0.2
637 silly packumentCache full:https://registry.npmjs.org/braces cache-miss
638 http fetch GET 200 https://registry.npmjs.org/readable-stream 406ms (cache revalidated)
639 silly packumentCache full:https://registry.npmjs.org/readable-stream set size:261096 disposed:false
640 silly fetch manifest is-glob@~4.0.1
641 silly packumentCache full:https://registry.npmjs.org/is-glob cache-miss
642 http fetch GET 200 https://registry.npmjs.org/depd 380ms (cache revalidated)
643 silly packumentCache full:https://registry.npmjs.org/depd set size:40182 disposed:false
644 silly fetch manifest anymatch@~3.1.2
645 silly packumentCache full:https://registry.npmjs.org/anymatch cache-miss
646 http fetch GET 200 https://registry.npmjs.org/debug 386ms (cache revalidated)
647 silly packumentCache full:https://registry.npmjs.org/debug set size:195840 disposed:false
648 silly fetch manifest readdirp@~3.6.0
649 silly packumentCache full:https://registry.npmjs.org/readdirp cache-miss
650 http fetch GET 200 https://registry.npmjs.org/unpipe 343ms (cache revalidated)
651 silly packumentCache full:https://registry.npmjs.org/unpipe set size:3609 disposed:false
652 silly fetch manifest glob-parent@~5.1.2
653 silly packumentCache full:https://registry.npmjs.org/glob-parent cache-miss
654 http fetch GET 200 https://registry.npmjs.org/bytes 460ms (cache revalidated)
655 silly packumentCache full:https://registry.npmjs.org/bytes set size:37018 disposed:false
656 silly fetch manifest is-binary-path@~2.1.0
657 silly packumentCache full:https://registry.npmjs.org/is-binary-path cache-miss
658 http fetch GET 200 https://registry.npmjs.org/type-is 355ms (cache revalidated)
659 silly packumentCache full:https://registry.npmjs.org/type-is set size:88614 disposed:false
660 silly fetch manifest normalize-path@~3.0.0
661 silly packumentCache full:https://registry.npmjs.org/normalize-path cache-miss
662 http fetch GET 200 https://registry.npmjs.org/destroy 377ms (cache revalidated)
663 silly packumentCache full:https://registry.npmjs.org/destroy set size:15738 disposed:false
664 silly fetch manifest fsevents@~2.3.2
665 silly packumentCache full:https://registry.npmjs.org/fsevents cache-miss
666 http fetch GET 200 https://registry.npmjs.org/on-finished 345ms (cache revalidated)
667 silly packumentCache full:https://registry.npmjs.org/on-finished set size:23212 disposed:false
668 silly fetch manifest json-parse-helpfulerror@^1.0.3
669 silly packumentCache full:https://registry.npmjs.org/json-parse-helpfulerror cache-miss
670 http fetch GET 200 https://registry.npmjs.org/iconv-lite 373ms (cache revalidated)
671 silly packumentCache full:https://registry.npmjs.org/iconv-lite set size:126462 disposed:false
672 silly fetch manifest string-width@^4.2.0
673 silly packumentCache full:https://registry.npmjs.org/string-width cache-miss
674 http fetch GET 200 https://registry.npmjs.org/braces 348ms (cache revalidated)
675 silly packumentCache full:https://registry.npmjs.org/braces set size:114529 disposed:false
676 silly fetch manifest @colors/colors@1.5.0
677 silly packumentCache full:https://registry.npmjs.org/@colors%2fcolors cache-miss
678 http fetch GET 200 https://registry.npmjs.org/is-glob 346ms (cache revalidated)
679 silly packumentCache full:https://registry.npmjs.org/is-glob set size:40530 disposed:false
680 silly fetch manifest dot-prop@^5.2.0
681 silly packumentCache full:https://registry.npmjs.org/dot-prop cache-miss
682 http fetch GET 200 https://registry.npmjs.org/http-errors 388ms (cache revalidated)
683 silly packumentCache full:https://registry.npmjs.org/http-errors set size:71987 disposed:false
684 silly fetch manifest make-dir@^3.0.0
685 silly packumentCache full:https://registry.npmjs.org/make-dir cache-miss
686 http fetch GET 200 https://registry.npmjs.org/anymatch 328ms (cache revalidated)
687 silly packumentCache full:https://registry.npmjs.org/anymatch set size:42974 disposed:false
688 silly fetch manifest graceful-fs@^4.1.2
689 silly packumentCache full:https://registry.npmjs.org/graceful-fs cache-miss
690 http fetch GET 200 https://registry.npmjs.org/readdirp 311ms (cache revalidated)
691 silly packumentCache full:https://registry.npmjs.org/readdirp set size:107589 disposed:false
692 silly fetch manifest xdg-basedir@^4.0.0
693 silly packumentCache full:https://registry.npmjs.org/xdg-basedir cache-miss
694 http fetch GET 200 https://registry.npmjs.org/glob-parent 286ms (cache revalidated)
695 silly packumentCache full:https://registry.npmjs.org/glob-parent set size:42445 disposed:false
696 silly fetch manifest unique-string@^2.0.0
697 silly packumentCache full:https://registry.npmjs.org/unique-string cache-miss
698 http fetch GET 200 https://registry.npmjs.org/normalize-path 296ms (cache revalidated)
699 silly packumentCache full:https://registry.npmjs.org/normalize-path set size:28713 disposed:false
700 silly fetch manifest write-file-atomic@^3.0.0
701 silly packumentCache full:https://registry.npmjs.org/write-file-atomic cache-miss
702 http fetch GET 200 https://registry.npmjs.org/is-binary-path 322ms (cache revalidated)
703 silly packumentCache full:https://registry.npmjs.org/is-binary-path set size:13475 disposed:false
704 silly fetch manifest object-assign@^4
705 silly packumentCache full:https://registry.npmjs.org/object-assign cache-miss
706 http fetch GET 200 https://registry.npmjs.org/@colors%2fcolors 277ms (cache revalidated)
707 silly packumentCache full:https://registry.npmjs.org/@colors%2fcolors set size:12042 disposed:false
708 silly fetch manifest vary@^1
709 silly packumentCache full:https://registry.npmjs.org/vary cache-miss
710 http fetch GET 200 https://registry.npmjs.org/fsevents 314ms (cache revalidated)
711 silly packumentCache full:https://registry.npmjs.org/fsevents set size:182472 disposed:false
712 silly fetch manifest cross-spawn@^7.0.1
713 silly packumentCache full:https://registry.npmjs.org/cross-spawn cache-hit
714 silly fetch manifest which@^2.0.1
715 silly packumentCache full:https://registry.npmjs.org/which cache-miss
716 http fetch GET 200 https://registry.npmjs.org/dot-prop 294ms (cache revalidated)
717 silly packumentCache full:https://registry.npmjs.org/dot-prop set size:77505 disposed:false
718 silly fetch manifest path-key@^3.1.0
719 silly packumentCache full:https://registry.npmjs.org/path-key cache-miss
720 http fetch GET 200 https://registry.npmjs.org/string-width 319ms (cache revalidated)
721 silly packumentCache full:https://registry.npmjs.org/string-width set size:72458 disposed:false
722 silly fetch manifest shebang-command@^2.0.0
723 silly packumentCache full:https://registry.npmjs.org/shebang-command cache-miss
724 http fetch GET 200 https://registry.npmjs.org/make-dir 308ms (cache revalidated)
725 silly packumentCache full:https://registry.npmjs.org/make-dir set size:34889 disposed:false
726 silly fetch manifest @apidevtools/json-schema-ref-parser@^9.0.3
727 silly packumentCache full:https://registry.npmjs.org/@apidevtools%2fjson-schema-ref-parser cache-miss
728 http fetch GET 200 https://registry.npmjs.org/json-parse-helpfulerror 396ms (cache revalidated)
729 silly packumentCache full:https://registry.npmjs.org/json-parse-helpfulerror set size:6012 disposed:false
730 silly fetch manifest ajv-formats@^2.1.0
731 silly packumentCache full:https://registry.npmjs.org/ajv-formats cache-hit
732 silly fetch manifest content-type@^1.0.4
733 silly packumentCache full:https://registry.npmjs.org/content-type cache-hit
734 silly fetch manifest deep-freeze@0.0.1
735 silly packumentCache full:https://registry.npmjs.org/deep-freeze cache-miss
736 http fetch GET 200 https://registry.npmjs.org/unique-string 243ms (cache revalidated)
737 silly packumentCache full:https://registry.npmjs.org/unique-string set size:8164 disposed:false
738 silly fetch manifest events-listener@^1.1.0
739 silly packumentCache full:https://registry.npmjs.org/events-listener cache-miss
740 http fetch GET 200 https://registry.npmjs.org/graceful-fs 269ms (cache revalidated)
741 silly packumentCache full:https://registry.npmjs.org/graceful-fs set size:124285 disposed:false
742 silly fetch manifest glob@^10.3.10
743 silly packumentCache full:https://registry.npmjs.org/glob cache-hit
744 silly fetch manifest json-ptr@^3.0.1
745 silly packumentCache full:https://registry.npmjs.org/json-ptr cache-miss
746 http fetch GET 200 https://registry.npmjs.org/xdg-basedir 265ms (cache revalidated)
747 silly packumentCache full:https://registry.npmjs.org/xdg-basedir set size:19771 disposed:false
748 silly fetch manifest lodash@^4.17.11
749 silly packumentCache full:https://registry.npmjs.org/lodash cache-hit
750 silly fetch manifest openapi3-ts@^3.1.1
751 silly packumentCache full:https://registry.npmjs.org/openapi3-ts cache-miss
752 http fetch GET 200 https://registry.npmjs.org/path-key 199ms (cache revalidated)
753 silly packumentCache full:https://registry.npmjs.org/path-key set size:16975 disposed:false
754 silly fetch manifest promise-breaker@^6.0.0
755 silly packumentCache full:https://registry.npmjs.org/promise-breaker cache-miss
756 http fetch GET 200 https://registry.npmjs.org/vary 233ms (cache revalidated)
757 silly packumentCache full:https://registry.npmjs.org/vary set size:15994 disposed:false
758 silly fetch manifest qs@^6.6.0
759 silly packumentCache full:https://registry.npmjs.org/qs cache-hit
760 silly fetch manifest raw-body@^2.3.3
761 silly packumentCache full:https://registry.npmjs.org/raw-body cache-hit
762 silly fetch manifest semver@^7.0.0
763 silly packumentCache full:https://registry.npmjs.org/semver cache-hit
764 silly fetch manifest etag@~1.8.1
765 silly packumentCache full:https://registry.npmjs.org/etag cache-miss
766 http fetch GET 200 https://registry.npmjs.org/object-assign 266ms (cache revalidated)
767 silly packumentCache full:https://registry.npmjs.org/object-assign set size:28988 disposed:false
768 silly fetch manifest send@~0.19.0
769 silly packumentCache full:https://registry.npmjs.org/send cache-miss
770 http fetch GET 200 https://registry.npmjs.org/shebang-command 232ms (cache revalidated)
771 silly packumentCache full:https://registry.npmjs.org/shebang-command set size:8525 disposed:false
772 silly fetch manifest vary@~1.1.2
773 silly packumentCache full:https://registry.npmjs.org/vary cache-hit
774 silly fetch manifest fresh@~0.5.2
775 silly packumentCache full:https://registry.npmjs.org/fresh cache-miss
776 http fetch GET 200 https://registry.npmjs.org/which 252ms (cache revalidated)
777 silly packumentCache full:https://registry.npmjs.org/which set size:70087 disposed:false
778 silly fetch manifest cookie@~0.7.1
779 silly packumentCache full:https://registry.npmjs.org/cookie cache-miss
780 http fetch GET 200 https://registry.npmjs.org/write-file-atomic 330ms (cache revalidated)
781 silly packumentCache full:https://registry.npmjs.org/write-file-atomic set size:82722 disposed:false
782 silly fetch manifest accepts@~1.3.8
783 silly packumentCache full:https://registry.npmjs.org/accepts cache-miss
784 http fetch GET 200 https://registry.npmjs.org/deep-freeze 226ms (cache revalidated)
785 silly packumentCache full:https://registry.npmjs.org/deep-freeze set size:3226 disposed:false
786 silly fetch manifest methods@~1.1.2
787 silly packumentCache full:https://registry.npmjs.org/methods cache-miss
788 http fetch GET 200 https://registry.npmjs.org/etag 151ms (cache revalidated)
789 silly packumentCache full:https://registry.npmjs.org/etag set size:30032 disposed:false
790 silly fetch manifest parseurl@~1.3.3
791 silly packumentCache full:https://registry.npmjs.org/parseurl cache-miss
792 http fetch GET 200 https://registry.npmjs.org/@apidevtools%2fjson-schema-ref-parser 379ms (cache revalidated)
793 silly packumentCache full:https://registry.npmjs.org/@apidevtools%2fjson-schema-ref-parser set size:311724 disposed:false
794 silly fetch manifest statuses@~2.0.1
795 silly packumentCache full:https://registry.npmjs.org/statuses cache-miss
796 http fetch GET 200 https://registry.npmjs.org/fresh 231ms (cache revalidated)
797 silly packumentCache full:https://registry.npmjs.org/fresh set size:25427 disposed:false
798 silly fetch manifest encodeurl@~2.0.0
799 silly packumentCache full:https://registry.npmjs.org/encodeurl cache-miss
800 http fetch GET 200 https://registry.npmjs.org/json-ptr 327ms (cache revalidated)
801 silly packumentCache full:https://registry.npmjs.org/json-ptr set size:1448490 disposed:false
802 silly fetch manifest proxy-addr@~2.0.7
803 silly packumentCache full:https://registry.npmjs.org/proxy-addr cache-miss
804 http fetch GET 200 https://registry.npmjs.org/cookie 272ms (cache revalidated)
805 silly packumentCache full:https://registry.npmjs.org/cookie set size:78274 disposed:false
806 silly fetch manifest escape-html@~1.0.3
807 silly packumentCache full:https://registry.npmjs.org/escape-html cache-miss
808 http fetch GET 200 https://registry.npmjs.org/openapi3-ts 376ms (cache revalidated)
809 silly packumentCache full:https://registry.npmjs.org/openapi3-ts set size:159478 disposed:false
810 silly fetch manifest http-errors@~2.0.0
811 silly packumentCache full:https://registry.npmjs.org/http-errors cache-hit
812 silly fetch manifest safe-buffer@5.2.1
813 silly packumentCache full:https://registry.npmjs.org/safe-buffer cache-miss
814 http fetch GET 200 https://registry.npmjs.org/events-listener 418ms (cache revalidated)
815 silly packumentCache full:https://registry.npmjs.org/events-listener set size:11001 disposed:false
816 silly fetch manifest utils-merge@1.0.1
817 silly packumentCache full:https://registry.npmjs.org/utils-merge cache-miss
818 http fetch GET 200 https://registry.npmjs.org/accepts 305ms (cache revalidated)
819 silly packumentCache full:https://registry.npmjs.org/accepts set size:77054 disposed:false
820 silly fetch manifest content-type@~1.0.4
821 silly packumentCache full:https://registry.npmjs.org/content-type cache-hit
822 silly fetch manifest finalhandler@~1.3.1
823 silly packumentCache full:https://registry.npmjs.org/finalhandler cache-miss
824 http fetch GET 200 https://registry.npmjs.org/send 375ms (cache revalidated)
825 silly packumentCache full:https://registry.npmjs.org/send set size:152810 disposed:false
826 silly fetch manifest range-parser@~1.2.1
827 silly packumentCache full:https://registry.npmjs.org/range-parser cache-miss
828 http fetch GET 200 https://registry.npmjs.org/promise-breaker 430ms (cache revalidated)
829 silly packumentCache full:https://registry.npmjs.org/promise-breaker set size:71308 disposed:false
830 silly fetch manifest serve-static@~1.16.2
831 silly packumentCache full:https://registry.npmjs.org/serve-static cache-miss
832 http fetch GET 200 https://registry.npmjs.org/methods 365ms (cache revalidated)
833 silly packumentCache full:https://registry.npmjs.org/methods set size:12600 disposed:false
834 silly fetch manifest array-flatten@1.1.1
835 silly packumentCache full:https://registry.npmjs.org/array-flatten cache-miss
836 http fetch GET 200 https://registry.npmjs.org/parseurl 387ms (cache revalidated)
837 silly packumentCache full:https://registry.npmjs.org/parseurl set size:24148 disposed:false
838 silly fetch manifest path-to-regexp@~0.1.12
839 silly packumentCache full:https://registry.npmjs.org/path-to-regexp cache-miss
840 http fetch GET 200 https://registry.npmjs.org/proxy-addr 321ms (cache revalidated)
841 silly packumentCache full:https://registry.npmjs.org/proxy-addr set size:61619 disposed:false
842 silly fetch manifest setprototypeof@1.2.0
843 silly packumentCache full:https://registry.npmjs.org/setprototypeof cache-miss
844 http fetch GET 200 https://registry.npmjs.org/statuses 440ms (cache revalidated)
845 silly packumentCache full:https://registry.npmjs.org/statuses set size:37117 disposed:false
846 silly fetch manifest cookie-signature@~1.0.6
847 silly packumentCache full:https://registry.npmjs.org/cookie-signature cache-miss
848 http fetch GET 200 https://registry.npmjs.org/encodeurl 390ms (cache revalidated)
849 silly packumentCache full:https://registry.npmjs.org/encodeurl set size:12296 disposed:false
850 silly fetch manifest merge-descriptors@1.0.3
851 silly packumentCache full:https://registry.npmjs.org/merge-descriptors cache-miss
852 http fetch GET 200 https://registry.npmjs.org/safe-buffer 326ms (cache revalidated)
853 silly packumentCache full:https://registry.npmjs.org/safe-buffer set size:41183 disposed:false
854 silly fetch manifest content-disposition@~0.5.4
855 silly packumentCache full:https://registry.npmjs.org/content-disposition cache-miss
856 http fetch GET 200 https://registry.npmjs.org/escape-html 387ms (cache revalidated)
857 silly packumentCache full:https://registry.npmjs.org/escape-html set size:7345 disposed:false
858 silly fetch manifest hasown@^2.0.4
859 silly packumentCache full:https://registry.npmjs.org/hasown cache-miss
860 http fetch GET 200 https://registry.npmjs.org/utils-merge 341ms (cache revalidated)
861 silly packumentCache full:https://registry.npmjs.org/utils-merge set size:5237 disposed:false
862 silly fetch manifest asynckit@^0.4.0
863 silly packumentCache full:https://registry.npmjs.org/asynckit cache-miss
864 http fetch GET 200 https://registry.npmjs.org/finalhandler 324ms (cache revalidated)
865 silly packumentCache full:https://registry.npmjs.org/finalhandler set size:79291 disposed:false
866 silly fetch manifest mime-types@^2.1.35
867 silly packumentCache full:https://registry.npmjs.org/mime-types cache-miss
868 http fetch GET 200 https://registry.npmjs.org/range-parser 332ms (cache revalidated)
869 silly packumentCache full:https://registry.npmjs.org/range-parser set size:24852 disposed:false
870 silly fetch manifest combined-stream@^1.0.8
871 silly packumentCache full:https://registry.npmjs.org/combined-stream cache-miss
872 http fetch GET 200 https://registry.npmjs.org/serve-static 322ms (cache revalidated)
873 silly packumentCache full:https://registry.npmjs.org/serve-static set size:150391 disposed:false
874 silly fetch manifest es-set-tostringtag@^2.1.0
875 silly packumentCache full:https://registry.npmjs.org/es-set-tostringtag cache-miss
876 http fetch GET 200 https://registry.npmjs.org/array-flatten 296ms (cache revalidated)
877 silly packumentCache full:https://registry.npmjs.org/array-flatten set size:24005 disposed:false
878 silly fetch manifest jsonfile@^6.0.1
879 silly packumentCache full:https://registry.npmjs.org/jsonfile cache-miss
880 http fetch GET 200 https://registry.npmjs.org/path-to-regexp 330ms (cache revalidated)
881 silly packumentCache full:https://registry.npmjs.org/path-to-regexp set size:216334 disposed:false
882 silly fetch manifest graceful-fs@^4.2.0
883 silly packumentCache full:https://registry.npmjs.org/graceful-fs cache-hit
884 silly fetch manifest universalify@^2.0.0
885 silly packumentCache full:https://registry.npmjs.org/universalify cache-miss
886 http fetch GET 200 https://registry.npmjs.org/cookie-signature 313ms (cache revalidated)
887 silly packumentCache full:https://registry.npmjs.org/cookie-signature set size:21777 disposed:false
888 silly fetch manifest uuid@^9.0.1
889 silly packumentCache full:https://registry.npmjs.org/uuid cache-miss
890 http fetch GET 200 https://registry.npmjs.org/merge-descriptors 304ms (cache revalidated)
891 silly packumentCache full:https://registry.npmjs.org/merge-descriptors set size:16527 disposed:false
892 silly fetch manifest is-stream@^2.0.0
893 silly packumentCache full:https://registry.npmjs.org/is-stream cache-miss
894 http fetch GET 200 https://registry.npmjs.org/setprototypeof 353ms (cache revalidated)
895 silly packumentCache full:https://registry.npmjs.org/setprototypeof set size:14532 disposed:false
896 silly fetch manifest node-fetch@^2.6.9
897 silly packumentCache full:https://registry.npmjs.org/node-fetch cache-hit
898 silly fetch manifest https-proxy-agent@^7.0.1
899 silly packumentCache full:https://registry.npmjs.org/https-proxy-agent cache-miss
900 http fetch GET 200 https://registry.npmjs.org/hasown 292ms (cache revalidated)
901 silly packumentCache full:https://registry.npmjs.org/hasown set size:18361 disposed:false
902 silly fetch manifest minipass@^7.1.2
903 silly packumentCache full:https://registry.npmjs.org/minipass cache-miss
904 http fetch GET 200 https://registry.npmjs.org/content-disposition 315ms (cache revalidated)
905 silly packumentCache full:https://registry.npmjs.org/content-disposition set size:42862 disposed:false
906 silly fetch manifest jackspeak@^3.1.2
907 silly packumentCache full:https://registry.npmjs.org/jackspeak cache-miss
908 http fetch GET 200 https://registry.npmjs.org/mime-types 285ms (cache revalidated)
909 silly packumentCache full:https://registry.npmjs.org/mime-types set size:139110 disposed:false
910 silly fetch manifest minimatch@^9.0.4
911 silly packumentCache full:https://registry.npmjs.org/minimatch cache-hit
912 silly fetch manifest path-scurry@^1.11.1
913 silly packumentCache full:https://registry.npmjs.org/path-scurry cache-miss
914 http fetch GET 200 https://registry.npmjs.org/asynckit 319ms (cache revalidated)
915 silly packumentCache full:https://registry.npmjs.org/asynckit set size:18932 disposed:false
916 silly fetch manifest foreground-child@^3.1.0
917 silly packumentCache full:https://registry.npmjs.org/foreground-child cache-miss
918 http fetch GET 200 https://registry.npmjs.org/es-set-tostringtag 287ms (cache revalidated)
919 silly packumentCache full:https://registry.npmjs.org/es-set-tostringtag set size:22094 disposed:false
920 silly fetch manifest package-json-from-dist@^1.0.0
921 silly packumentCache full:https://registry.npmjs.org/package-json-from-dist cache-miss
922 http fetch GET 200 https://registry.npmjs.org/combined-stream 307ms (cache revalidated)
923 silly packumentCache full:https://registry.npmjs.org/combined-stream set size:40337 disposed:false
924 silly fetch manifest jws@^4.0.0
925 silly packumentCache full:https://registry.npmjs.org/jws cache-miss
926 http fetch GET 200 https://registry.npmjs.org/jsonfile 299ms (cache revalidated)
927 silly packumentCache full:https://registry.npmjs.org/jsonfile set size:53210 disposed:false
928 silly fetch manifest gtoken@^7.0.0
929 silly packumentCache full:https://registry.npmjs.org/gtoken cache-miss
930 http fetch GET 200 https://registry.npmjs.org/universalify 257ms (cache revalidated)
931 silly packumentCache full:https://registry.npmjs.org/universalify set size:19431 disposed:false
932 silly fetch manifest base64-js@^1.3.0
933 silly packumentCache full:https://registry.npmjs.org/base64-js cache-miss
934 http fetch GET 200 https://registry.npmjs.org/is-stream 229ms (cache revalidated)
935 silly packumentCache full:https://registry.npmjs.org/is-stream set size:18582 disposed:false
936 silly fetch manifest gcp-metadata@^6.1.0
937 silly packumentCache full:https://registry.npmjs.org/gcp-metadata cache-miss
938 http fetch GET 200 https://registry.npmjs.org/uuid 261ms (cache revalidated)
939 silly packumentCache full:https://registry.npmjs.org/uuid set size:256419 disposed:false
940 silly fetch manifest ecdsa-sig-formatter@^1.0.11
941 silly packumentCache full:https://registry.npmjs.org/ecdsa-sig-formatter cache-miss
942 http fetch GET 200 https://registry.npmjs.org/path-scurry 241ms (cache revalidated)
943 silly packumentCache full:https://registry.npmjs.org/path-scurry set size:117612 disposed:false
944 silly fetch manifest argparse@^2.0.1
945 silly packumentCache full:https://registry.npmjs.org/argparse cache-miss
946 http fetch GET 200 https://registry.npmjs.org/https-proxy-agent 288ms (cache revalidated)
947 silly packumentCache full:https://registry.npmjs.org/https-proxy-agent set size:83792 disposed:false
948 silly fetch manifest ms@^2.1.1
949 silly packumentCache full:https://registry.npmjs.org/ms cache-miss
950 http fetch GET 200 https://registry.npmjs.org/minipass 289ms (cache revalidated)
951 silly packumentCache full:https://registry.npmjs.org/minipass set size:276925 disposed:false
952 silly fetch manifest jws@^4.0.1
953 silly packumentCache full:https://registry.npmjs.org/jws cache-miss
954 http fetch GET 200 https://registry.npmjs.org/jackspeak 299ms (cache revalidated)
955 silly packumentCache full:https://registry.npmjs.org/jackspeak set size:204267 disposed:false
956 silly fetch manifest semver@^7.5.4
957 silly packumentCache full:https://registry.npmjs.org/semver cache-hit
958 silly fetch manifest lodash.once@^4.0.0
959 silly packumentCache full:https://registry.npmjs.org/lodash.once cache-miss
960 http fetch GET 200 https://registry.npmjs.org/foreground-child 291ms (cache revalidated)
961 silly packumentCache full:https://registry.npmjs.org/foreground-child set size:71503 disposed:false
962 silly fetch manifest lodash.includes@^4.3.0
963 silly packumentCache full:https://registry.npmjs.org/lodash.includes cache-miss
964 http fetch GET 200 https://registry.npmjs.org/package-json-from-dist 287ms (cache revalidated)
965 silly packumentCache full:https://registry.npmjs.org/package-json-from-dist set size:8854 disposed:false
966 silly fetch manifest lodash.isnumber@^3.0.3
967 silly packumentCache full:https://registry.npmjs.org/lodash.isnumber cache-miss
968 http fetch GET 200 https://registry.npmjs.org/jws 286ms (cache revalidated)
969 silly packumentCache full:https://registry.npmjs.org/jws set size:48740 disposed:false
970 silly fetch manifest lodash.isstring@^4.0.1
971 silly packumentCache full:https://registry.npmjs.org/lodash.isstring cache-miss
972 http fetch GET 200 https://registry.npmjs.org/gtoken 268ms (cache revalidated)
973 silly packumentCache full:https://registry.npmjs.org/gtoken set size:155604 disposed:false
974 silly fetch manifest lodash.isboolean@^3.0.3
975 silly packumentCache full:https://registry.npmjs.org/lodash.isboolean cache-miss
976 http fetch GET 200 https://registry.npmjs.org/base64-js 230ms (cache revalidated)
977 silly packumentCache full:https://registry.npmjs.org/base64-js set size:41270 disposed:false
978 silly fetch manifest lodash.isinteger@^4.0.4
979 silly packumentCache full:https://registry.npmjs.org/lodash.isinteger cache-miss
980 http cache https://registry.npmjs.org/jws 199ms (cache hit)
981 silly packumentCache full:https://registry.npmjs.org/jws set size:48740 disposed:false
982 silly packumentCache full:https://registry.npmjs.org/jws dispose
983 silly fetch manifest lodash.isplainobject@^4.0.6
984 silly packumentCache full:https://registry.npmjs.org/lodash.isplainobject cache-miss
985 http fetch GET 200 https://registry.npmjs.org/ecdsa-sig-formatter 289ms (cache revalidated)
986 silly packumentCache full:https://registry.npmjs.org/ecdsa-sig-formatter set size:23546 disposed:false
987 silly fetch manifest libsodium@^0.7.16
988 silly packumentCache full:https://registry.npmjs.org/libsodium cache-miss
989 http fetch GET 200 https://registry.npmjs.org/gcp-metadata 314ms (cache revalidated)
990 silly packumentCache full:https://registry.npmjs.org/gcp-metadata set size:200440 disposed:false
991 silly fetch manifest ansi-escapes@^7.0.0
992 silly packumentCache full:https://registry.npmjs.org/ansi-escapes cache-miss
993 http fetch GET 200 https://registry.npmjs.org/ms 379ms (cache revalidated)
994 silly packumentCache full:https://registry.npmjs.org/ms set size:92208 disposed:false
995 silly fetch manifest ansi-regex@^6.1.0
996 silly packumentCache full:https://registry.npmjs.org/ansi-regex cache-miss
997 http fetch GET 200 https://registry.npmjs.org/argparse 405ms (cache revalidated)
998 silly packumentCache full:https://registry.npmjs.org/argparse set size:51348 disposed:false
999 silly fetch manifest chalk@^5.4.1
1000 silly packumentCache full:https://registry.npmjs.org/chalk cache-miss
1001 http fetch GET 200 https://registry.npmjs.org/lodash.once 376ms (cache revalidated)
1002 silly packumentCache full:https://registry.npmjs.org/lodash.once set size:23407 disposed:false
1003 silly fetch manifest cli-highlight@^2.1.11
1004 silly packumentCache full:https://registry.npmjs.org/cli-highlight cache-miss
1005 http fetch GET 200 https://registry.npmjs.org/lodash.isnumber 368ms (cache revalidated)
1006 silly packumentCache full:https://registry.npmjs.org/lodash.isnumber set size:21368 disposed:false
1007 silly fetch manifest node-emoji@^2.2.0
1008 silly packumentCache full:https://registry.npmjs.org/node-emoji cache-miss
1009 http fetch GET 200 https://registry.npmjs.org/lodash.includes 384ms (cache revalidated)
1010 silly packumentCache full:https://registry.npmjs.org/lodash.includes set size:27594 disposed:false
1011 silly fetch manifest supports-hyperlinks@^3.1.0
1012 silly packumentCache full:https://registry.npmjs.org/supports-hyperlinks cache-miss
1013 http fetch GET 200 https://registry.npmjs.org/lodash.isstring 371ms (cache revalidated)
1014 silly packumentCache full:https://registry.npmjs.org/lodash.isstring set size:21368 disposed:false
1015 silly fetch manifest brace-expansion@^1.1.7
1016 silly packumentCache full:https://registry.npmjs.org/brace-expansion cache-miss
1017 http fetch GET 200 https://registry.npmjs.org/lodash.isboolean 353ms (cache revalidated)
1018 silly packumentCache full:https://registry.npmjs.org/lodash.isboolean set size:21437 disposed:false
1019 silly fetch manifest basic-auth@~2.0.1
1020 silly packumentCache full:https://registry.npmjs.org/basic-auth cache-miss
1021 http fetch GET 200 https://registry.npmjs.org/lodash.isinteger 316ms (cache revalidated)
1022 silly packumentCache full:https://registry.npmjs.org/lodash.isinteger set size:10827 disposed:false
1023 silly fetch manifest depd@~2.0.0
1024 silly packumentCache full:https://registry.npmjs.org/depd cache-hit
1025 silly fetch manifest on-headers@~1.1.0
1026 silly packumentCache full:https://registry.npmjs.org/on-headers cache-miss
1027 http fetch GET 200 https://registry.npmjs.org/lodash.isplainobject 386ms (cache revalidated)
1028 silly packumentCache full:https://registry.npmjs.org/lodash.isplainobject set size:38531 disposed:false
1029 silly fetch manifest whatwg-url@^5.0.0
1030 silly packumentCache full:https://registry.npmjs.org/whatwg-url cache-miss
1031 http fetch GET 200 https://registry.npmjs.org/ansi-escapes 355ms (cache revalidated)
1032 silly packumentCache full:https://registry.npmjs.org/ansi-escapes set size:70915 disposed:false
1033 silly fetch manifest is-wsl@^1.1.0
1034 silly packumentCache full:https://registry.npmjs.org/is-wsl cache-miss
1035 http fetch GET 200 https://registry.npmjs.org/chalk 260ms (cache revalidated)
1036 silly packumentCache full:https://registry.npmjs.org/chalk set size:134775 disposed:false
1037 silly fetch manifest bl@^4.1.0
1038 silly packumentCache full:https://registry.npmjs.org/bl cache-miss
1039 http fetch GET 200 https://registry.npmjs.org/ansi-regex 290ms (cache revalidated)
1040 silly packumentCache full:https://registry.npmjs.org/ansi-regex set size:43572 disposed:false
1041 silly fetch manifest chalk@^4.1.0
1042 silly packumentCache full:https://registry.npmjs.org/chalk cache-hit
1043 silly fetch manifest wcwidth@^1.0.1
1044 silly packumentCache full:https://registry.npmjs.org/wcwidth cache-miss
1045 http fetch GET 200 https://registry.npmjs.org/cli-highlight 280ms (cache revalidated)
1046 silly packumentCache full:https://registry.npmjs.org/cli-highlight set size:82544 disposed:false
1047 silly fetch manifest cli-cursor@^3.1.0
1048 silly packumentCache full:https://registry.npmjs.org/cli-cursor cache-miss
1049 http fetch GET 200 https://registry.npmjs.org/supports-hyperlinks 282ms (cache revalidated)
1050 silly packumentCache full:https://registry.npmjs.org/supports-hyperlinks set size:38477 disposed:false
1051 silly fetch manifest strip-ansi@^6.0.0
1052 silly packumentCache full:https://registry.npmjs.org/strip-ansi cache-miss
1053 http fetch GET 200 https://registry.npmjs.org/brace-expansion 291ms (cache revalidated)
1054 silly packumentCache full:https://registry.npmjs.org/brace-expansion set size:101024 disposed:false
1055 silly fetch manifest log-symbols@^4.1.0
1056 silly packumentCache full:https://registry.npmjs.org/log-symbols cache-miss
1057 http fetch GET 200 https://registry.npmjs.org/on-headers 293ms (cache revalidated)
1058 silly packumentCache full:https://registry.npmjs.org/on-headers set size:13226 disposed:false
1059 silly fetch manifest cli-spinners@^2.5.0
1060 silly packumentCache full:https://registry.npmjs.org/cli-spinners cache-miss
1061 http fetch GET 200 https://registry.npmjs.org/basic-auth 317ms (cache revalidated)
1062 silly packumentCache full:https://registry.npmjs.org/basic-auth set size:24387 disposed:false
1063 silly fetch manifest is-interactive@^1.0.0
1064 silly packumentCache full:https://registry.npmjs.org/is-interactive cache-miss
1065 http fetch GET 200 https://registry.npmjs.org/libsodium 557ms (cache revalidated)
1066 silly packumentCache full:https://registry.npmjs.org/libsodium set size:89062 disposed:false
1067 silly fetch manifest is-unicode-supported@^0.1.0
1068 silly packumentCache full:https://registry.npmjs.org/is-unicode-supported cache-miss
1069 http fetch GET 200 https://registry.npmjs.org/node-emoji 394ms (cache revalidated)
1070 silly packumentCache full:https://registry.npmjs.org/node-emoji set size:88366 disposed:false
1071 silly fetch manifest pgpass@1.0.5
1072 silly packumentCache full:https://registry.npmjs.org/pgpass cache-miss
1073 http fetch GET 200 https://registry.npmjs.org/whatwg-url 254ms (cache revalidated)
1074 silly packumentCache full:https://registry.npmjs.org/whatwg-url set size:177251 disposed:false
1075 silly fetch manifest pg-pool@^3.14.0
1076 silly packumentCache full:https://registry.npmjs.org/pg-pool cache-miss
1077 http fetch GET 200 https://registry.npmjs.org/is-wsl 268ms (cache revalidated)
1078 silly packumentCache full:https://registry.npmjs.org/is-wsl set size:20683 disposed:false
1079 silly fetch manifest pg-types@2.2.0
1080 silly packumentCache full:https://registry.npmjs.org/pg-types cache-miss
1081 http fetch GET 200 https://registry.npmjs.org/wcwidth 273ms (cache revalidated)
1082 silly packumentCache full:https://registry.npmjs.org/wcwidth set size:5904 disposed:false
1083 silly fetch manifest pg-protocol@^1.15.0
1084 silly packumentCache full:https://registry.npmjs.org/pg-protocol cache-miss
1085 http fetch GET 200 https://registry.npmjs.org/log-symbols 267ms (cache revalidated)
1086 silly packumentCache full:https://registry.npmjs.org/log-symbols set size:31977 disposed:false
1087 silly fetch manifest pg-connection-string@^2.14.0
1088 silly packumentCache full:https://registry.npmjs.org/pg-connection-string cache-miss
1089 http fetch GET 200 https://registry.npmjs.org/bl 341ms (cache revalidated)
1090 silly packumentCache full:https://registry.npmjs.org/bl set size:237796 disposed:false
1091 silly fetch manifest pg-cloudflare@^1.4.0
1092 silly packumentCache full:https://registry.npmjs.org/pg-cloudflare cache-miss
1093 http fetch GET 200 https://registry.npmjs.org/strip-ansi 336ms (cache revalidated)
1094 silly packumentCache full:https://registry.npmjs.org/strip-ansi set size:44998 disposed:false
1095 silly fetch manifest async@^3.2.6
1096 silly packumentCache full:https://registry.npmjs.org/async cache-hit
1097 silly fetch manifest debug@^4.3.6
1098 silly packumentCache full:https://registry.npmjs.org/debug cache-hit
1099 silly fetch manifest debug@^4.3.4
1100 silly packumentCache full:https://registry.npmjs.org/debug cache-hit
1101 silly fetch manifest lru-cache@^7.14.1
1102 silly packumentCache full:https://registry.npmjs.org/lru-cache cache-miss
1103 http fetch GET 200 https://registry.npmjs.org/cli-cursor 404ms (cache revalidated)
1104 silly packumentCache full:https://registry.npmjs.org/cli-cursor set size:18913 disposed:false
1105 silly fetch manifest agent-base@^7.1.2
1106 silly packumentCache full:https://registry.npmjs.org/agent-base cache-miss
1107 http fetch GET 200 https://registry.npmjs.org/cli-spinners 386ms (cache revalidated)
1108 silly packumentCache full:https://registry.npmjs.org/cli-spinners set size:67473 disposed:false
1109 silly fetch manifest proxy-from-env@^1.1.0
1110 silly packumentCache full:https://registry.npmjs.org/proxy-from-env cache-miss
1111 http fetch GET 200 https://registry.npmjs.org/is-unicode-supported 430ms (cache revalidated)
1112 silly packumentCache full:https://registry.npmjs.org/is-unicode-supported set size:19461 disposed:false
1113 silly fetch manifest pac-proxy-agent@^7.1.0
1114 silly packumentCache full:https://registry.npmjs.org/pac-proxy-agent cache-miss
1115 http fetch GET 200 https://registry.npmjs.org/is-interactive 510ms (cache revalidated)
1116 silly packumentCache full:https://registry.npmjs.org/is-interactive set size:10692 disposed:false
1117 silly fetch manifest http-proxy-agent@^7.0.1
1118 silly packumentCache full:https://registry.npmjs.org/http-proxy-agent cache-miss
1119 http fetch GET 200 https://registry.npmjs.org/pgpass 480ms (cache revalidated)
1120 silly packumentCache full:https://registry.npmjs.org/pgpass set size:28590 disposed:false
1121 silly fetch manifest https-proxy-agent@^7.0.6
1122 silly packumentCache full:https://registry.npmjs.org/https-proxy-agent cache-hit
1123 silly fetch manifest socks-proxy-agent@^8.0.5
1124 silly packumentCache full:https://registry.npmjs.org/socks-proxy-agent cache-miss
1125 http fetch GET 200 https://registry.npmjs.org/pg-types 455ms (cache revalidated)
1126 silly packumentCache full:https://registry.npmjs.org/pg-types set size:51397 disposed:false
1127 silly fetch manifest nearley@^2.20.1
1128 silly packumentCache full:https://registry.npmjs.org/nearley cache-miss
1129 http fetch GET 200 https://registry.npmjs.org/pg-pool 481ms (cache revalidated)
1130 silly packumentCache full:https://registry.npmjs.org/pg-pool set size:132010 disposed:false
1131 silly fetch manifest is-url@^1.2.2
1132 silly packumentCache full:https://registry.npmjs.org/is-url cache-miss
1133 http fetch GET 200 https://registry.npmjs.org/pg-protocol 449ms (cache revalidated)
1134 silly packumentCache full:https://registry.npmjs.org/pg-protocol set size:55319 disposed:false
1135 silly fetch manifest router@^2.0.0
1136 silly packumentCache full:https://registry.npmjs.org/router cache-miss
1137 http fetch GET 200 https://registry.npmjs.org/pg-connection-string 532ms (cache revalidated)
1138 silly packumentCache full:https://registry.npmjs.org/pg-connection-string set size:78715 disposed:false
1139 silly fetch manifest connect@^3.7.0
1140 silly packumentCache full:https://registry.npmjs.org/connect cache-miss
1141 http fetch GET 200 https://registry.npmjs.org/pg-cloudflare 529ms (cache revalidated)
1142 silly packumentCache full:https://registry.npmjs.org/pg-cloudflare set size:22655 disposed:false
1143 silly fetch manifest destroy@^1.0.4
1144 silly packumentCache full:https://registry.npmjs.org/destroy cache-hit
1145 silly fetch manifest commander@^10.0.0
1146 silly packumentCache full:https://registry.npmjs.org/commander cache-hit
1147 silly fetch manifest join-path@^1.1.1
1148 silly packumentCache full:https://registry.npmjs.org/join-path cache-miss
1149 http fetch GET 200 https://registry.npmjs.org/proxy-from-env 451ms (cache revalidated)
1150 silly packumentCache full:https://registry.npmjs.org/proxy-from-env set size:21422 disposed:false
1151 silly fetch manifest minimatch@^6.1.6
1152 silly packumentCache full:https://registry.npmjs.org/minimatch cache-hit
1153 silly fetch manifest on-headers@^1.0.0
1154 silly packumentCache full:https://registry.npmjs.org/on-headers cache-hit
1155 silly fetch manifest compression@^1.7.0
1156 silly packumentCache full:https://registry.npmjs.org/compression cache-miss
1157 http fetch GET 200 https://registry.npmjs.org/lru-cache 532ms (cache revalidated)
1158 silly packumentCache full:https://registry.npmjs.org/lru-cache set size:460407 disposed:false
1159 silly fetch manifest on-finished@^2.2.0
1160 silly packumentCache full:https://registry.npmjs.org/on-finished cache-hit
1161 silly fetch manifest glob-slasher@^1.0.1
1162 silly packumentCache full:https://registry.npmjs.org/glob-slasher cache-miss
1163 http fetch GET 200 https://registry.npmjs.org/agent-base 552ms (cache revalidated)
1164 silly packumentCache full:https://registry.npmjs.org/agent-base set size:72085 disposed:false
1165 silly fetch manifest path-to-regexp@^1.9.0
1166 silly packumentCache full:https://registry.npmjs.org/path-to-regexp cache-hit
1167 silly fetch manifest basic-auth-connect@^1.1.0
1168 silly packumentCache full:https://registry.npmjs.org/basic-auth-connect cache-miss
1169 http fetch GET 200 https://registry.npmjs.org/socks-proxy-agent 453ms (cache revalidated)
1170 silly packumentCache full:https://registry.npmjs.org/socks-proxy-agent set size:108698 disposed:false
1171 silly fetch manifest re2@^1.17.7
1172 silly packumentCache full:https://registry.npmjs.org/re2 cache-miss
1173 http fetch GET 200 https://registry.npmjs.org/pac-proxy-agent 553ms (cache revalidated)
1174 silly packumentCache full:https://registry.npmjs.org/pac-proxy-agent set size:69698 disposed:false
1175 silly fetch manifest chownr@^3.0.0
1176 silly packumentCache full:https://registry.npmjs.org/chownr cache-miss
1177 http fetch GET 200 https://registry.npmjs.org/http-proxy-agent 546ms (cache revalidated)
1178 silly packumentCache full:https://registry.npmjs.org/http-proxy-agent set size:57253 disposed:false
1179 silly fetch manifest yallist@^5.0.0
1180 silly packumentCache full:https://registry.npmjs.org/yallist cache-miss
1181 http fetch GET 200 https://registry.npmjs.org/nearley 520ms (cache revalidated)
1182 silly packumentCache full:https://registry.npmjs.org/nearley set size:210822 disposed:false
1183 silly fetch manifest minizlib@^3.1.0
1184 silly packumentCache full:https://registry.npmjs.org/minizlib cache-miss
1185 http fetch GET 200 https://registry.npmjs.org/is-url 544ms (cache revalidated)
1186 silly packumentCache full:https://registry.npmjs.org/is-url set size:11343 disposed:false
1187 silly fetch manifest @isaacs/fs-minipass@^4.0.0
1188 silly packumentCache full:https://registry.npmjs.org/@isaacs%2ffs-minipass cache-miss
1189 http fetch GET 200 https://registry.npmjs.org/router 587ms (cache revalidated)
1190 silly packumentCache full:https://registry.npmjs.org/router set size:116499 disposed:false
1191 silly fetch manifest debug@4.3.1
1192 silly packumentCache full:https://registry.npmjs.org/debug cache-hit
1193 silly fetch manifest is2@2.0.1
1194 silly packumentCache full:https://registry.npmjs.org/is2 cache-miss
1195 http fetch GET 200 https://registry.npmjs.org/connect 526ms (cache revalidated)
1196 silly packumentCache full:https://registry.npmjs.org/connect set size:438385 disposed:false
1197 silly fetch manifest debug@^4.3.1
1198 silly packumentCache full:https://registry.npmjs.org/debug cache-hit
1199 silly fetch manifest uuid@^14.0.0
1200 silly packumentCache full:https://registry.npmjs.org/uuid cache-hit
1201 silly fetch manifest boxen@^5.0.0
1202 silly packumentCache full:https://registry.npmjs.org/boxen cache-miss
1203 http fetch GET 200 https://registry.npmjs.org/compression 470ms (cache revalidated)
1204 silly packumentCache full:https://registry.npmjs.org/compression set size:98424 disposed:false
1205 silly fetch manifest has-yarn@^2.1.0
1206 silly packumentCache full:https://registry.npmjs.org/has-yarn cache-miss
1207 http fetch GET 200 https://registry.npmjs.org/chownr 307ms (cache revalidated)
1208 silly packumentCache full:https://registry.npmjs.org/chownr set size:22157 disposed:false
1209 silly fetch manifest import-lazy@^2.1.0
1210 silly packumentCache full:https://registry.npmjs.org/import-lazy cache-miss
1211 http fetch GET 200 https://registry.npmjs.org/minizlib 267ms (cache revalidated)
1212 silly packumentCache full:https://registry.npmjs.org/minizlib set size:62862 disposed:false
1213 silly fetch manifest is-ci@^2.0.0
1214 silly packumentCache full:https://registry.npmjs.org/is-ci cache-miss
1215 http fetch GET 200 https://registry.npmjs.org/yallist 299ms (cache revalidated)
1216 silly packumentCache full:https://registry.npmjs.org/yallist set size:34610 disposed:false
1217 silly fetch manifest is-installed-globally@^0.4.0
1218 silly packumentCache full:https://registry.npmjs.org/is-installed-globally cache-miss
1219 http fetch GET 200 https://registry.npmjs.org/@isaacs%2ffs-minipass 261ms (cache revalidated)
1220 silly packumentCache full:https://registry.npmjs.org/@isaacs%2ffs-minipass set size:7912 disposed:false
1221 silly fetch manifest is-npm@^5.0.0
1222 silly packumentCache full:https://registry.npmjs.org/is-npm cache-miss
1223 http fetch GET 200 https://registry.npmjs.org/join-path 644ms (cache revalidated)
1224 silly packumentCache full:https://registry.npmjs.org/join-path set size:6792 disposed:false
1225 silly fetch manifest is-yarn-global@^0.3.0
1226 silly packumentCache full:https://registry.npmjs.org/is-yarn-global cache-miss
1227 http fetch GET 200 https://registry.npmjs.org/is2 226ms (cache revalidated)
1228 silly packumentCache full:https://registry.npmjs.org/is2 set size:60262 disposed:false
1229 silly fetch manifest isomorphic-fetch@^3.0.0
1230 silly packumentCache full:https://registry.npmjs.org/isomorphic-fetch cache-miss
1231 http fetch GET 200 https://registry.npmjs.org/glob-slasher 608ms (cache revalidated)
1232 silly packumentCache full:https://registry.npmjs.org/glob-slasher set size:4547 disposed:false
1233 silly fetch manifest pupa@^2.1.1
1234 silly packumentCache full:https://registry.npmjs.org/pupa cache-miss
1235 http fetch GET 200 https://registry.npmjs.org/boxen 186ms (cache revalidated)
1236 silly packumentCache full:https://registry.npmjs.org/boxen set size:96237 disposed:false
1237 silly fetch manifest registry-auth-token@^5.0.1
1238 silly packumentCache full:https://registry.npmjs.org/registry-auth-token cache-miss
1239 http fetch GET 200 https://registry.npmjs.org/basic-auth-connect 583ms (cache revalidated)
1240 silly packumentCache full:https://registry.npmjs.org/basic-auth-connect set size:5161 disposed:false
1241 silly fetch manifest registry-url@^5.1.0
1242 silly packumentCache full:https://registry.npmjs.org/registry-url cache-miss
1243 http fetch GET 200 https://registry.npmjs.org/re2 485ms (cache revalidated)
1244 silly packumentCache full:https://registry.npmjs.org/re2 set size:255379 disposed:false
1245 silly fetch manifest semver-diff@^3.1.1
1246 silly packumentCache full:https://registry.npmjs.org/semver-diff cache-miss
1247 http fetch GET 200 https://registry.npmjs.org/has-yarn 243ms (cache revalidated)
1248 silly packumentCache full:https://registry.npmjs.org/has-yarn set size:12720 disposed:false
1249 silly fetch manifest async@^3.2.3
1250 silly packumentCache full:https://registry.npmjs.org/async cache-hit
1251 silly fetch manifest logform@^2.7.0
1252 silly packumentCache full:https://registry.npmjs.org/logform cache-miss
1253 http fetch GET 200 https://registry.npmjs.org/import-lazy 294ms (cache revalidated)
1254 silly packumentCache full:https://registry.npmjs.org/import-lazy set size:9891 disposed:false
1255 silly fetch manifest one-time@^1.0.0
1256 silly packumentCache full:https://registry.npmjs.org/one-time cache-miss
1257 http fetch GET 200 https://registry.npmjs.org/is-installed-globally 279ms (cache revalidated)
1258 silly packumentCache full:https://registry.npmjs.org/is-installed-globally set size:19693 disposed:false
1259 silly fetch manifest stack-trace@0.0.x
1260 silly packumentCache full:https://registry.npmjs.org/stack-trace cache-miss
1261 http fetch GET 200 https://registry.npmjs.org/registry-url 215ms (cache revalidated)
1262 silly packumentCache full:https://registry.npmjs.org/registry-url set size:35136 disposed:false
1263 silly fetch manifest @colors/colors@^1.6.0
1264 silly packumentCache full:https://registry.npmjs.org/@colors%2fcolors cache-hit
1265 silly fetch manifest readable-stream@^3.4.0
1266 silly packumentCache full:https://registry.npmjs.org/readable-stream cache-hit
1267 silly fetch manifest @dabh/diagnostics@^2.0.8
1268 silly packumentCache full:https://registry.npmjs.org/@dabh%2fdiagnostics cache-miss
1269 http fetch GET 200 https://registry.npmjs.org/is-ci 363ms (cache revalidated)
1270 silly packumentCache full:https://registry.npmjs.org/is-ci set size:35380 disposed:false
1271 silly fetch manifest winston-transport@^4.9.0
1272 silly packumentCache full:https://registry.npmjs.org/winston-transport cache-hit
1273 silly fetch manifest safe-stable-stringify@^2.3.1
1274 silly packumentCache full:https://registry.npmjs.org/safe-stable-stringify cache-miss
1275 http fetch GET 200 https://registry.npmjs.org/isomorphic-fetch 279ms (cache revalidated)
1276 silly packumentCache full:https://registry.npmjs.org/isomorphic-fetch set size:45618 disposed:false
1277 silly fetch manifest logform@^2.7.0
1278 silly packumentCache full:https://registry.npmjs.org/logform cache-miss
1279 http fetch GET 200 https://registry.npmjs.org/pupa 270ms (cache revalidated)
1280 silly packumentCache full:https://registry.npmjs.org/pupa set size:27054 disposed:false
1281 silly fetch manifest readable-stream@^3.6.2
1282 silly packumentCache full:https://registry.npmjs.org/readable-stream cache-hit
1283 http fetch GET 200 https://registry.npmjs.org/is-npm 366ms (cache revalidated)
1284 silly packumentCache full:https://registry.npmjs.org/is-npm set size:19322 disposed:false
1285 http fetch GET 200 https://registry.npmjs.org/logform 244ms (cache revalidated)
1286 silly packumentCache full:https://registry.npmjs.org/logform set size:101534 disposed:false
1287 http fetch GET 200 https://registry.npmjs.org/is-yarn-global 371ms (cache revalidated)
1288 silly packumentCache full:https://registry.npmjs.org/is-yarn-global set size:10545 disposed:false
1289 http fetch GET 200 https://registry.npmjs.org/stack-trace 196ms (cache revalidated)
1290 silly packumentCache full:https://registry.npmjs.org/stack-trace set size:26231 disposed:false
1291 http fetch GET 200 https://registry.npmjs.org/one-time 211ms (cache revalidated)
1292 silly packumentCache full:https://registry.npmjs.org/one-time set size:12254 disposed:false
1293 http fetch GET 200 https://registry.npmjs.org/semver-diff 359ms (cache revalidated)
1294 silly packumentCache full:https://registry.npmjs.org/semver-diff set size:20386 disposed:false
1295 http fetch GET 200 https://registry.npmjs.org/registry-auth-token 379ms (cache revalidated)
1296 silly packumentCache full:https://registry.npmjs.org/registry-auth-token set size:64303 disposed:false
1297 http cache https://registry.npmjs.org/logform 162ms (cache hit)
1298 silly packumentCache full:https://registry.npmjs.org/logform set size:101534 disposed:false
1299 silly packumentCache full:https://registry.npmjs.org/logform dispose
1300 http fetch GET 200 https://registry.npmjs.org/safe-stable-stringify 246ms (cache revalidated)
1301 silly packumentCache full:https://registry.npmjs.org/safe-stable-stringify set size:45091 disposed:false
1302 http fetch GET 200 https://registry.npmjs.org/@dabh%2fdiagnostics 302ms (cache revalidated)
1303 silly packumentCache full:https://registry.npmjs.org/@dabh%2fdiagnostics set size:34310 disposed:false
1304 silly placeDep node_modules/firebase-tools @googleapis/sqladmin@37.0.0 OK for: @google-cloud/cloud-sql-connector@1.11.3 want: ^37.0.0
1305 silly placeDep node_modules/firebase-tools/node_modules/@google-cloud/cloud-sql-connector gaxios@7.3.0 OK for: @google-cloud/cloud-sql-connector@1.11.3 want: ^7.1.4
1306 silly placeDep node_modules/firebase-tools/node_modules/@google-cloud/cloud-sql-connector google-auth-library@10.9.1 OK for: @google-cloud/cloud-sql-connector@1.11.3 want: ^10.6.2
1307 silly placeDep node_modules/firebase-tools p-throttle@8.1.0 OK for: @google-cloud/cloud-sql-connector@1.11.3 want: ^8.1.0
1308 silly fetch manifest googleapis-common@^8.0.0
1309 silly packumentCache full:https://registry.npmjs.org/googleapis-common cache-miss
1310 silly fetch manifest node-fetch@^3.3.2
1311 silly packumentCache full:https://registry.npmjs.org/node-fetch cache-hit
1312 silly fetch manifest gcp-metadata@8.1.2
1313 silly packumentCache full:https://registry.npmjs.org/gcp-metadata cache-hit
1314 silly fetch manifest google-logging-utils@1.1.3
1315 silly packumentCache full:https://registry.npmjs.org/google-logging-utils cache-hit
1316 http fetch GET 200 https://registry.npmjs.org/googleapis-common 203ms (cache revalidated)
1317 silly packumentCache full:https://registry.npmjs.org/googleapis-common set size:237452 disposed:false
1318 silly placeDep node_modules/firebase-tools @google-cloud/paginator@6.1.0 OK for: @google-cloud/pubsub@5.3.1 want: ^6.0.0
1319 silly placeDep node_modules/firebase-tools @google-cloud/precise-date@5.2.0 OK for: @google-cloud/pubsub@5.3.1 want: ^5.0.0
1320 silly placeDep node_modules/firebase-tools @google-cloud/projectify@5.2.0 OK for: @google-cloud/pubsub@5.3.1 want: ^5.0.0
1321 silly placeDep node_modules/firebase-tools @google-cloud/promisify@5.1.0 OK for: @google-cloud/pubsub@5.3.1 want: ^5.0.0
1322 silly placeDep node_modules/firebase-tools @opentelemetry/api@1.9.1 OK for: @google-cloud/pubsub@5.3.1 want: ~1.9.0
1323 silly placeDep node_modules/firebase-tools @opentelemetry/core@1.30.1 OK for: @google-cloud/pubsub@5.3.1 want: ^1.30.1
1324 silly placeDep node_modules/firebase-tools @opentelemetry/semantic-conventions@1.39.0 OK for: @google-cloud/pubsub@5.3.1 want: ~1.39.0
1325 silly placeDep node_modules/firebase-tools arrify@2.0.1 OK for: @google-cloud/pubsub@5.3.1 want: ^2.0.0
1326 silly placeDep node_modules/firebase-tools extend@3.0.2 OK for: @google-cloud/pubsub@5.3.1 want: ^3.0.2
1327 silly placeDep node_modules/firebase-tools/node_modules/@google-cloud/pubsub google-auth-library@10.9.1 OK for: @google-cloud/pubsub@5.3.1 want: ^10.5.0
1328 silly placeDep node_modules/firebase-tools google-gax@5.0.8 OK for: @google-cloud/pubsub@5.3.1 want: ^5.0.5
1329 silly placeDep node_modules/firebase-tools google-logging-utils@1.2.0 OK for: @google-cloud/pubsub@5.3.1 want: ^1.1.3
1330 silly placeDep node_modules/firebase-tools heap-js@2.7.1 OK for: @google-cloud/pubsub@5.3.1 want: ^2.6.0
1331 silly placeDep node_modules/firebase-tools is-stream-ended@0.1.4 OK for: @google-cloud/pubsub@5.3.1 want: ^0.1.4
1332 silly placeDep node_modules/firebase-tools lodash.snakecase@4.1.1 OK for: @google-cloud/pubsub@5.3.1 want: ^4.1.1
1333 silly placeDep node_modules/firebase-tools long@5.3.2 OK for: @google-cloud/pubsub@5.3.1 want: ^5.3.1
1334 silly placeDep node_modules/firebase-tools p-defer@3.0.0 OK for: @google-cloud/pubsub@5.3.1 want: ^3.0.0
1335 silly fetch manifest @opentelemetry/semantic-conventions@1.28.0
1336 silly packumentCache full:https://registry.npmjs.org/@opentelemetry%2fsemantic-conventions cache-hit
1337 silly fetch manifest rimraf@^5.0.1
1338 silly packumentCache full:https://registry.npmjs.org/rimraf cache-miss
1339 silly fetch manifest duplexify@^4.1.3
1340 silly packumentCache full:https://registry.npmjs.org/duplexify cache-miss
1341 silly fetch manifest protobufjs@^7.5.4
1342 silly packumentCache full:https://registry.npmjs.org/protobufjs cache-miss
1343 silly fetch manifest object-hash@^3.0.0
1344 silly packumentCache full:https://registry.npmjs.org/object-hash cache-miss
1345 silly fetch manifest @grpc/grpc-js@^1.12.6
1346 silly packumentCache full:https://registry.npmjs.org/@grpc%2fgrpc-js cache-miss
1347 silly fetch manifest retry-request@^8.0.2
1348 silly packumentCache full:https://registry.npmjs.org/retry-request cache-miss
1349 silly fetch manifest @grpc/proto-loader@^0.8.0
1350 silly packumentCache full:https://registry.npmjs.org/@grpc%2fproto-loader cache-miss
1351 silly fetch manifest google-auth-library@10.5.0
1352 silly packumentCache full:https://registry.npmjs.org/google-auth-library cache-hit
1353 silly fetch manifest proto3-json-serializer@3.0.4
1354 silly packumentCache full:https://registry.npmjs.org/proto3-json-serializer cache-miss
1355 http fetch GET 200 https://registry.npmjs.org/duplexify 219ms (cache revalidated)
1356 silly packumentCache full:https://registry.npmjs.org/duplexify set size:73064 disposed:false
1357 http fetch GET 200 https://registry.npmjs.org/object-hash 223ms (cache revalidated)
1358 silly packumentCache full:https://registry.npmjs.org/object-hash set size:100564 disposed:false
1359 http fetch GET 200 https://registry.npmjs.org/rimraf 239ms (cache revalidated)
1360 silly packumentCache full:https://registry.npmjs.org/rimraf set size:212626 disposed:false
1361 http fetch GET 200 https://registry.npmjs.org/retry-request 232ms (cache revalidated)
1362 silly packumentCache full:https://registry.npmjs.org/retry-request set size:94976 disposed:false
1363 http fetch GET 200 https://registry.npmjs.org/protobufjs 250ms (cache revalidated)
1364 silly packumentCache full:https://registry.npmjs.org/protobufjs set size:768226 disposed:false
1365 http fetch GET 200 https://registry.npmjs.org/proto3-json-serializer 260ms (cache revalidated)
1366 silly packumentCache full:https://registry.npmjs.org/proto3-json-serializer set size:91023 disposed:false
1367 http fetch GET 200 https://registry.npmjs.org/@grpc%2fgrpc-js 285ms (cache revalidated)
1368 silly packumentCache full:https://registry.npmjs.org/@grpc%2fgrpc-js set size:674221 disposed:false
1369 http fetch GET 200 https://registry.npmjs.org/@grpc%2fproto-loader 289ms (cache revalidated)
1370 silly packumentCache full:https://registry.npmjs.org/@grpc%2fproto-loader set size:218355 disposed:false
1371 silly placeDep node_modules/firebase-tools googleapis-common@8.0.3 OK for: @googleapis/sqladmin@37.0.0 want: ^8.0.0
1372 silly fetch manifest qs@^6.7.0
1373 silly packumentCache full:https://registry.npmjs.org/qs cache-hit
1374 silly fetch manifest gaxios@7.1.3
1375 silly packumentCache full:https://registry.npmjs.org/gaxios cache-hit
1376 silly fetch manifest url-template@^2.0.8
1377 silly packumentCache full:https://registry.npmjs.org/url-template cache-miss
1378 http fetch GET 200 https://registry.npmjs.org/url-template 167ms (cache revalidated)
1379 silly packumentCache full:https://registry.npmjs.org/url-template set size:25205 disposed:false
1380 silly placeDep node_modules/firebase-tools @inquirer/checkbox@4.3.2 OK for: @inquirer/prompts@7.10.1 want: ^4.3.2
1381 silly placeDep node_modules/firebase-tools @inquirer/confirm@5.1.21 OK for: @inquirer/prompts@7.10.1 want: ^5.1.21
1382 silly placeDep node_modules/firebase-tools @inquirer/editor@4.2.23 OK for: @inquirer/prompts@7.10.1 want: ^4.2.23
1383 silly placeDep node_modules/firebase-tools @inquirer/expand@4.0.23 OK for: @inquirer/prompts@7.10.1 want: ^4.0.23
1384 silly placeDep node_modules/firebase-tools @inquirer/input@4.3.1 OK for: @inquirer/prompts@7.10.1 want: ^4.3.1
1385 silly placeDep node_modules/firebase-tools @inquirer/number@3.0.23 OK for: @inquirer/prompts@7.10.1 want: ^3.0.23
1386 silly placeDep node_modules/firebase-tools @inquirer/password@4.0.23 OK for: @inquirer/prompts@7.10.1 want: ^4.0.23
1387 silly placeDep node_modules/firebase-tools @inquirer/rawlist@4.1.11 OK for: @inquirer/prompts@7.10.1 want: ^4.1.11
1388 silly placeDep node_modules/firebase-tools @inquirer/search@3.2.2 OK for: @inquirer/prompts@7.10.1 want: ^3.2.2
1389 silly placeDep node_modules/firebase-tools @inquirer/select@4.4.2 OK for: @inquirer/prompts@7.10.1 want: ^4.4.2
1390 silly fetch manifest @inquirer/ansi@^1.0.2
1391 silly packumentCache full:https://registry.npmjs.org/@inquirer%2fansi cache-miss
1392 silly fetch manifest @inquirer/core@^10.3.2
1393 silly packumentCache full:https://registry.npmjs.org/@inquirer%2fcore cache-miss
1394 silly fetch manifest @inquirer/type@^3.0.10
1395 silly packumentCache full:https://registry.npmjs.org/@inquirer%2ftype cache-miss
1396 silly fetch manifest yoctocolors-cjs@^2.1.3
1397 silly packumentCache full:https://registry.npmjs.org/yoctocolors-cjs cache-miss
1398 silly fetch manifest @inquirer/figures@^1.0.15
1399 silly packumentCache full:https://registry.npmjs.org/@inquirer%2ffigures cache-miss
1400 silly fetch manifest @inquirer/core@^10.3.2
1401 silly packumentCache full:https://registry.npmjs.org/@inquirer%2fcore cache-miss
1402 silly fetch manifest @inquirer/type@^3.0.10
1403 silly packumentCache full:https://registry.npmjs.org/@inquirer%2ftype cache-miss
1404 silly fetch manifest @inquirer/core@^10.3.2
1405 silly packumentCache full:https://registry.npmjs.org/@inquirer%2fcore cache-miss
1406 silly fetch manifest @inquirer/type@^3.0.10
1407 silly packumentCache full:https://registry.npmjs.org/@inquirer%2ftype cache-miss
1408 silly fetch manifest @inquirer/external-editor@^1.0.3
1409 silly packumentCache full:https://registry.npmjs.org/@inquirer%2fexternal-editor cache-miss
1410 silly fetch manifest @inquirer/core@^10.3.2
1411 silly packumentCache full:https://registry.npmjs.org/@inquirer%2fcore cache-miss
1412 http fetch GET 200 https://registry.npmjs.org/yoctocolors-cjs 260ms (cache revalidated)
1413 silly packumentCache full:https://registry.npmjs.org/yoctocolors-cjs set size:12865 disposed:false
1414 silly fetch manifest @inquirer/type@^3.0.10
1415 silly packumentCache full:https://registry.npmjs.org/@inquirer%2ftype cache-miss
1416 http fetch GET 200 https://registry.npmjs.org/@inquirer%2fcore 290ms (cache revalidated)
1417 silly packumentCache full:https://registry.npmjs.org/@inquirer%2fcore set size:353358 disposed:false
1418 silly fetch manifest @inquirer/type@^3.0.10
1419 silly packumentCache full:https://registry.npmjs.org/@inquirer%2ftype cache-miss
1420 http fetch GET 200 https://registry.npmjs.org/@inquirer%2fcore 305ms (cache revalidated)
1421 silly packumentCache full:https://registry.npmjs.org/@inquirer%2fcore set size:353358 disposed:false
1422 silly packumentCache full:https://registry.npmjs.org/@inquirer%2fcore dispose
1423 silly fetch manifest @inquirer/type@^3.0.10
1424 silly packumentCache full:https://registry.npmjs.org/@inquirer%2ftype cache-miss
1425 http fetch GET 200 https://registry.npmjs.org/@inquirer%2fcore 331ms (cache revalidated)
1426 silly packumentCache full:https://registry.npmjs.org/@inquirer%2fcore set size:353358 disposed:true
1427 silly packumentCache full:https://registry.npmjs.org/@inquirer%2fcore dispose
1428 silly fetch manifest @inquirer/ansi@^1.0.2
1429 silly packumentCache full:https://registry.npmjs.org/@inquirer%2fansi cache-miss
1430 http fetch GET 200 https://registry.npmjs.org/@inquirer%2fcore 341ms (cache revalidated)
1431 silly packumentCache full:https://registry.npmjs.org/@inquirer%2fcore set size:353358 disposed:true
1432 silly packumentCache full:https://registry.npmjs.org/@inquirer%2fcore dispose
1433 silly fetch manifest @inquirer/type@^3.0.10
1434 silly packumentCache full:https://registry.npmjs.org/@inquirer%2ftype cache-miss
1435 http fetch GET 200 https://registry.npmjs.org/@inquirer%2ftype 355ms (cache revalidated)
1436 silly packumentCache full:https://registry.npmjs.org/@inquirer%2ftype set size:119899 disposed:false
1437 silly fetch manifest @inquirer/figures@^1.0.15
1438 silly packumentCache full:https://registry.npmjs.org/@inquirer%2ffigures cache-miss
1439 http fetch GET 200 https://registry.npmjs.org/@inquirer%2ftype 352ms (cache revalidated)
1440 silly packumentCache full:https://registry.npmjs.org/@inquirer%2ftype set size:119899 disposed:false
1441 silly packumentCache full:https://registry.npmjs.org/@inquirer%2ftype dispose
1442 silly fetch manifest @inquirer/ansi@^1.0.2
1443 silly packumentCache full:https://registry.npmjs.org/@inquirer%2fansi cache-miss
1444 http fetch GET 200 https://registry.npmjs.org/@inquirer%2ffigures 369ms (cache revalidated)
1445 silly packumentCache full:https://registry.npmjs.org/@inquirer%2ffigures set size:57318 disposed:false
1446 http fetch GET 200 https://registry.npmjs.org/@inquirer%2ftype 376ms (cache revalidated)
1447 silly packumentCache full:https://registry.npmjs.org/@inquirer%2ftype set size:119899 disposed:true
1448 silly packumentCache full:https://registry.npmjs.org/@inquirer%2ftype dispose
1449 http fetch GET 200 https://registry.npmjs.org/@inquirer%2fexternal-editor 393ms (cache revalidated)
1450 silly packumentCache full:https://registry.npmjs.org/@inquirer%2fexternal-editor set size:41046 disposed:false
1451 http fetch GET 200 https://registry.npmjs.org/@inquirer%2fansi 425ms (cache revalidated)
1452 silly packumentCache full:https://registry.npmjs.org/@inquirer%2fansi set size:29199 disposed:false
1453 http cache https://registry.npmjs.org/@inquirer%2ftype 186ms (cache hit)
1454 silly packumentCache full:https://registry.npmjs.org/@inquirer%2ftype set size:119899 disposed:true
1455 silly packumentCache full:https://registry.npmjs.org/@inquirer%2ftype dispose
1456 http cache https://registry.npmjs.org/@inquirer%2ftype 229ms (cache hit)
1457 silly packumentCache full:https://registry.npmjs.org/@inquirer%2ftype set size:119899 disposed:true
1458 silly packumentCache full:https://registry.npmjs.org/@inquirer%2ftype dispose
1459 http cache https://registry.npmjs.org/@inquirer%2ftype 196ms (cache hit)
1460 silly packumentCache full:https://registry.npmjs.org/@inquirer%2ftype set size:119899 disposed:true
1461 silly packumentCache full:https://registry.npmjs.org/@inquirer%2ftype dispose
1462 http cache https://registry.npmjs.org/@inquirer%2ftype 179ms (cache hit)
1463 silly packumentCache full:https://registry.npmjs.org/@inquirer%2ftype set size:119899 disposed:true
1464 silly packumentCache full:https://registry.npmjs.org/@inquirer%2ftype dispose
1465 http cache https://registry.npmjs.org/@inquirer%2ffigures 190ms (cache hit)
1466 silly packumentCache full:https://registry.npmjs.org/@inquirer%2ffigures set size:57318 disposed:false
1467 silly packumentCache full:https://registry.npmjs.org/@inquirer%2ffigures dispose
1468 http fetch GET 200 https://registry.npmjs.org/@inquirer%2fansi 231ms (cache revalidated)
1469 silly packumentCache full:https://registry.npmjs.org/@inquirer%2fansi set size:29199 disposed:false
1470 silly packumentCache full:https://registry.npmjs.org/@inquirer%2fansi dispose
1471 http fetch GET 200 https://registry.npmjs.org/@inquirer%2fansi 272ms (cache revalidated)
1472 silly packumentCache full:https://registry.npmjs.org/@inquirer%2fansi set size:29199 disposed:true
1473 silly packumentCache full:https://registry.npmjs.org/@inquirer%2fansi dispose
1474 silly placeDep node_modules/firebase-tools @inquirer/ansi@1.0.2 OK for: @inquirer/checkbox@4.3.2 want: ^1.0.2
1475 silly placeDep node_modules/firebase-tools @inquirer/core@10.3.2 OK for: @inquirer/checkbox@4.3.2 want: ^10.3.2
1476 silly placeDep node_modules/firebase-tools @inquirer/figures@1.0.15 OK for: @inquirer/checkbox@4.3.2 want: ^1.0.15
1477 silly placeDep node_modules/firebase-tools @inquirer/type@3.0.10 OK for: @inquirer/checkbox@4.3.2 want: ^3.0.10
1478 silly placeDep node_modules/firebase-tools yoctocolors-cjs@2.1.3 OK for: @inquirer/checkbox@4.3.2 want: ^2.1.3
1479 silly fetch manifest cli-width@^4.1.0
1480 silly packumentCache full:https://registry.npmjs.org/cli-width cache-miss
1481 silly fetch manifest wrap-ansi@^6.2.0
1482 silly packumentCache full:https://registry.npmjs.org/wrap-ansi cache-miss
1483 silly fetch manifest mute-stream@^2.0.0
1484 silly packumentCache full:https://registry.npmjs.org/mute-stream cache-miss
1485 silly fetch manifest signal-exit@^4.1.0
1486 silly packumentCache full:https://registry.npmjs.org/signal-exit cache-miss
1487 http fetch GET 200 https://registry.npmjs.org/mute-stream 126ms (cache revalidated)
1488 silly packumentCache full:https://registry.npmjs.org/mute-stream set size:24413 disposed:false
1489 http fetch GET 200 https://registry.npmjs.org/cli-width 148ms (cache revalidated)
1490 silly packumentCache full:https://registry.npmjs.org/cli-width set size:24976 disposed:false
1491 http fetch GET 200 https://registry.npmjs.org/signal-exit 149ms (cache revalidated)
1492 silly packumentCache full:https://registry.npmjs.org/signal-exit set size:53489 disposed:false
1493 http fetch GET 200 https://registry.npmjs.org/wrap-ansi 158ms (cache revalidated)
1494 silly packumentCache full:https://registry.npmjs.org/wrap-ansi set size:55299 disposed:false
1495 silly placeDep node_modules/firebase-tools cli-width@4.1.0 OK for: @inquirer/core@10.3.2 want: ^4.1.0
1496 silly placeDep node_modules/firebase-tools mute-stream@2.0.0 OK for: @inquirer/core@10.3.2 want: ^2.0.0
1497 silly placeDep node_modules/firebase-tools signal-exit@4.1.0 OK for: @inquirer/core@10.3.2 want: ^4.1.0
1498 silly placeDep node_modules/firebase-tools wrap-ansi@6.2.0 OK for: @inquirer/core@10.3.2 want: ^6.2.0
1499 silly fetch manifest ansi-styles@^4.0.0
1500 silly packumentCache full:https://registry.npmjs.org/ansi-styles cache-miss
1501 silly fetch manifest string-width@^4.1.0
1502 silly packumentCache full:https://registry.npmjs.org/string-width cache-hit
1503 http fetch GET 200 https://registry.npmjs.org/ansi-styles 254ms (cache revalidated)
1504 silly packumentCache full:https://registry.npmjs.org/ansi-styles set size:71772 disposed:false
1505 silly placeDep node_modules/firebase-tools @inquirer/external-editor@1.0.3 OK for: @inquirer/editor@4.2.23 want: ^1.0.3
1506 silly fetch manifest chardet@^2.1.1
1507 silly packumentCache full:https://registry.npmjs.org/chardet cache-miss
1508 silly fetch manifest iconv-lite@^0.7.0
1509 silly packumentCache full:https://registry.npmjs.org/iconv-lite cache-hit
