[2026-08-20 18:17:12] Starting orchestrator (orch-20260820-181711)
[2026-08-20 18:17:12] Transport mitigations: producers=4 spawnStagger=20s (env BLOG_PRODUCTION_WORKER_COUNT / BLOG_WORKER_SPAWN_STAGGER_SEC)
[2026-08-20 18:17:12] Bootstrapping worker clones + Docker containers...
[2026-08-20 18:17:21] Seeding topic failure flags from history...
[2026-08-20 18:17:22] flags seed: {"blockedStems":7,"blockedThemes":0,"failures":14}
[2026-08-20 18:17:22] Recovering any orphaned merge state...
[2026-08-20 18:17:22] merge recover: {
  "recover": true,
  "recovered": false,
  "reason": "no stash state"
}
[2026-08-20 18:18:34] Merging ready job job-mt22qv71-6tue5 (ai-supply-chain-update-2026) from post/ai-supply-chain-update-2026-w2
[2026-08-20 18:18:34] Defer merge of ai-supply-chain-update-2026 - worker 2 still finishing this job
[2026-08-20 18:18:58] Merging ready job job-mt22qv71-6tue5 (ai-supply-chain-update-2026) from post/ai-supply-chain-update-2026-w2
[2026-08-20 18:18:58] Defer merge of ai-supply-chain-update-2026 - worker 2 still finishing this job
[2026-08-20 18:19:20] Assigning job job-mt231yfa-qvd7k -> worker 2
[2026-08-20 18:19:21] Spawned worker 2 shell pid=26512 for job-mt231yfa-qvd7k (attempt 1)
[2026-08-20 18:19:25] Merging ready job job-mt22qv71-6tue5 (ai-supply-chain-update-2026) from post/ai-supply-chain-update-2026-w2
[2026-08-20 18:19:25] Blessing ai-supply-chain-update-2026 (post/ai-supply-chain-update-2026-w2) - pausing other workers
[2026-08-20 18:19:58] merge-ready-job exit=0
[2026-08-20 18:19:58] merge-ready-job out: {
  "ok": true,
  "shipped": true,
  "branchDeleted": true,
  "deletedBranches": [
    "post/ai-supply-chain-update-2026-w2"
  ],
  "log": [
    "merge start slug=ai-supply-chain-update-2026 branch=post/ai-supply-chain-update-2026-w2",
    "worktree: using existing branch tip",
    "fetched post/ai-supply-chain-update-2026-w2 from worker clone C:\\Users\\ether\\AppData\\Local\\data-insights-blog-workers\\worker-2",
    "branch commits ahead of HEAD: 3",
    "post allowlist on branch: 18 files",
    "post files differing from HEAD: 0",
    "stashed partial blocking=1",
    "WARN posts.ts was dirty G현 path-selective ship keeps branch version on conflict",
    "selective commit ok (9 files): public/images/industry-ai-supply-chain-update-2026-hero.png, scripts/qa-ai-supply-chain-update-2026.mjs, scripts/smoke-test-viz-posts.mjs, src/components/PostVisualization.tsx, src/components/visualizations/AiSupplyChainUpdateDashboard.tsx, src/data/ai-supply-chain-update-2026-data.ts, src/data/posts.ts, src/data/theme-registry.ts",
    "restored WIP stash",
    "closed shipped branch(es): post/ai-supply-chain-update-2026-w2"
  ]
}
[2026-08-20 18:19:58] Blessed merge ok - syncing worker clones from main
[2026-08-20 18:20:03] sync-worker-clones exit=2 \Users\\ether\\AppData\\Local\\data-insights-blog-workers\\worker-4",
      "ok": false,
      "action": "rebase_conflict",
      "detail": "Auto-merging src/components/PostVisualization.tsx\nAuto-merging src/data/theme-registry.ts\nAuto-merging src/types/post.ts\nCONFLICT (content): Merge conflict in src/types/post.ts\nRebasing (1/4)\rRebasing (2/4)\rerror: could not apply 834eab9... wip(bank-commercial-credit-research-2026): dashboard + viz wireup\nhint: Resolve all conflicts manually, mark them as resolved with\nhint: \"git add/rm <conflicted_files>\", then run \"git rebase --continue\".\nhint: You can instead skip this commit: run \"git rebase --skip\".\nhint: To abort and get back to the state before \"git rebase\", run \"git rebase --abort\".\nhint: Disable this message with \"git config set advice.mergeConflict false\"\nCould not apply 834eab9... # wip(bank-commercial-credit-research-2026): dashboard + viz wireup"
    },
    {
      "id": 5,
      "path": "C:\\Users\\ether\\AppData\\Local\\data-insights-blog-workers\\worker-5",
      "ok": true,
      "action": "fetch-only-dirty",
      "detail": "in-progress clone has local changes; rebase deferred"
    }
  ]
}
[2026-08-20 18:20:04] Shipped: ai-supply-chain-update-2026 | duration_sec=557
[2026-08-20 18:20:04] Closed branch(es) after merge: post/ai-supply-chain-update-2026-w2
[2026-08-20 18:28:58] Merging ready job job-mt22wamv-m9j84 (ai-power-grid-concentration-2026) from post/ai-power-grid-concentration-2026-w5
[2026-08-20 18:28:58] Defer merge of ai-power-grid-concentration-2026 - worker 5 still finishing this job
[2026-08-20 18:29:20] W5 idle (no recovery candidate) - assigning producer job-mt23esy6-n1hux (macro-growth-trade-update-2026)
[2026-08-20 18:29:20] Assigning job job-mt23esy6-n1hux -> worker 5
[2026-08-20 18:29:21] Spawned worker 5 shell pid=22276 for job-mt23esy6-n1hux (attempt 1)
[2026-08-20 18:29:25] Merging ready job job-mt22wamv-m9j84 (ai-power-grid-concentration-2026) from post/ai-power-grid-concentration-2026-w5
[2026-08-20 18:29:25] Blessing ai-power-grid-concentration-2026 (post/ai-power-grid-concentration-2026-w5) - pausing other workers
[2026-08-20 18:29:39] merge-ready-job exit=0
[2026-08-20 18:29:39] merge-ready-job out: {
  "ok": true,
  "shipped": true,
  "branchDeleted": true,
  "deletedBranches": [
    "post/ai-power-grid-concentration-2026-w5"
  ],
  "log": [
    "merge start slug=ai-power-grid-concentration-2026 branch=post/ai-power-grid-concentration-2026-w5",
    "worktree: using existing branch tip",
    "fetched post/ai-power-grid-concentration-2026-w5 from worker clone C:\\Users\\ether\\AppData\\Local\\data-insights-blog-workers\\worker-5",
    "branch commits ahead of HEAD: 4",
    "post allowlist on branch: 18 files",
    "post files differing from HEAD: 0",
    "stashed partial blocking=1",
    "WARN posts.ts was dirty G현 path-selective ship keeps branch version on conflict",
    "selective commit ok (9 files): public/images/energy-ai-power-grid-concentration-2026-hero.png, scripts/qa-ai-power-grid-concentration-2026.mjs, scripts/smoke-test-viz-posts.mjs, src/components/PostVisualization.tsx, src/components/visualizations/AiPowerGridConcentrationDashboard.tsx, src/data/ai-power-grid-concentration-2026-data.ts, src/data/posts.ts, src/data/theme-registry.ts",
    "restored WIP stash",
    "closed shipped branch(es): post/ai-power-grid-concentration-2026-w5"
  ]
}
[2026-08-20 18:29:40] Blessed merge ok - syncing worker clones from main
[2026-08-20 18:29:48] sync-worker-clones exit=0 {
      "id": 1,
      "path": "C:\\Users\\ether\\AppData\\Local\\data-insights-blog-workers\\worker-1",
      "ok": true,
      "action": "fetch-only-dirty",
      "detail": "in-progress clone has local changes; rebase deferred"
    },
    {
      "id": 2,
      "path": "C:\\Users\\ether\\AppData\\Local\\data-insights-blog-workers\\worker-2",
      "ok": true,
      "action": "rebased post/ai-compute-demand-update-2026-w2",
      "detail": null
    },
    {
      "id": 3,
      "path": "C:\\Users\\ether\\AppData\\Local\\data-insights-blog-workers\\worker-3",
      "ok": true,
      "action": "fetch-only-dirty",
      "detail": "in-progress clone has local changes; rebase deferred"
    },
    {
      "id": 4,
      "path": "C:\\Users\\ether\\AppData\\Local\\data-insights-blog-workers\\worker-4",
      "ok": true,
      "action": "fetch-only-dirty",
      "detail": "in-progress clone has local changes; rebase deferred"
    },
    {
      "id": 5,
      "path": "C:\\Users\\ether\\AppData\\Local\\data-insights-blog-workers\\worker-5",
      "ok": true,
      "action": "rebased post/macro-growth-trade-update-2026-w5",
      "detail": null
    }
  ]
}
[2026-08-20 18:29:49] Shipped: ai-power-grid-concentration-2026 | duration_sec=888
[2026-08-20 18:29:49] Closed branch(es) after merge: post/ai-power-grid-concentration-2026-w5
[2026-08-20 18:33:31] Merging ready job job-mt1jt2i5-60swf (bank-commercial-credit-research-2026) from post/bank-commercial-credit-research-2026-w4
[2026-08-20 18:33:31] Defer merge of bank-commercial-credit-research-2026 - worker 4 still finishing this job
[2026-08-20 18:33:53] Assigning job job-mt23knyi-duc1w -> worker 4
[2026-08-20 18:33:54] Spawned worker 4 shell pid=19048 for job-mt23knyi-duc1w (attempt 1)
[2026-08-20 18:33:58] Merging ready job job-mt1jt2i5-60swf (bank-commercial-credit-research-2026) from post/bank-commercial-credit-research-2026-w4
[2026-08-20 18:33:59] Blessing bank-commercial-credit-research-2026 (post/bank-commercial-credit-research-2026-w4) - pausing other workers
[2026-08-20 18:34:15] merge-ready-job exit=0
[2026-08-20 18:34:16] merge-ready-job out: {
  "ok": true,
  "shipped": true,
  "branchDeleted": true,
  "deletedBranches": [
    "post/bank-commercial-credit-research-2026-w4"
  ],
  "log": [
    "merge start slug=bank-commercial-credit-research-2026 branch=post/bank-commercial-credit-research-2026-w4",
    "worktree: using existing branch tip",
    "fetched post/bank-commercial-credit-research-2026-w4 from worker clone C:\\Users\\ether\\AppData\\Local\\data-insights-blog-workers\\worker-4",
    "branch commits ahead of HEAD: 5",
    "post allowlist on branch: 14 files",
    "post files differing from HEAD: 0",
    "stashed partial blocking=1",
    "WARN posts.ts was dirty G현 path-selective ship keeps branch version on conflict",
    "selective commit ok (9 files): public/images/finance-bank-commercial-credit-research-2026-hero.png, scripts/qa-bank-commercial-credit-research-2026.mjs, scripts/smoke-test-viz-posts.mjs, src/components/PostVisualization.tsx, src/components/visualizations/BankCommercialCreditResearchDashboard.tsx, src/data/bank-commercial-credit-research-2026-data.ts, src/data/posts.ts, src/data/theme-registry.ts",
    "restored WIP stash",
    "closed shipped branch(es): post/bank-commercial-credit-research-2026-w4"
  ]
}
[2026-08-20 18:34:16] Blessed merge ok - syncing worker clones from main
[2026-08-20 18:34:22] sync-worker-clones exit=2 ta/theme-registry.ts\nAuto-merging src/types/post.ts\nCONFLICT (content): Merge conflict in src/types/post.ts\nRebasing (1/2)\rRebasing (2/2)\rerror: could not apply 612db13... wip(ai-capex-spend-update-2026): dashboard + viz wireup\nhint: Resolve all conflicts manually, mark them as resolved with\nhint: \"git add/rm <conflicted_files>\", then run \"git rebase --continue\".\nhint: You can instead skip this commit: run \"git rebase --skip\".\nhint: To abort and get back to the state before \"git rebase\", run \"git rebase --abort\".\nhint: Disable this message with \"git config set advice.mergeConflict false\"\nCould not apply 612db13... # wip(ai-capex-spend-update-2026): dashboard + viz wireup"
    },
    {
      "id": 4,
      "path": "C:\\Users\\ether\\AppData\\Local\\data-insights-blog-workers\\worker-4",
      "ok": true,
      "action": "rebased post/fiscal-industrial-policy-update-2026-w4",
      "detail": null
    },
    {
      "id": 5,
      "path": "C:\\Users\\ether\\AppData\\Local\\data-insights-blog-workers\\worker-5",
      "ok": true,
      "action": "fetch-only-dirty",
      "detail": "in-progress clone has local changes; rebase deferred"
    }
  ]
}
[2026-08-20 18:34:23] Shipped: bank-commercial-credit-research-2026 | duration_sec=1964
[2026-08-20 18:34:23] Closed branch(es) after merge: post/bank-commercial-credit-research-2026-w4
[2026-08-20 18:38:11] Merging ready job job-mt23esy6-n1hux (macro-growth-trade-update-2026) from post/macro-growth-trade-update-2026-w5
[2026-08-20 18:38:11] Defer merge of macro-growth-trade-update-2026 - worker 5 still finishing this job
[2026-08-20 18:38:35] Merging ready job job-mt23esy6-n1hux (macro-growth-trade-update-2026) from post/macro-growth-trade-update-2026-w5
[2026-08-20 18:38:35] Defer merge of macro-growth-trade-update-2026 - worker 5 still finishing this job
[2026-08-20 18:38:58] W5 idle (no recovery candidate) - assigning producer job-mt23r6x3-nwosm (fiscal-plumbing-research-2026)
[2026-08-20 18:38:58] Assigning job job-mt23r6x3-nwosm -> worker 5
[2026-08-20 18:38:59] Spawned worker 5 shell pid=23208 for job-mt23r6x3-nwosm (attempt 1)
[2026-08-20 18:39:03] Merging ready job job-mt23esy6-n1hux (macro-growth-trade-update-2026) from post/macro-growth-trade-update-2026-w5
[2026-08-20 18:39:03] Blessing macro-growth-trade-update-2026 (post/macro-growth-trade-update-2026-w5) - pausing other workers
[2026-08-20 18:39:24] merge-ready-job exit=0
[2026-08-20 18:39:24] merge-ready-job out: {
  "ok": true,
  "shipped": true,
  "branchDeleted": true,
  "deletedBranches": [
    "post/macro-growth-trade-update-2026-w5"
  ],
  "log": [
    "merge start slug=macro-growth-trade-update-2026 branch=post/macro-growth-trade-update-2026-w5",
    "worktree: using existing branch tip",
    "fetched post/macro-growth-trade-update-2026-w5 from worker clone C:\\Users\\ether\\AppData\\Local\\data-insights-blog-workers\\worker-5",
    "branch commits ahead of HEAD: 4",
    "post allowlist on branch: 18 files",
    "post files differing from HEAD: 0",
    "stashed partial blocking=1",
    "WARN posts.ts was dirty G현 path-selective ship keeps branch version on conflict",
    "selective commit ok (9 files): public/images/economics-macro-growth-trade-update-2026-hero.png, scripts/qa-macro-growth-trade-update-2026.mjs, scripts/smoke-test-viz-posts.mjs, src/components/PostVisualization.tsx, src/components/visualizations/MacroGrowthTradeUpdateDashboard.tsx, src/data/macro-growth-trade-update-2026-data.ts, src/data/posts.ts, src/data/theme-registry.ts",
    "restored WIP stash",
    "closed shipped branch(es): post/macro-growth-trade-update-2026-w5"
  ]
}
[2026-08-20 18:39:24] Blessed merge ok - syncing worker clones from main
[2026-08-20 18:39:33] sync-worker-clones exit=2 lve all conflicts manually, mark them as resolved with\nhint: \"git add/rm <conflicted_files>\", then run \"git rebase --continue\".\nhint: You can instead skip this commit: run \"git rebase --skip\".\nhint: To abort and get back to the state before \"git rebase\", run \"git rebase --abort\".\nhint: Disable this message with \"git config set advice.mergeConflict false\"\nCould not apply a7b3920... # wip(ai-compute-demand-update-2026): dashboard + viz wireup"
    },
    {
      "id": 3,
      "path": "C:\\Users\\ether\\AppData\\Local\\data-insights-blog-workers\\worker-3",
      "ok": true,
      "action": "fetch-only-dirty",
      "detail": "in-progress clone has local changes; rebase deferred"
    },
    {
      "id": 4,
      "path": "C:\\Users\\ether\\AppData\\Local\\data-insights-blog-workers\\worker-4",
      "ok": true,
      "action": "fetch-only-dirty",
      "detail": "in-progress clone has local changes; rebase deferred"
    },
    {
      "id": 5,
      "path": "C:\\Users\\ether\\AppData\\Local\\data-insights-blog-workers\\worker-5",
      "ok": true,
      "action": "rebased post/fiscal-plumbing-research-2026-w5",
      "detail": null
    }
  ]
}
[2026-08-20 18:39:34] Shipped: macro-growth-trade-update-2026 | duration_sec=611
[2026-08-20 18:39:34] Closed branch(es) after merge: post/macro-growth-trade-update-2026-w5
[2026-08-20 18:39:41] Assigning job job-mt23s4hm-nmaes -> worker 2
[2026-08-20 18:39:42] Spawned worker 2 shell pid=31620 for job-mt23s4hm-nmaes (attempt 1)
[2026-08-20 18:39:46] Merging ready job job-mt231yfa-qvd7k (ai-compute-demand-update-2026) from post/ai-compute-demand-update-2026-w2
[2026-08-20 18:39:46] Blessing ai-compute-demand-update-2026 (post/ai-compute-demand-update-2026-w2) - pausing other workers
[2026-08-20 18:40:03] merge-ready-job exit=0
[2026-08-20 18:40:03] merge-ready-job out: {
  "ok": true,
  "shipped": true,
  "branchDeleted": true,
  "deletedBranches": [
    "post/ai-compute-demand-update-2026-w2"
  ],
  "log": [
    "merge start slug=ai-compute-demand-update-2026 branch=post/ai-compute-demand-update-2026-w2",
    "worktree: using existing branch tip",
    "fetched post/ai-compute-demand-update-2026-w2 from worker clone C:\\Users\\ether\\AppData\\Local\\data-insights-blog-workers\\worker-2",
    "branch commits ahead of HEAD: 5",
    "post allowlist on branch: 18 files",
    "post files differing from HEAD: 0",
    "stashed partial blocking=1",
    "WARN posts.ts was dirty G현 path-selective ship keeps branch version on conflict",
    "selective commit ok (9 files): public/images/technology-ai-compute-demand-update-2026-hero.png, scripts/qa-ai-compute-demand-update-2026.mjs, scripts/smoke-test-viz-posts.mjs, src/components/PostVisualization.tsx, src/components/visualizations/AiComputeDemandUpdateDashboard.tsx, src/data/ai-compute-demand-update-2026-data.ts, src/data/posts.ts, src/data/theme-registry.ts",
    "restored WIP stash",
    "closed shipped branch(es): post/ai-compute-demand-update-2026-w2"
  ]
}
[2026-08-20 18:40:03] Blessed merge ok - syncing worker clones from main
[2026-08-20 18:40:14] sync-worker-clones exit=2 wip(ai-capex-spend-update-2026): dashboard + viz wireup"
    },
    {
      "id": 4,
      "path": "C:\\Users\\ether\\AppData\\Local\\data-insights-blog-workers\\worker-4",
      "ok": false,
      "action": "rebase_conflict",
      "detail": "Auto-merging src/data/posts.ts\nCONFLICT (content): Merge conflict in src/data/posts.ts\nRebasing (1/4)\rRebasing (2/4)\rRebasing (3/4)\rerror: could not apply dbed39c... wip(fiscal-industrial-policy-update-2026): post prose + hero\nhint: Resolve all conflicts manually, mark them as resolved with\nhint: \"git add/rm <conflicted_files>\", then run \"git rebase --continue\".\nhint: You can instead skip this commit: run \"git rebase --skip\".\nhint: To abort and get back to the state before \"git rebase\", run \"git rebase --abort\".\nhint: Disable this message with \"git config set advice.mergeConflict false\"\nCould not apply dbed39c... # wip(fiscal-industrial-policy-update-2026): post prose + hero"
    },
    {
      "id": 5,
      "path": "C:\\Users\\ether\\AppData\\Local\\data-insights-blog-workers\\worker-5",
      "ok": true,
      "action": "rebased post/fiscal-plumbing-research-2026-w5",
      "detail": null
    }
  ]
}
[2026-08-20 18:40:16] Shipped: ai-compute-demand-update-2026 | duration_sec=1252
[2026-08-20 18:40:16] Closed branch(es) after merge: post/ai-compute-demand-update-2026-w2
[2026-08-20 18:40:24] Merging ready job job-mt22din7-nt0rw (ai-capex-spend-update-2026) from post/ai-capex-spend-update-2026-w3
[2026-08-20 18:40:24] Defer merge of ai-capex-spend-update-2026 - worker 3 still finishing this job
[2026-08-20 18:40:47] Assigning job job-mt23tj1y-i0gqf -> worker 3
[2026-08-20 18:40:48] Spawned worker 3 shell pid=29440 for job-mt23tj1y-i0gqf (attempt 1)
[2026-08-20 18:40:52] Merging ready job job-mt22din7-nt0rw (ai-capex-spend-update-2026) from post/ai-capex-spend-update-2026-w3
[2026-08-20 18:40:52] Blessing ai-capex-spend-update-2026 (post/ai-capex-spend-update-2026-w3) - pausing other workers
[2026-08-20 18:41:13] merge-ready-job exit=0
[2026-08-20 18:41:13] merge-ready-job out: {
  "ok": true,
  "shipped": true,
  "branchDeleted": true,
  "deletedBranches": [
    "post/ai-capex-spend-update-2026-w3"
  ],
  "log": [
    "merge start slug=ai-capex-spend-update-2026 branch=post/ai-capex-spend-update-2026-w3",
    "worktree: using existing branch tip",
    "fetched post/ai-capex-spend-update-2026-w3 from worker clone C:\\Users\\ether\\AppData\\Local\\data-insights-blog-workers\\worker-3",
    "branch commits ahead of HEAD: 5",
    "post allowlist on branch: 30 files",
    "post files differing from HEAD: 0",
    "stashed partial blocking=1",
    "WARN posts.ts was dirty G현 path-selective ship keeps branch version on conflict",
    "selective commit ok (9 files): public/images/capital-markets-ai-capex-spend-update-2026-hero.png, scripts/qa-ai-capex-spend-update-2026.mjs, scripts/smoke-test-viz-posts.mjs, src/components/PostVisualization.tsx, src/components/visualizations/AiCapexSpendUpdateDashboard.tsx, src/data/ai-capex-spend-update-2026-data.ts, src/data/posts.ts, src/data/theme-registry.ts",
    "restored WIP stash",
    "closed shipped branch(es): post/ai-capex-spend-update-2026-w3"
  ]
}
[2026-08-20 18:41:13] Blessed merge ok - syncing worker clones from main
[2026-08-20 18:41:26] sync-worker-clones exit=2 ate-2026-w3",
      "detail": null
    },
    {
      "id": 4,
      "path": "C:\\Users\\ether\\AppData\\Local\\data-insights-blog-workers\\worker-4",
      "ok": false,
      "action": "rebase_conflict",
      "detail": "Auto-merging src/data/posts.ts\nCONFLICT (content): Merge conflict in src/data/posts.ts\nRebasing (1/4)\rRebasing (2/4)\rRebasing (3/4)\rerror: could not apply dbed39c... wip(fiscal-industrial-policy-update-2026): post prose + hero\nhint: Resolve all conflicts manually, mark them as resolved with\nhint: \"git add/rm <conflicted_files>\", then run \"git rebase --continue\".\nhint: You can instead skip this commit: run \"git rebase --skip\".\nhint: To abort and get back to the state before \"git rebase\", run \"git rebase --abort\".\nhint: Disable this message with \"git config set advice.mergeConflict false\"\nCould not apply dbed39c... # wip(fiscal-industrial-policy-update-2026): post prose + hero"
    },
    {
      "id": 5,
      "path": "C:\\Users\\ether\\AppData\\Local\\data-insights-blog-workers\\worker-5",
      "ok": true,
      "action": "fetch-only-dirty",
      "detail": "in-progress clone has local changes; rebase deferred"
    }
  ]
}
[2026-08-20 18:41:27] Shipped: ai-capex-spend-update-2026 | duration_sec=2414
[2026-08-20 18:41:27] Closed branch(es) after merge: post/ai-capex-spend-update-2026-w3
[2026-08-20 18:41:35] Assigning job job-mt23ukd8-kxpdx -> worker 1
[2026-08-20 18:41:35] Spawned worker 1 shell pid=10004 for job-mt23ukd8-kxpdx (attempt 1)
[2026-08-20 18:41:40] Merging ready job job-mt22din7-mihxf (ai-financing-update-2026) from post/ai-financing-update-2026-w1
[2026-08-20 18:41:40] Blessing ai-financing-update-2026 (post/ai-financing-update-2026-w1) - pausing other workers
[2026-08-20 18:41:57] merge-ready-job exit=0
[2026-08-20 18:41:57] merge-ready-job out: {
  "ok": true,
  "shipped": true,
  "branchDeleted": true,
  "deletedBranches": [
    "post/ai-financing-update-2026-w1"
  ],
  "log": [
    "merge start slug=ai-financing-update-2026 branch=post/ai-financing-update-2026-w1",
    "worktree: using existing branch tip",
    "fetched post/ai-financing-update-2026-w1 from worker clone C:\\Users\\ether\\AppData\\Local\\data-insights-blog-workers\\worker-1",
    "branch commits ahead of HEAD: 4",
    "post allowlist on branch: 18 files",
    "post files differing from HEAD: 0",
    "stashed partial blocking=1",
    "WARN posts.ts was dirty G현 path-selective ship keeps branch version on conflict",
    "selective commit ok (9 files): public/images/capital-markets-ai-financing-update-2026-hero.png, scripts/qa-ai-financing-update-2026.mjs, scripts/smoke-test-viz-posts.mjs, src/components/PostVisualization.tsx, src/components/visualizations/AiFinancingUpdateDashboard.tsx, src/data/ai-financing-update-2026-data.ts, src/data/posts.ts, src/data/theme-registry.ts",
    "restored WIP stash",
    "closed shipped branch(es): post/ai-financing-update-2026-w1"
  ]
}
[2026-08-20 18:41:57] Blessed merge ok - syncing worker clones from main
[2026-08-20 18:42:05] sync-worker-clones exit=2 ate-2026-w3",
      "detail": null
    },
    {
      "id": 4,
      "path": "C:\\Users\\ether\\AppData\\Local\\data-insights-blog-workers\\worker-4",
      "ok": false,
      "action": "rebase_conflict",
      "detail": "Auto-merging src/data/posts.ts\nCONFLICT (content): Merge conflict in src/data/posts.ts\nRebasing (1/4)\rRebasing (2/4)\rRebasing (3/4)\rerror: could not apply dbed39c... wip(fiscal-industrial-policy-update-2026): post prose + hero\nhint: Resolve all conflicts manually, mark them as resolved with\nhint: \"git add/rm <conflicted_files>\", then run \"git rebase --continue\".\nhint: You can instead skip this commit: run \"git rebase --skip\".\nhint: To abort and get back to the state before \"git rebase\", run \"git rebase --abort\".\nhint: Disable this message with \"git config set advice.mergeConflict false\"\nCould not apply dbed39c... # wip(fiscal-industrial-policy-update-2026): post prose + hero"
    },
    {
      "id": 5,
      "path": "C:\\Users\\ether\\AppData\\Local\\data-insights-blog-workers\\worker-5",
      "ok": true,
      "action": "fetch-only-dirty",
      "detail": "in-progress clone has local changes; rebase deferred"
    }
  ]
}
[2026-08-20 18:42:05] Shipped: ai-financing-update-2026 | duration_sec=2500
[2026-08-20 18:42:05] Closed branch(es) after merge: post/ai-financing-update-2026-w1
[2026-08-20 18:42:57] Merging ready job job-mt23knyi-duc1w (fiscal-industrial-policy-update-2026) from post/fiscal-industrial-policy-update-2026-w4
[2026-08-20 18:42:57] Defer merge of fiscal-industrial-policy-update-2026 - worker 4 still finishing this job
[2026-08-20 18:43:18] Assigning job job-mt23ws03-o7sa8 -> worker 4
[2026-08-20 18:43:19] Spawned worker 4 shell pid=24524 for job-mt23ws03-o7sa8 (attempt 1)
[2026-08-20 18:43:23] Merging ready job job-mt23knyi-duc1w (fiscal-industrial-policy-update-2026) from post/fiscal-industrial-policy-update-2026-w4
[2026-08-20 18:43:23] Blessing fiscal-industrial-policy-update-2026 (post/fiscal-industrial-policy-update-2026-w4) - pausing other workers
[2026-08-20 18:43:41] merge-ready-job exit=0
[2026-08-20 18:43:41] merge-ready-job out: {
  "ok": true,
  "shipped": true,
  "branchDeleted": true,
  "deletedBranches": [
    "post/fiscal-industrial-policy-update-2026-w4"
  ],
  "log": [
    "merge start slug=fiscal-industrial-policy-update-2026 branch=post/fiscal-industrial-policy-update-2026-w4",
    "worktree: using existing branch tip",
    "fetched post/fiscal-industrial-policy-update-2026-w4 from worker clone C:\\Users\\ether\\AppData\\Local\\data-insights-blog-workers\\worker-4",
    "branch commits ahead of HEAD: 4",
    "post allowlist on branch: 18 files",
    "post files differing from HEAD: 0",
    "stashed partial blocking=1",
    "WARN posts.ts was dirty G현 path-selective ship keeps branch version on conflict",
    "selective commit ok (9 files): public/images/politics-fiscal-industrial-policy-update-2026-hero.png, scripts/qa-fiscal-industrial-policy-update-2026.mjs, scripts/smoke-test-viz-posts.mjs, src/components/PostVisualization.tsx, src/components/visualizations/FiscalIndustrialPolicyUpdateDashboard.tsx, src/data/fiscal-industrial-policy-update-2026-data.ts, src/data/posts.ts, src/data/theme-registry.ts",
    "restored WIP stash",
    "closed shipped branch(es): post/fiscal-industrial-policy-update-2026-w4"
  ]
}
[2026-08-20 18:43:41] Blessed merge ok - syncing worker clones from main
[2026-08-20 18:43:51] sync-worker-clones exit=2 ata\\Local\\data-insights-blog-workers\\worker-4",
      "ok": true,
      "action": "rebased post/geopolitics-institutions-update-2026-w4",
      "detail": null
    },
    {
      "id": 5,
      "path": "C:\\Users\\ether\\AppData\\Local\\data-insights-blog-workers\\worker-5",
      "ok": false,
      "action": "rebase_conflict",
      "detail": "Auto-merging scripts/smoke-test-viz-posts.mjs\nAuto-merging src/components/PostVisualization.tsx\nCONFLICT (content): Merge conflict in src/components/PostVisualization.tsx\nAuto-merging src/data/theme-registry.ts\nAuto-merging src/types/post.ts\nCONFLICT (content): Merge conflict in src/types/post.ts\nRebasing (1/1)\rerror: could not apply 4a11084... wip(fiscal-plumbing-research-2026): data module + dashboard + viz wireup\nhint: Resolve all conflicts manually, mark them as resolved with\nhint: \"git add/rm <conflicted_files>\", then run \"git rebase --continue\".\nhint: You can instead skip this commit: run \"git rebase --skip\".\nhint: To abort and get back to the state before \"git rebase\", run \"git rebase --abort\".\nhint: Disable this message with \"git config set advice.mergeConflict false\"\nCould not app"
    }
  ]
}
[2026-08-20 18:43:52] Shipped: fiscal-industrial-policy-update-2026 | duration_sec=595
[2026-08-20 18:43:52] Closed branch(es) after merge: post/fiscal-industrial-policy-update-2026-w4
[2026-08-20 18:51:11] Orphaned merging job job-mt23esy6-n1hux (macro-growth-trade-update-2026) age=12.0038160316667m - branch missing, failing
[2026-08-20 18:51:11] Skip kill worker 5 for failed job-mt23esy6-n1hux - slot now on job-mt23r6x3-nwosm
[2026-08-20 18:55:05] Merging ready job job-mt23r6x3-nwosm (fiscal-plumbing-research-2026) from post/fiscal-plumbing-research-2026-w5
[2026-08-20 18:55:07] Defer merge of fiscal-plumbing-research-2026 - worker 5 still finishing this job
[2026-08-20 18:55:32] Merging ready job job-mt23r6x3-nwosm (fiscal-plumbing-research-2026) from post/fiscal-plumbing-research-2026-w5
[2026-08-20 18:55:32] Defer merge of fiscal-plumbing-research-2026 - worker 5 still finishing this job
[2026-08-20 18:55:58] W5 idle (no recovery candidate) - assigning producer job-mt24d0px-ldt13 (industrial-robotics-update-2026)
[2026-08-20 18:55:58] Assigning job job-mt24d0px-ldt13 -> worker 5
[2026-08-20 18:55:59] Spawned worker 5 shell pid=30316 for job-mt24d0px-ldt13 (attempt 1)
[2026-08-20 18:56:03] Merging ready job job-mt23ukd8-kxpdx (commercial-aircraft-final-assembly-geography-2026) from post/commercial-aircraft-final-assembly-geography-2026-w1
[2026-08-20 18:56:04] Defer merge of commercial-aircraft-final-assembly-geography-2026 - worker 1 still finishing this job
[2026-08-20 18:56:13] Merging ready job job-mt23ukd8-kxpdx (commercial-aircraft-final-assembly-geography-2026) from post/commercial-aircraft-final-assembly-geography-2026-w1
[2026-08-20 18:56:14] Defer merge of commercial-aircraft-final-assembly-geography-2026 - worker 1 still finishing this job
[2026-08-20 18:56:37] Assigning job job-mt24dwoc-9isbt -> worker 1
[2026-08-20 18:56:38] Spawned worker 1 shell pid=32632 for job-mt24dwoc-9isbt (attempt 1)
[2026-08-20 18:56:44] Merging ready job job-mt23ukd8-kxpdx (commercial-aircraft-final-assembly-geography-2026) from post/commercial-aircraft-final-assembly-geography-2026-w1
[2026-08-20 18:56:44] Blessing commercial-aircraft-final-assembly-geography-2026 (post/commercial-aircraft-final-assembly-geography-2026-w1) - pausing other workers
[2026-08-20 18:57:09] merge-ready-job exit=0
[2026-08-20 18:57:09] merge-ready-job out: {
  "ok": true,
  "shipped": true,
  "branchDeleted": true,
  "deletedBranches": [
    "post/commercial-aircraft-final-assembly-geography-2026-w1"
  ],
  "log": [
    "merge start slug=commercial-aircraft-final-assembly-geography-2026 branch=post/commercial-aircraft-final-assembly-geography-2026-w1",
    "worktree: using existing branch tip",
    "fetched post/commercial-aircraft-final-assembly-geography-2026-w1 from worker clone C:\\Users\\ether\\AppData\\Local\\data-insights-blog-workers\\worker-1",
    "branch commits ahead of HEAD: 5",
    "post allowlist on branch: 17 files",
    "post files differing from HEAD: 0",
    "stashed partial blocking=1",
    "WARN posts.ts was dirty G현 path-selective ship keeps branch version on conflict",
    "selective commit ok (9 files): public/images/industry-commercial-aircraft-final-assembly-geography-2026-hero.png, scripts/qa-commercial-aircraft-final-assembly-geography-2026.mjs, scripts/smoke-test-viz-posts.mjs, src/components/PostVisualization.tsx, src/components/visualizations/CommercialAircraftFinalAssemblyGeography2026Dashboard.tsx, src/data/commercial-aircraft-final-assembly-geography-2026-data.ts, src/data/posts.ts, src/data/theme-registry.ts",
    "restored WIP stash",
    "closed shipped branch(es): post/commercial-aircraft-final-assembly-geography-2026-w1"
  ]
}
[2026-08-20 18:57:09] Blessed merge ok - syncing worker clones from main
[2026-08-20 18:57:25] sync-worker-clones exit=2 \AppData\\Local\\data-insights-blog-workers\\worker-4",
      "ok": false,
      "action": "rebase_conflict",
      "detail": "Auto-merging src/components/PostVisualization.tsx\nCONFLICT (content): Merge conflict in src/components/PostVisualization.tsx\nAuto-merging src/data/theme-registry.ts\nAuto-merging src/types/post.ts\nCONFLICT (content): Merge conflict in src/types/post.ts\nRebasing (1/3)\rRebasing (2/3)\rerror: could not apply ac6cc25... wip(geopolitics-institutions-update-2026): dashboard + viz wireup\nhint: Resolve all conflicts manually, mark them as resolved with\nhint: \"git add/rm <conflicted_files>\", then run \"git rebase --continue\".\nhint: You can instead skip this commit: run \"git rebase --skip\".\nhint: To abort and get back to the state before \"git rebase\", run \"git rebase --abort\".\nhint: Disable this message with \"git config set advice.mergeConflict false\"\nCould not apply ac6cc25... # wip(geopolitics-instit"
    },
    {
      "id": 5,
      "path": "C:\\Users\\ether\\AppData\\Local\\data-insights-blog-workers\\worker-5",
      "ok": true,
      "action": "rebased post/industrial-robotics-update-2026-w5",
      "detail": null
    }
  ]
}
[2026-08-20 18:57:26] Shipped: commercial-aircraft-final-assembly-geography-2026 | duration_sec=947
[2026-08-20 18:57:26] Closed branch(es) after merge: post/commercial-aircraft-final-assembly-geography-2026-w1
[2026-08-20 18:57:35] Merging ready job job-mt23r6x3-nwosm (fiscal-plumbing-research-2026) from post/fiscal-plumbing-research-2026-w5
[2026-08-20 18:57:35] Blessing fiscal-plumbing-research-2026 (post/fiscal-plumbing-research-2026-w5) - pausing other workers
[2026-08-20 18:57:56] merge-ready-job exit=0
[2026-08-20 18:57:56] merge-ready-job out: {
  "ok": true,
  "shipped": true,
  "branchDeleted": true,
  "deletedBranches": [
    "post/fiscal-plumbing-research-2026-w5"
  ],
  "log": [
    "merge start slug=fiscal-plumbing-research-2026 branch=post/fiscal-plumbing-research-2026-w5",
    "worktree: using existing branch tip",
    "fetched post/fiscal-plumbing-research-2026-w5 from worker clone C:\\Users\\ether\\AppData\\Local\\data-insights-blog-workers\\worker-5",
    "branch commits ahead of HEAD: 3",
    "post allowlist on branch: 14 files",
    "post files differing from HEAD: 0",
    "stashed partial blocking=1",
    "WARN posts.ts was dirty G현 path-selective ship keeps branch version on conflict",
    "selective commit ok (9 files): public/images/global-systems-fiscal-plumbing-research-2026-hero.png, scripts/qa-fiscal-plumbing-research-2026.mjs, scripts/smoke-test-viz-posts.mjs, src/components/PostVisualization.tsx, src/components/visualizations/FiscalPlumbingResearchDashboard.tsx, src/data/fiscal-plumbing-research-2026-data.ts, src/data/posts.ts, src/data/theme-registry.ts",
    "restored WIP stash",
    "closed shipped branch(es): post/fiscal-plumbing-research-2026-w5"
  ]
}
[2026-08-20 18:57:56] Blessed merge ok - syncing worker clones from main
[2026-08-20 18:58:11] sync-worker-clones exit=2 \AppData\\Local\\data-insights-blog-workers\\worker-4",
      "ok": false,
      "action": "rebase_conflict",
      "detail": "Auto-merging src/components/PostVisualization.tsx\nCONFLICT (content): Merge conflict in src/components/PostVisualization.tsx\nAuto-merging src/data/theme-registry.ts\nAuto-merging src/types/post.ts\nCONFLICT (content): Merge conflict in src/types/post.ts\nRebasing (1/4)\rRebasing (2/4)\rerror: could not apply ac6cc25... wip(geopolitics-institutions-update-2026): dashboard + viz wireup\nhint: Resolve all conflicts manually, mark them as resolved with\nhint: \"git add/rm <conflicted_files>\", then run \"git rebase --continue\".\nhint: You can instead skip this commit: run \"git rebase --skip\".\nhint: To abort and get back to the state before \"git rebase\", run \"git rebase --abort\".\nhint: Disable this message with \"git config set advice.mergeConflict false\"\nCould not apply ac6cc25... # wip(geopolitics-instit"
    },
    {
      "id": 5,
      "path": "C:\\Users\\ether\\AppData\\Local\\data-insights-blog-workers\\worker-5",
      "ok": true,
      "action": "rebased post/industrial-robotics-update-2026-w5",
      "detail": null
    }
  ]
}
[2026-08-20 18:58:13] Shipped: fiscal-plumbing-research-2026 | duration_sec=1151
[2026-08-20 18:58:13] Closed branch(es) after merge: post/fiscal-plumbing-research-2026-w5
[2026-08-20 18:58:37] Assigning job job-mt24ggp8-ip98q -> worker 2
[2026-08-20 18:58:38] Spawned worker 2 shell pid=19968 for job-mt24ggp8-ip98q (attempt 1)
[2026-08-20 18:58:43] Merging ready job job-mt23ws03-o7sa8 (geopolitics-institutions-update-2026) from post/geopolitics-institutions-update-2026-w4
[2026-08-20 18:58:43] Blessing geopolitics-institutions-update-2026 (post/geopolitics-institutions-update-2026-w4) - pausing other workers
[2026-08-20 18:59:05] merge-ready-job exit=0
[2026-08-20 18:59:05] merge-ready-job out: {
  "ok": true,
  "shipped": true,
  "branchDeleted": true,
  "deletedBranches": [
    "post/geopolitics-institutions-update-2026-w4"
  ],
  "log": [
    "merge start slug=geopolitics-institutions-update-2026 branch=post/geopolitics-institutions-update-2026-w4",
    "worktree: using existing branch tip",
    "fetched post/geopolitics-institutions-update-2026-w4 from worker clone C:\\Users\\ether\\AppData\\Local\\data-insights-blog-workers\\worker-4",
    "branch commits ahead of HEAD: 4",
    "post allowlist on branch: 18 files",
    "post files differing from HEAD: 0",
    "stashed partial blocking=1",
    "WARN posts.ts was dirty G현 path-selective ship keeps branch version on conflict",
    "selective commit ok (9 files): public/images/politics-geopolitics-institutions-update-2026-hero.png, scripts/qa-geopolitics-institutions-update-2026.mjs, scripts/smoke-test-viz-posts.mjs, src/components/PostVisualization.tsx, src/components/visualizations/GeopoliticsInstitutionsUpdateDashboard.tsx, src/data/geopolitics-institutions-update-2026-data.ts, src/data/posts.ts, src/data/theme-registry.ts",
    "restored WIP stash",
    "closed shipped branch(es): post/geopolitics-institutions-update-2026-w4"
  ]
}
[2026-08-20 18:59:05] Blessed merge ok - syncing worker clones from main
[2026-08-20 18:59:15] sync-worker-clones exit=0 Id": "4",
  "mergedBranch": "post/geopolitics-institutions-update-2026-w4",
  "workers": [
    {
      "id": 1,
      "path": "C:\\Users\\ether\\AppData\\Local\\data-insights-blog-workers\\worker-1",
      "ok": true,
      "action": "rebased post/chokepoint-commodities-update-2026-w1",
      "detail": null
    },
    {
      "id": 2,
      "path": "C:\\Users\\ether\\AppData\\Local\\data-insights-blog-workers\\worker-2",
      "ok": true,
      "action": "rebased post/adaptation-economics-update-2026-w2",
      "detail": null
    },
    {
      "id": 3,
      "path": "C:\\Users\\ether\\AppData\\Local\\data-insights-blog-workers\\worker-3",
      "ok": true,
      "action": "reset-parking",
      "detail": null
    },
    {
      "id": 4,
      "path": "C:\\Users\\ether\\AppData\\Local\\data-insights-blog-workers\\worker-4",
      "ok": true,
      "action": "reset-excluded",
      "detail": null
    },
    {
      "id": 5,
      "path": "C:\\Users\\ether\\AppData\\Local\\data-insights-blog-workers\\worker-5",
      "ok": true,
      "action": "fetch-only-dirty",
      "detail": "in-progress clone has local changes; rebase deferred"
    }
  ]
}
[2026-08-20 18:59:16] Shipped: geopolitics-institutions-update-2026 | duration_sec=955
[2026-08-20 18:59:16] Closed branch(es) after merge: post/geopolitics-institutions-update-2026-w4
[2026-08-20 18:59:24] Assigning job job-mt24hh96-lcwlt -> worker 3
[2026-08-20 18:59:25] Spawned worker 3 shell pid=30140 for job-mt24hh96-lcwlt (attempt 1)
[2026-08-20 18:59:29] Staggering next agent spawn by 20s (avoid concurrent Cursor connects)
[2026-08-20 18:59:49] Assigning job job-mt24hh95-nnf9z -> worker 4
[2026-08-20 18:59:51] Spawned worker 4 shell pid=28836 for job-mt24hh95-nnf9z (attempt 1)
[2026-08-20 18:59:55] Merging ready job job-mt23tj1y-i0gqf (measurement-science-update-2026) from post/measurement-science-update-2026-w3
[2026-08-20 18:59:55] Blessing measurement-science-update-2026 (post/measurement-science-update-2026-w3) - pausing other workers
[2026-08-20 19:00:47] merge-ready-job exit=0
[2026-08-20 19:00:47] merge-ready-job out: {
  "ok": true,
  "shipped": true,
  "branchDeleted": true,
  "deletedBranches": [
    "post/measurement-science-update-2026-w3"
  ],
  "log": [
    "merge start slug=measurement-science-update-2026 branch=post/measurement-science-update-2026-w3",
    "worktree: using existing branch tip",
    "fetched post/measurement-science-update-2026-w3 from worker clone C:\\Users\\ether\\AppData\\Local\\data-insights-blog-workers\\worker-3",
    "branch commits ahead of HEAD: 4",
    "post allowlist on branch: 17 files",
    "post files differing from HEAD: 0",
    "stashed partial blocking=1",
    "WARN posts.ts was dirty G현 path-selective ship keeps branch version on conflict",
    "selective commit ok (9 files): public/images/global-systems-measurement-science-update-2026-hero.png, scripts/qa-measurement-science-update-2026.mjs, scripts/smoke-test-viz-posts.mjs, src/components/PostVisualization.tsx, src/components/visualizations/MeasurementScienceUpdateDashboard.tsx, src/data/measurement-science-update-2026-data.ts, src/data/posts.ts, src/data/theme-registry.ts",
    "restored WIP stash",
    "closed shipped branch(es): post/measurement-science-update-2026-w3"
  ]
}
[2026-08-20 19:00:47] Blessed merge ok - syncing worker clones from main
[2026-08-20 19:00:56] sync-worker-clones exit=0 rkers": [
    {
      "id": 1,
      "path": "C:\\Users\\ether\\AppData\\Local\\data-insights-blog-workers\\worker-1",
      "ok": true,
      "action": "fetch-only-dirty",
      "detail": "in-progress clone has local changes; rebase deferred"
    },
    {
      "id": 2,
      "path": "C:\\Users\\ether\\AppData\\Local\\data-insights-blog-workers\\worker-2",
      "ok": true,
      "action": "rebased post/adaptation-economics-update-2026-w2",
      "detail": null
    },
    {
      "id": 3,
      "path": "C:\\Users\\ether\\AppData\\Local\\data-insights-blog-workers\\worker-3",
      "ok": true,
      "action": "rebased post/energy-systems-update-2026-w3",
      "detail": null
    },
    {
      "id": 4,
      "path": "C:\\Users\\ether\\AppData\\Local\\data-insights-blog-workers\\worker-4",
      "ok": true,
      "action": "rebased post/consumer-finance-markets-update-2026-w4",
      "detail": null
    },
    {
      "id": 5,
      "path": "C:\\Users\\ether\\AppData\\Local\\data-insights-blog-workers\\worker-5",
      "ok": true,
      "action": "fetch-only-dirty",
      "detail": "in-progress clone has local changes; rebase deferred"
    }
  ]
}
[2026-08-20 19:00:57] Shipped: measurement-science-update-2026 | duration_sec=1205
[2026-08-20 19:00:57] Closed branch(es) after merge: post/measurement-science-update-2026-w3
[2026-08-20 19:01:05] Merging ready job job-mt23s4hm-nmaes (demographic-cash-flows-update-2026) from post/demographic-cash-flows-update-2026-w2
[2026-08-20 19:01:05] Blessing demographic-cash-flows-update-2026 (post/demographic-cash-flows-update-2026-w2) - pausing other workers
[2026-08-20 19:01:22] merge-ready-job exit=0
[2026-08-20 19:01:22] merge-ready-job out: {
  "ok": true,
  "shipped": true,
  "branchDeleted": true,
  "deletedBranches": [
    "post/demographic-cash-flows-update-2026-w2"
  ],
  "log": [
    "merge start slug=demographic-cash-flows-update-2026 branch=post/demographic-cash-flows-update-2026-w2",
    "worktree: using existing branch tip",
    "fetched post/demographic-cash-flows-update-2026-w2 from worker clone C:\\Users\\ether\\AppData\\Local\\data-insights-blog-workers\\worker-2",
    "branch commits ahead of HEAD: 4",
    "post allowlist on branch: 18 files",
    "post files differing from HEAD: 0",
    "stashed partial blocking=1",
    "WARN posts.ts was dirty G현 path-selective ship keeps branch version on conflict",
    "selective commit ok (9 files): public/images/global-systems-demographic-cash-flows-update-2026-hero.png, scripts/qa-demographic-cash-flows-update-2026.mjs, scripts/smoke-test-viz-posts.mjs, src/components/PostVisualization.tsx, src/components/visualizations/DemographicCashFlowsUpdateDashboard.tsx, src/data/demographic-cash-flows-update-2026-data.ts, src/data/posts.ts, src/data/theme-registry.ts",
    "restored WIP stash",
    "closed shipped branch(es): post/demographic-cash-flows-update-2026-w2"
  ]
}
[2026-08-20 19:01:22] Blessed merge ok - syncing worker clones from main
[2026-08-20 19:01:29] sync-worker-clones exit=0 -cash-flows-update-2026-w2",
  "workers": [
    {
      "id": 1,
      "path": "C:\\Users\\ether\\AppData\\Local\\data-insights-blog-workers\\worker-1",
      "ok": true,
      "action": "rebased post/chokepoint-commodities-update-2026-w1",
      "detail": null
    },
    {
      "id": 2,
      "path": "C:\\Users\\ether\\AppData\\Local\\data-insights-blog-workers\\worker-2",
      "ok": true,
      "action": "rebased post/adaptation-economics-update-2026-w2",
      "detail": null
    },
    {
      "id": 3,
      "path": "C:\\Users\\ether\\AppData\\Local\\data-insights-blog-workers\\worker-3",
      "ok": true,
      "action": "rebased post/energy-systems-update-2026-w3",
      "detail": null
    },
    {
      "id": 4,
      "path": "C:\\Users\\ether\\AppData\\Local\\data-insights-blog-workers\\worker-4",
      "ok": true,
      "action": "rebased post/consumer-finance-markets-update-2026-w4",
      "detail": null
    },
    {
      "id": 5,
      "path": "C:\\Users\\ether\\AppData\\Local\\data-insights-blog-workers\\worker-5",
      "ok": true,
      "action": "rebased post/industrial-robotics-update-2026-w5",
      "detail": null
    }
  ]
}
[2026-08-20 19:01:30] Shipped: demographic-cash-flows-update-2026 | duration_sec=1305
[2026-08-20 19:01:30] Closed branch(es) after merge: post/demographic-cash-flows-update-2026-w2
[2026-08-20 19:12:40] Merging ready job job-mt24d0px-ldt13 (industrial-robotics-update-2026) from post/industrial-robotics-update-2026-w5
[2026-08-20 19:12:41] Defer merge of industrial-robotics-update-2026 - worker 5 still finishing this job
[2026-08-20 19:13:08] Merging ready job job-mt24d0px-ldt13 (industrial-robotics-update-2026) from post/industrial-robotics-update-2026-w5
[2026-08-20 19:13:08] Defer merge of industrial-robotics-update-2026 - worker 5 still finishing this job
[2026-08-20 19:13:36] Merging ready job job-mt24d0px-ldt13 (industrial-robotics-update-2026) from post/industrial-robotics-update-2026-w5
[2026-08-20 19:13:36] Defer merge of industrial-robotics-update-2026 - worker 5 still finishing this job
[2026-08-20 19:14:04] Merging ready job job-mt24d0px-ldt13 (industrial-robotics-update-2026) from post/industrial-robotics-update-2026-w5
[2026-08-20 19:14:05] Defer merge of industrial-robotics-update-2026 - worker 5 still finishing this job
[2026-08-20 19:14:31] W5 idle (no recovery candidate) - assigning producer job-mt250vwo-mob4z (ai-capex-intensity-update-2026q3)
[2026-08-20 19:14:31] Assigning job job-mt250vwo-mob4z -> worker 5
[2026-08-20 19:14:33] Spawned worker 5 shell pid=10360 for job-mt250vwo-mob4z (attempt 1)
[2026-08-20 19:14:38] Merging ready job job-mt24ggp8-ip98q (adaptation-economics-update-2026) from post/adaptation-economics-update-2026-w2
[2026-08-20 19:14:38] Defer merge of adaptation-economics-update-2026 - worker 2 still finishing this job
[2026-08-20 19:14:50] Merging ready job job-mt24ggp8-ip98q (adaptation-economics-update-2026) from post/adaptation-economics-update-2026-w2
[2026-08-20 19:14:51] Defer merge of adaptation-economics-update-2026 - worker 2 still finishing this job
[2026-08-20 19:15:15] Assigning job job-mt251uro-k0duz -> worker 2
[2026-08-20 19:15:15] Spawned worker 2 shell pid=26528 for job-mt251uro-k0duz (attempt 1)
[2026-08-20 19:15:20] Merging ready job job-mt24ggp8-ip98q (adaptation-economics-update-2026) from post/adaptation-economics-update-2026-w2
[2026-08-20 19:15:20] Blessing adaptation-economics-update-2026 (post/adaptation-economics-update-2026-w2) - pausing other workers
[2026-08-20 19:15:44] merge-ready-job exit=0
[2026-08-20 19:15:44] merge-ready-job out: {
  "ok": true,
  "shipped": true,
  "branchDeleted": true,
  "deletedBranches": [
    "post/adaptation-economics-update-2026-w2"
  ],
  "log": [
    "merge start slug=adaptation-economics-update-2026 branch=post/adaptation-economics-update-2026-w2",
    "worktree: using existing branch tip",
    "fetched post/adaptation-economics-update-2026-w2 from worker clone C:\\Users\\ether\\AppData\\Local\\data-insights-blog-workers\\worker-2",
    "branch commits ahead of HEAD: 4",
    "post allowlist on branch: 18 files",
    "post files differing from HEAD: 0",
    "stashed partial blocking=1",
    "WARN posts.ts was dirty G현 path-selective ship keeps branch version on conflict",
    "selective commit ok (9 files): public/images/energy-adaptation-economics-update-2026-hero.png, scripts/qa-adaptation-economics-update-2026.mjs, scripts/smoke-test-viz-posts.mjs, src/components/PostVisualization.tsx, src/components/visualizations/AdaptationEconomicsUpdateDashboard.tsx, src/data/adaptation-economics-update-2026-data.ts, src/data/posts.ts, src/data/theme-registry.ts",
    "restored WIP stash",
    "closed shipped branch(es): post/adaptation-economics-update-2026-w2"
  ]
}
[2026-08-20 19:15:44] Blessed merge ok - syncing worker clones from main
[2026-08-20 19:15:52] sync-worker-clones exit=2       "path": "C:\\Users\\ether\\AppData\\Local\\data-insights-blog-workers\\worker-4",
      "ok": false,
      "action": "rebase_conflict",
      "detail": "Auto-merging src/components/PostVisualization.tsx\nAuto-merging src/data/theme-registry.ts\nAuto-merging src/types/post.ts\nCONFLICT (content): Merge conflict in src/types/post.ts\nRebasing (1/3)\rRebasing (2/3)\rerror: could not apply a04cab7... wip(consumer-finance-markets-update-2026): dashboard + viz wireup\nhint: Resolve all conflicts manually, mark them as resolved with\nhint: \"git add/rm <conflicted_files>\", then run \"git rebase --continue\".\nhint: You can instead skip this commit: run \"git rebase --skip\".\nhint: To abort and get back to the state before \"git rebase\", run \"git rebase --abort\".\nhint: Disable this message with \"git config set advice.mergeConflict false\"\nCould not apply a04cab7... # wip(consumer-finance-markets-update-2026): dashboard + viz wireup"
    },
    {
      "id": 5,
      "path": "C:\\Users\\ether\\AppData\\Local\\data-insights-blog-workers\\worker-5",
      "ok": true,
      "action": "rebased post/ai-capex-intensity-update-2026q3-w5",
      "detail": null
    }
  ]
}
[2026-08-20 19:15:54] Shipped: adaptation-economics-update-2026 | duration_sec=1030
[2026-08-20 19:15:54] Closed branch(es) after merge: post/adaptation-economics-update-2026-w2
[2026-08-20 19:16:02] Merging ready job job-mt24d0px-ldt13 (industrial-robotics-update-2026) from post/industrial-robotics-update-2026-w5
[2026-08-20 19:16:02] Blessing industrial-robotics-update-2026 (post/industrial-robotics-update-2026-w5) - pausing other workers
[2026-08-20 19:16:18] merge-ready-job exit=0
[2026-08-20 19:16:18] merge-ready-job out: {
  "ok": true,
  "shipped": true,
  "branchDeleted": true,
  "deletedBranches": [
    "post/industrial-robotics-update-2026-w5"
  ],
  "log": [
    "merge start slug=industrial-robotics-update-2026 branch=post/industrial-robotics-update-2026-w5",
    "worktree: using existing branch tip",
    "fetched post/industrial-robotics-update-2026-w5 from worker clone C:\\Users\\ether\\AppData\\Local\\data-insights-blog-workers\\worker-5",
    "branch commits ahead of HEAD: 4",
    "post allowlist on branch: 18 files",
    "post files differing from HEAD: 0",
    "stashed partial blocking=1",
    "WARN posts.ts was dirty G현 path-selective ship keeps branch version on conflict",
    "selective commit ok (9 files): public/images/industry-industrial-robotics-update-2026-hero.png, scripts/qa-industrial-robotics-update-2026.mjs, scripts/smoke-test-viz-posts.mjs, src/components/PostVisualization.tsx, src/components/visualizations/IndustrialRoboticsUpdateDashboard.tsx, src/data/industrial-robotics-update-2026-data.ts, src/data/posts.ts, src/data/theme-registry.ts",
    "restored WIP stash",
    "closed shipped branch(es): post/industrial-robotics-update-2026-w5"
  ]
}
[2026-08-20 19:16:18] Blessed merge ok - syncing worker clones from main
[2026-08-20 19:16:27] sync-worker-clones exit=2       "path": "C:\\Users\\ether\\AppData\\Local\\data-insights-blog-workers\\worker-4",
      "ok": false,
      "action": "rebase_conflict",
      "detail": "Auto-merging src/components/PostVisualization.tsx\nAuto-merging src/data/theme-registry.ts\nAuto-merging src/types/post.ts\nCONFLICT (content): Merge conflict in src/types/post.ts\nRebasing (1/3)\rRebasing (2/3)\rerror: could not apply a04cab7... wip(consumer-finance-markets-update-2026): dashboard + viz wireup\nhint: Resolve all conflicts manually, mark them as resolved with\nhint: \"git add/rm <conflicted_files>\", then run \"git rebase --continue\".\nhint: You can instead skip this commit: run \"git rebase --skip\".\nhint: To abort and get back to the state before \"git rebase\", run \"git rebase --abort\".\nhint: Disable this message with \"git config set advice.mergeConflict false\"\nCould not apply a04cab7... # wip(consumer-finance-markets-update-2026): dashboard + viz wireup"
    },
    {
      "id": 5,
      "path": "C:\\Users\\ether\\AppData\\Local\\data-insights-blog-workers\\worker-5",
      "ok": true,
      "action": "rebased post/ai-capex-intensity-update-2026q3-w5",
      "detail": null
    }
  ]
}
[2026-08-20 19:16:28] Shipped: industrial-robotics-update-2026 | duration_sec=1222
[2026-08-20 19:16:28] Closed branch(es) after merge: post/industrial-robotics-update-2026-w5
[2026-08-20 19:16:35] Assigning job job-mt253kqc-5sdhl -> worker 1
[2026-08-20 19:16:35] Spawned worker 1 shell pid=30832 for job-mt253kqc-5sdhl (attempt 1)
[2026-08-20 19:16:39] Staggering next agent spawn by 20s (avoid concurrent Cursor connects)
[2026-08-20 19:16:59] Assigning job job-mt253kqc-vrf45 -> worker 2
[2026-08-20 19:17:00] Spawned worker 2 shell pid=21648 for job-mt253kqc-vrf45 (attempt 1)
[2026-08-20 19:17:04] Merging ready job job-mt24hh96-lcwlt (energy-systems-update-2026) from post/energy-systems-update-2026-w3
[2026-08-20 19:17:04] Blessing energy-systems-update-2026 (post/energy-systems-update-2026-w3) - pausing other workers
[2026-08-20 19:17:18] merge-ready-job exit=0
[2026-08-20 19:17:18] merge-ready-job out: {
  "ok": true,
  "shipped": true,
  "branchDeleted": true,
  "deletedBranches": [
    "post/energy-systems-update-2026-w3"
  ],
  "log": [
    "merge start slug=energy-systems-update-2026 branch=post/energy-systems-update-2026-w3",
    "worktree: using existing branch tip",
    "fetched post/energy-systems-update-2026-w3 from worker clone C:\\Users\\ether\\AppData\\Local\\data-insights-blog-workers\\worker-3",
    "branch commits ahead of HEAD: 4",
    "post allowlist on branch: 18 files",
    "post files differing from HEAD: 0",
    "stashed partial blocking=1",
    "WARN posts.ts was dirty G현 path-selective ship keeps branch version on conflict",
    "selective commit ok (9 files): public/images/energy-energy-systems-update-2026-hero.png, scripts/qa-energy-systems-update-2026.mjs, scripts/smoke-test-viz-posts.mjs, src/components/PostVisualization.tsx, src/components/visualizations/EnergySystemsUpdateDashboard.tsx, src/data/energy-systems-update-2026-data.ts, src/data/posts.ts, src/data/theme-registry.ts",
    "restored WIP stash",
    "closed shipped branch(es): post/energy-systems-update-2026-w3"
  ]
}
[2026-08-20 19:17:18] Blessed merge ok - syncing worker clones from main
[2026-08-20 19:17:25] sync-worker-clones exit=2 ll
    },
    {
      "id": 4,
      "path": "C:\\Users\\ether\\AppData\\Local\\data-insights-blog-workers\\worker-4",
      "ok": false,
      "action": "rebase_conflict",
      "detail": "Auto-merging src/components/PostVisualization.tsx\nAuto-merging src/data/theme-registry.ts\nAuto-merging src/types/post.ts\nCONFLICT (content): Merge conflict in src/types/post.ts\nRebasing (1/3)\rRebasing (2/3)\rerror: could not apply a04cab7... wip(consumer-finance-markets-update-2026): dashboard + viz wireup\nhint: Resolve all conflicts manually, mark them as resolved with\nhint: \"git add/rm <conflicted_files>\", then run \"git rebase --continue\".\nhint: You can instead skip this commit: run \"git rebase --skip\".\nhint: To abort and get back to the state before \"git rebase\", run \"git rebase --abort\".\nhint: Disable this message with \"git config set advice.mergeConflict false\"\nCould not apply a04cab7... # wip(consumer-finance-markets-update-2026): dashboard + viz wireup"
    },
    {
      "id": 5,
      "path": "C:\\Users\\ether\\AppData\\Local\\data-insights-blog-workers\\worker-5",
      "ok": true,
      "action": "reset-parking",
      "detail": null
    }
  ]
}
[2026-08-20 19:17:25] Shipped: energy-systems-update-2026 | duration_sec=1073
[2026-08-20 19:17:25] Closed branch(es) after merge: post/energy-systems-update-2026-w3
[2026-08-20 19:17:32] Assigning job job-mt254spl-jx4zs -> worker 3
[2026-08-20 19:17:32] Spawned worker 3 shell pid=21912 for job-mt254spl-jx4zs (attempt 1)
[2026-08-20 19:17:37] W5 idle (no recovery candidate) - assigning producer job-mt254spl-xvz9f (migration-humanitarian-update-2026)
[2026-08-20 19:17:37] Staggering next agent spawn by 20s (avoid concurrent Cursor connects)
[2026-08-20 19:17:57] Assigning job job-mt254spl-xvz9f -> worker 5
[2026-08-20 19:17:57] Spawned worker 5 shell pid=21904 for job-mt254spl-xvz9f (attempt 1)
[2026-08-20 19:18:01] Merging ready job job-mt24dwoc-9isbt (chokepoint-commodities-update-2026) from post/chokepoint-commodities-update-2026-w1
[2026-08-20 19:18:01] Blessing chokepoint-commodities-update-2026 (post/chokepoint-commodities-update-2026-w1) - pausing other workers
[2026-08-20 19:18:16] merge-ready-job exit=0
[2026-08-20 19:18:16] merge-ready-job out: {
  "ok": true,
  "shipped": true,
  "branchDeleted": true,
  "deletedBranches": [
    "post/chokepoint-commodities-update-2026-w1"
  ],
  "log": [
    "merge start slug=chokepoint-commodities-update-2026 branch=post/chokepoint-commodities-update-2026-w1",
    "worktree: using existing branch tip",
    "fetched post/chokepoint-commodities-update-2026-w1 from worker clone C:\\Users\\ether\\AppData\\Local\\data-insights-blog-workers\\worker-1",
    "branch commits ahead of HEAD: 4",
    "post allowlist on branch: 18 files",
    "post files differing from HEAD: 0",
    "stashed partial blocking=1",
    "WARN posts.ts was dirty G현 path-selective ship keeps branch version on conflict",
    "selective commit ok (9 files): public/images/global-systems-chokepoint-commodities-update-2026-hero.png, scripts/qa-chokepoint-commodities-update-2026.mjs, scripts/smoke-test-viz-posts.mjs, src/components/PostVisualization.tsx, src/components/visualizations/ChokepointCommoditiesUpdateDashboard.tsx, src/data/chokepoint-commodities-update-2026-data.ts, src/data/posts.ts, src/data/theme-registry.ts",
    "restored WIP stash",
    "closed shipped branch(es): post/chokepoint-commodities-update-2026-w1"
  ]
}
[2026-08-20 19:18:16] Blessed merge ok - syncing worker clones from main
[2026-08-20 19:18:21] sync-worker-clones exit=0 -update-2026-w1",
  "workers": [
    {
      "id": 1,
      "path": "C:\\Users\\ether\\AppData\\Local\\data-insights-blog-workers\\worker-1",
      "ok": true,
      "action": "rebased post/ai-power-grid-update-2026-w1",
      "detail": null
    },
    {
      "id": 2,
      "path": "C:\\Users\\ether\\AppData\\Local\\data-insights-blog-workers\\worker-2",
      "ok": true,
      "action": "rebased post/bank-commercial-credit-update-2026-w2",
      "detail": null
    },
    {
      "id": 3,
      "path": "C:\\Users\\ether\\AppData\\Local\\data-insights-blog-workers\\worker-3",
      "ok": true,
      "action": "rebased post/fiscal-plumbing-update-2026-w3",
      "detail": null
    },
    {
      "id": 4,
      "path": "C:\\Users\\ether\\AppData\\Local\\data-insights-blog-workers\\worker-4",
      "ok": true,
      "action": "fetch-only-dirty",
      "detail": "in-progress clone has local changes; rebase deferred"
    },
    {
      "id": 5,
      "path": "C:\\Users\\ether\\AppData\\Local\\data-insights-blog-workers\\worker-5",
      "ok": true,
      "action": "rebased post/migration-humanitarian-update-2026-w5",
      "detail": null
    }
  ]
}
[2026-08-20 19:18:21] Shipped: chokepoint-commodities-update-2026 | duration_sec=1297
[2026-08-20 19:18:21] Closed branch(es) after merge: post/chokepoint-commodities-update-2026-w1
[2026-08-20 19:18:28] Assigning job job-mt255zze-c5xo7 -> worker 2
[2026-08-20 19:18:28] Spawned worker 2 shell pid=10444 for job-mt255zze-c5xo7 (attempt 1)
[2026-08-20 19:18:33] Staggering next agent spawn by 20s (avoid concurrent Cursor connects)
[2026-08-20 19:18:53] Assigning job job-mt255zze-cd63d -> worker 3
[2026-08-20 19:18:53] Spawned worker 3 shell pid=26312 for job-mt255zze-cd63d (attempt 1)
[2026-08-20 19:20:39] W5 idle (no recovery candidate) - assigning producer job-mt258s9c-tiq9o (fiscal-industrial-policy-update-2026q3)
[2026-08-20 19:20:39] Assigning job job-mt258s9c-tiq9o -> worker 5
[2026-08-20 19:20:39] Spawned worker 5 shell pid=28820 for job-mt258s9c-tiq9o (attempt 1)
[2026-08-20 19:24:30] Merging ready job job-mt24hh95-nnf9z (consumer-finance-markets-update-2026) from post/consumer-finance-markets-update-2026-w4
[2026-08-20 19:24:30] Defer merge of consumer-finance-markets-update-2026 - worker 4 still finishing this job
[2026-08-20 19:24:52] Merging ready job job-mt24hh95-nnf9z (consumer-finance-markets-update-2026) from post/consumer-finance-markets-update-2026-w4
[2026-08-20 19:24:52] Defer merge of consumer-finance-markets-update-2026 - worker 4 still finishing this job
[2026-08-20 19:25:14] Assigning job job-mt25eouf-vofgo -> worker 4
[2026-08-20 19:25:14] Spawned worker 4 shell pid=10824 for job-mt25eouf-vofgo (attempt 1)
[2026-08-20 19:25:19] Merging ready job job-mt24hh95-nnf9z (consumer-finance-markets-update-2026) from post/consumer-finance-markets-update-2026-w4
[2026-08-20 19:25:19] Blessing consumer-finance-markets-update-2026 (post/consumer-finance-markets-update-2026-w4) - pausing other workers
[2026-08-20 19:25:39] merge-ready-job exit=0
[2026-08-20 19:25:39] merge-ready-job out: {
  "ok": true,
  "shipped": true,
  "branchDeleted": true,
  "deletedBranches": [
    "post/consumer-finance-markets-update-2026-w4"
  ],
  "log": [
    "merge start slug=consumer-finance-markets-update-2026 branch=post/consumer-finance-markets-update-2026-w4",
    "worktree: using existing branch tip",
    "fetched post/consumer-finance-markets-update-2026-w4 from worker clone C:\\Users\\ether\\AppData\\Local\\data-insights-blog-workers\\worker-4",
    "branch commits ahead of HEAD: 4",
    "post allowlist on branch: 19 files",
    "post files differing from HEAD: 0",
    "stashed partial blocking=1",
    "WARN posts.ts was dirty G현 path-selective ship keeps branch version on conflict",
    "selective commit ok (9 files): public/images/consumer-finance-consumer-finance-markets-update-2026-hero.png, scripts/qa-consumer-finance-markets-update-2026.mjs, scripts/smoke-test-viz-posts.mjs, src/components/PostVisualization.tsx, src/components/visualizations/ConsumerFinanceMarketsUpdateDashboard.tsx, src/data/consumer-finance-markets-update-2026-data.ts, src/data/posts.ts, src/data/theme-registry.ts",
    "WARN stash apply had conflicts; kept merged versions",
    "resolved stash conflicts keeping merge: src/data/posts.ts",
    "closed shipped branch(es): post/consumer-finance-markets-update-2026-w4"
  ]
}
[2026-08-20 19:25:39] Blessed merge ok - syncing worker clones from main
[2026-08-20 19:25:48] sync-worker-clones exit=2 etail": "Auto-merging src/data/posts.ts\nCONFLICT (content): Merge conflict in src/data/posts.ts\nRebasing (1/4)\rRebasing (2/4)\rRebasing (3/4)\rerror: could not apply ea4b3e4... wip(ai-compute-demand-update-2026q3): post prose + hero\nhint: Resolve all conflicts manually, mark them as resolved with\nhint: \"git add/rm <conflicted_files>\", then run \"git rebase --continue\".\nhint: You can instead skip this commit: run \"git rebase --skip\".\nhint: To abort and get back to the state before \"git rebase\", run \"git rebase --abort\".\nhint: Disable this message with \"git config set advice.mergeConflict false\"\nCould not apply ea4b3e4... # wip(ai-compute-demand-update-2026q3): post prose + hero"
    },
    {
      "id": 4,
      "path": "C:\\Users\\ether\\AppData\\Local\\data-insights-blog-workers\\worker-4",
      "ok": true,
      "action": "rebased post/industrial-robotics-update-2026q3-w4",
      "detail": null
    },
    {
      "id": 5,
      "path": "C:\\Users\\ether\\AppData\\Local\\data-insights-blog-workers\\worker-5",
      "ok": true,
      "action": "fetch-only-dirty",
      "detail": "in-progress clone has local changes; rebase deferred"
    }
  ]
}
[2026-08-20 19:25:49] Shipped: consumer-finance-markets-update-2026 | duration_sec=1552
[2026-08-20 19:25:49] Closed branch(es) after merge: post/consumer-finance-markets-update-2026-w4
[2026-08-20 19:27:46] Merging ready job job-mt255zze-c5xo7 (geopolitics-institutions-update-2026q3) from post/geopolitics-institutions-update-2026q3-w2
[2026-08-20 19:27:47] Defer merge of geopolitics-institutions-update-2026q3 - worker 2 still finishing this job
[2026-08-20 19:28:12] Merging ready job job-mt255zze-c5xo7 (geopolitics-institutions-update-2026q3) from post/geopolitics-institutions-update-2026q3-w2
[2026-08-20 19:28:12] Defer merge of geopolitics-institutions-update-2026q3 - worker 2 still finishing this job
[2026-08-20 19:28:37] Assigning job job-mt25j1f8-ovfu7 -> worker 2
[2026-08-20 19:28:38] Spawned worker 2 shell pid=32064 for job-mt25j1f8-ovfu7 (attempt 1)
[2026-08-20 19:28:44] Merging ready job job-mt255zze-c5xo7 (geopolitics-institutions-update-2026q3) from post/geopolitics-institutions-update-2026q3-w2
[2026-08-20 19:28:44] Blessing geopolitics-institutions-update-2026q3 (post/geopolitics-institutions-update-2026q3-w2) - pausing other workers
[2026-08-20 19:29:11] merge-ready-job exit=0
[2026-08-20 19:29:11] merge-ready-job out: {
  "ok": true,
  "shipped": true,
  "branchDeleted": true,
  "deletedBranches": [
    "post/geopolitics-institutions-update-2026q3-w2"
  ],
  "log": [
    "merge start slug=geopolitics-institutions-update-2026q3 branch=post/geopolitics-institutions-update-2026q3-w2",
    "worktree: using existing branch tip",
    "fetched post/geopolitics-institutions-update-2026q3-w2 from worker clone C:\\Users\\ether\\AppData\\Local\\data-insights-blog-workers\\worker-2",
    "branch commits ahead of HEAD: 4",
    "post allowlist on branch: 22 files",
    "post files differing from HEAD: 0",
    "no stash (dirty-nonblocking)",
    "selective commit ok (9 files): public/images/politics-geopolitics-institutions-update-2026q3-hero.png, scripts/qa-geopolitics-institutions-update-2026q3.mjs, scripts/smoke-test-viz-posts.mjs, src/components/PostVisualization.tsx, src/components/visualizations/GeopoliticsInstitutionsUpdate2026q3Dashboard.tsx, src/data/geopolitics-institutions-update-2026q3-data.ts, src/data/posts.ts, src/data/theme-registry.ts",
    "closed shipped branch(es): post/geopolitics-institutions-update-2026q3-w2"
  ]
}
[2026-08-20 19:29:11] Blessed merge ok - syncing worker clones from main
[2026-08-20 19:29:28] sync-worker-clones exit=2 "
    },
    {
      "id": 4,
      "path": "C:\\Users\\ether\\AppData\\Local\\data-insights-blog-workers\\worker-4",
      "ok": true,
      "action": "rebased post/industrial-robotics-update-2026q3-w4",
      "detail": null
    },
    {
      "id": 5,
      "path": "C:\\Users\\ether\\AppData\\Local\\data-insights-blog-workers\\worker-5",
      "ok": false,
      "action": "rebase_conflict",
      "detail": "Auto-merging scripts/smoke-test-viz-posts.mjs\nAuto-merging src/data/posts.ts\nCONFLICT (content): Merge conflict in src/data/posts.ts\nRebasing (1/3)\rRebasing (2/3)\rRebasing (3/3)\rerror: could not apply b9bf3d2... wip(fiscal-industrial-policy-update-2026q3): post prose + hero\nhint: Resolve all conflicts manually, mark them as resolved with\nhint: \"git add/rm <conflicted_files>\", then run \"git rebase --continue\".\nhint: You can instead skip this commit: run \"git rebase --skip\".\nhint: To abort and get back to the state before \"git rebase\", run \"git rebase --abort\".\nhint: Disable this message with \"git config set advice.mergeConflict false\"\nCould not apply b9bf3d2... # wip(fiscal-industrial-policy-update-2026q3): post prose + hero"
    }
  ]
}
[2026-08-20 19:29:31] Shipped: geopolitics-institutions-update-2026q3 | duration_sec=661
[2026-08-20 19:29:31] Closed branch(es) after merge: post/geopolitics-institutions-update-2026q3-w2
[2026-08-20 19:30:45] Merging ready job job-mt255zze-cd63d (ai-compute-demand-update-2026q3) from post/ai-compute-demand-update-2026q3-w3
[2026-08-20 19:30:46] Defer merge of ai-compute-demand-update-2026q3 - worker 3 still finishing this job
[2026-08-20 19:31:08] Assigning job job-mt25m9u2-on1xw -> worker 3
[2026-08-20 19:31:08] Spawned worker 3 shell pid=5168 for job-mt25m9u2-on1xw (attempt 1)
[2026-08-20 19:31:13] Merging ready job job-mt255zze-cd63d (ai-compute-demand-update-2026q3) from post/ai-compute-demand-update-2026q3-w3
[2026-08-20 19:31:13] Blessing ai-compute-demand-update-2026q3 (post/ai-compute-demand-update-2026q3-w3) - pausing other workers
[2026-08-20 19:31:26] merge-ready-job exit=0
[2026-08-20 19:31:26] merge-ready-job out: {
  "ok": true,
  "shipped": true,
  "branchDeleted": true,
  "deletedBranches": [
    "post/ai-compute-demand-update-2026q3-w3"
  ],
  "log": [
    "merge start slug=ai-compute-demand-update-2026q3 branch=post/ai-compute-demand-update-2026q3-w3",
    "worktree: using existing branch tip",
    "fetched post/ai-compute-demand-update-2026q3-w3 from worker clone C:\\Users\\ether\\AppData\\Local\\data-insights-blog-workers\\worker-3",
    "branch commits ahead of HEAD: 4",
    "post allowlist on branch: 22 files",
    "post files differing from HEAD: 0",
    "no stash (dirty-nonblocking)",
    "selective commit ok (9 files): public/images/technology-ai-compute-demand-update-2026q3-hero.png, scripts/qa-ai-compute-demand-update-2026q3.mjs, scripts/smoke-test-viz-posts.mjs, src/components/PostVisualization.tsx, src/components/visualizations/AiComputeDemandUpdate2026q3Dashboard.tsx, src/data/ai-compute-demand-update-2026q3-data.ts, src/data/posts.ts, src/data/theme-registry.ts",
    "closed shipped branch(es): post/ai-compute-demand-update-2026q3-w3"
  ]
}
[2026-08-20 19:31:26] Blessed merge ok - syncing worker clones from main
[2026-08-20 19:31:34] sync-worker-clones exit=2 l
    },
    {
      "id": 4,
      "path": "C:\\Users\\ether\\AppData\\Local\\data-insights-blog-workers\\worker-4",
      "ok": true,
      "action": "rebased post/industrial-robotics-update-2026q3-w4",
      "detail": null
    },
    {
      "id": 5,
      "path": "C:\\Users\\ether\\AppData\\Local\\data-insights-blog-workers\\worker-5",
      "ok": false,
      "action": "rebase_conflict",
      "detail": "Auto-merging scripts/smoke-test-viz-posts.mjs\nAuto-merging src/data/posts.ts\nCONFLICT (content): Merge conflict in src/data/posts.ts\nRebasing (1/4)\rRebasing (2/4)\rRebasing (3/4)\rerror: could not apply b9bf3d2... wip(fiscal-industrial-policy-update-2026q3): post prose + hero\nhint: Resolve all conflicts manually, mark them as resolved with\nhint: \"git add/rm <conflicted_files>\", then run \"git rebase --continue\".\nhint: You can instead skip this commit: run \"git rebase --skip\".\nhint: To abort and get back to the state before \"git rebase\", run \"git rebase --abort\".\nhint: Disable this message with \"git config set advice.mergeConflict false\"\nCould not apply b9bf3d2... # wip(fiscal-industrial-policy-update-2026q3): post prose + hero"
    }
  ]
}
[2026-08-20 19:31:34] Shipped: ai-compute-demand-update-2026q3 | duration_sec=757
[2026-08-20 19:31:34] Closed branch(es) after merge: post/ai-compute-demand-update-2026q3-w3
[2026-08-20 19:32:24] Merging ready job job-mt258s9c-tiq9o (fiscal-industrial-policy-update-2026q3) from post/fiscal-industrial-policy-update-2026q3-w5
[2026-08-20 19:32:24] Defer merge of fiscal-industrial-policy-update-2026q3 - worker 5 still finishing this job
[2026-08-20 19:32:45] Merging ready job job-mt258s9c-tiq9o (fiscal-industrial-policy-update-2026q3) from post/fiscal-industrial-policy-update-2026q3-w5
[2026-08-20 19:32:45] Defer merge of fiscal-industrial-policy-update-2026q3 - worker 5 still finishing this job
[2026-08-20 19:33:07] W5 idle (no recovery candidate) - assigning producer job-mt25otom-e7zmm (consumer-finance-markets-update-2026q3)
[2026-08-20 19:33:07] Assigning job job-mt25otom-e7zmm -> worker 5
[2026-08-20 19:33:07] Spawned worker 5 shell pid=17208 for job-mt25otom-e7zmm (attempt 1)
[2026-08-20 19:33:11] Merging ready job job-mt258s9c-tiq9o (fiscal-industrial-policy-update-2026q3) from post/fiscal-industrial-policy-update-2026q3-w5
[2026-08-20 19:33:12] Blessing fiscal-industrial-policy-update-2026q3 (post/fiscal-industrial-policy-update-2026q3-w5) - pausing other workers
[2026-08-20 19:33:26] merge-ready-job exit=0
[2026-08-20 19:33:26] merge-ready-job out: {
  "ok": true,
  "shipped": true,
  "branchDeleted": true,
  "deletedBranches": [
    "post/fiscal-industrial-policy-update-2026q3-w5"
  ],
  "log": [
    "merge start slug=fiscal-industrial-policy-update-2026q3 branch=post/fiscal-industrial-policy-update-2026q3-w5",
    "worktree: using existing branch tip",
    "fetched post/fiscal-industrial-policy-update-2026q3-w5 from worker clone C:\\Users\\ether\\AppData\\Local\\data-insights-blog-workers\\worker-5",
    "branch commits ahead of HEAD: 4",
    "post allowlist on branch: 22 files",
    "post files differing from HEAD: 0",
    "no stash (dirty-nonblocking)",
    "selective commit ok (9 files): public/images/politics-fiscal-industrial-policy-update-2026q3-hero.png, scripts/qa-fiscal-industrial-policy-update-2026q3.mjs, scripts/smoke-test-viz-posts.mjs, src/components/PostVisualization.tsx, src/components/visualizations/FiscalIndustrialPolicyUpdate2026q3Dashboard.tsx, src/data/fiscal-industrial-policy-update-2026q3-data.ts, src/data/posts.ts, src/data/theme-registry.ts",
    "closed shipped branch(es): post/fiscal-industrial-policy-update-2026q3-w5"
  ]
}
[2026-08-20 19:33:26] Blessed merge ok - syncing worker clones from main
[2026-08-20 19:33:32] sync-worker-clones exit=2 pex-spend-update-2026q3): dashboard + viz wireup\nhint: Resolve all conflicts manually, mark them as resolved with\nhint: \"git add/rm <conflicted_files>\", then run \"git rebase --continue\".\nhint: You can instead skip this commit: run \"git rebase --skip\".\nhint: To abort and get back to the state before \"git rebase\", run \"git rebase --abort\".\nhint: Disable this message with \"git config set advice.mergeConflict false\"\nCould not apply be47d0c... # wip(ai-capex-spend-update-2026"
    },
    {
      "id": 3,
      "path": "C:\\Users\\ether\\AppData\\Local\\data-insights-blog-workers\\worker-3",
      "ok": true,
      "action": "rebased post/ai-financing-update-2026q3-w3",
      "detail": null
    },
    {
      "id": 4,
      "path": "C:\\Users\\ether\\AppData\\Local\\data-insights-blog-workers\\worker-4",
      "ok": true,
      "action": "rebased post/industrial-robotics-update-2026q3-w4",
      "detail": null
    },
    {
      "id": 5,
      "path": "C:\\Users\\ether\\AppData\\Local\\data-insights-blog-workers\\worker-5",
      "ok": true,
      "action": "rebased post/consumer-finance-markets-update-2026q3-w5",
      "detail": null
    }
  ]
}
[2026-08-20 19:33:33] Shipped: fiscal-industrial-policy-update-2026q3 | duration_sec=771
[2026-08-20 19:33:33] Closed branch(es) after merge: post/fiscal-industrial-policy-update-2026q3-w5
[2026-08-20 19:35:52] Merging ready job job-mt25j1f8-ovfu7 (ai-capex-spend-update-2026q3) from post/ai-capex-spend-update-2026q3-w2
[2026-08-20 19:35:52] Defer merge of ai-capex-spend-update-2026q3 - worker 2 still finishing this job
[2026-08-20 19:35:52] WARN: orchestrator loop error (continuing): The process cannot access the file 'E:\AI Projects\data-insights-blog\artifacts\agent-jobs.json' because it is being used by another process.
[2026-08-20 19:36:14] Assigning job job-mt25su8e-z96ge -> worker 2
[2026-08-20 19:36:14] Spawned worker 2 shell pid=15068 for job-mt25su8e-z96ge (attempt 1)
[2026-08-20 19:36:19] Merging ready job job-mt25j1f8-ovfu7 (ai-capex-spend-update-2026q3) from post/ai-capex-spend-update-2026q3-w2
[2026-08-20 19:36:19] Blessing ai-capex-spend-update-2026q3 (post/ai-capex-spend-update-2026q3-w2) - pausing other workers
[2026-08-20 19:36:33] merge-ready-job exit=0
[2026-08-20 19:36:33] merge-ready-job out: {
  "ok": true,
  "shipped": true,
  "branchDeleted": true,
  "deletedBranches": [
    "post/ai-capex-spend-update-2026q3-w2"
  ],
  "log": [
    "merge start slug=ai-capex-spend-update-2026q3 branch=post/ai-capex-spend-update-2026q3-w2",
    "worktree: using existing branch tip",
    "fetched post/ai-capex-spend-update-2026q3-w2 from worker clone C:\\Users\\ether\\AppData\\Local\\data-insights-blog-workers\\worker-2",
    "branch commits ahead of HEAD: 4",
    "post allowlist on branch: 34 files",
    "post files differing from HEAD: 0",
    "no stash (dirty-nonblocking)",
    "selective commit ok (9 files): public/images/capital-markets-ai-capex-spend-update-2026q3-hero.png, scripts/qa-ai-capex-spend-update-2026q3.mjs, scripts/smoke-test-viz-posts.mjs, src/components/PostVisualization.tsx, src/components/visualizations/AiCapexSpendUpdate2026q3Dashboard.tsx, src/data/ai-capex-spend-update-2026q3-data.ts, src/data/posts.ts, src/data/theme-registry.ts",
    "closed shipped branch(es): post/ai-capex-spend-update-2026q3-w2"
  ]
}
[2026-08-20 19:36:33] Blessed merge ok - syncing worker clones from main
[2026-08-20 19:36:40] sync-worker-clones exit=2 on.tsx\nAuto-merging src/types/post.ts\nCONFLICT (content): Merge conflict in src/types/post.ts\nRebasing (1/3)\rRebasing (2/3)\rerror: could not apply 80ce26e... wip(ai-financing-update-2026q3): dashboard + viz wireup\nhint: Resolve all conflicts manually, mark them as resolved with\nhint: \"git add/rm <conflicted_files>\", then run \"git rebase --continue\".\nhint: You can instead skip this commit: run \"git rebase --skip\".\nhint: To abort and get back to the state before \"git rebase\", run \"git rebase --abort\".\nhint: Disable this message with \"git config set advice.mergeConflict false\"\nCould not apply 80ce26e... # wip(ai-financing-update-2026q3): dashboard + viz wireup"
    },
    {
      "id": 4,
      "path": "C:\\Users\\ether\\AppData\\Local\\data-insights-blog-workers\\worker-4",
      "ok": true,
      "action": "fetch-only-dirty",
      "detail": "in-progress clone has local changes; rebase deferred"
    },
    {
      "id": 5,
      "path": "C:\\Users\\ether\\AppData\\Local\\data-insights-blog-workers\\worker-5",
      "ok": true,
      "action": "fetch-only-dirty",
      "detail": "in-progress clone has local changes; rebase deferred"
    }
  ]
}
[2026-08-20 19:36:40] Shipped: ai-capex-spend-update-2026q3 | duration_sec=473
[2026-08-20 19:36:40] Closed branch(es) after merge: post/ai-capex-spend-update-2026q3-w2
[2026-08-20 19:37:53] Merging ready job job-mt253kqc-5sdhl (ai-power-grid-update-2026) from post/ai-power-grid-update-2026-w1
[2026-08-20 19:37:53] Defer merge of ai-power-grid-update-2026 - worker 1 still finishing this job
[2026-08-20 19:38:17] Assigning job job-mt25vgx8-kswvs -> worker 1
[2026-08-20 19:38:17] Spawned worker 1 shell pid=7696 for job-mt25vgx8-kswvs (attempt 1)
[2026-08-20 19:38:22] Merging ready job job-mt253kqc-5sdhl (ai-power-grid-update-2026) from post/ai-power-grid-update-2026-w1
[2026-08-20 19:38:22] Blessing ai-power-grid-update-2026 (post/ai-power-grid-update-2026-w1) - pausing other workers
[2026-08-20 19:38:38] merge-ready-job exit=0
[2026-08-20 19:38:38] merge-ready-job out: {
  "ok": true,
  "shipped": true,
  "branchDeleted": true,
  "deletedBranches": [
    "post/ai-power-grid-update-2026-w1"
  ],
  "log": [
    "merge start slug=ai-power-grid-update-2026 branch=post/ai-power-grid-update-2026-w1",
    "worktree: using existing branch tip",
    "fetched post/ai-power-grid-update-2026-w1 from worker clone C:\\Users\\ether\\AppData\\Local\\data-insights-blog-workers\\worker-1",
    "branch commits ahead of HEAD: 4",
    "post allowlist on branch: 22 files",
    "post files differing from HEAD: 0",
    "no stash (dirty-nonblocking)",
    "selective commit ok (9 files): public/images/energy-ai-power-grid-update-2026-hero.png, scripts/qa-ai-power-grid-update-2026.mjs, scripts/smoke-test-viz-posts.mjs, src/components/PostVisualization.tsx, src/components/visualizations/AiPowerGridUpdateDashboard.tsx, src/data/ai-power-grid-update-2026-data.ts, src/data/posts.ts, src/data/theme-registry.ts",
    "closed shipped branch(es): post/ai-power-grid-update-2026-w1"
  ]
}
[2026-08-20 19:38:38] Blessed merge ok - syncing worker clones from main
[2026-08-20 19:39:00] sync-worker-clones exit=2  rebase\", run \"git rebase --abort\".\nhint: Disable this message with \"git config set advice.mergeConflict false\"\nCould not apply f43d1ca... # wip(industrial-robotics-u"
    },
    {
      "id": 5,
      "path": "C:\\Users\\ether\\AppData\\Local\\data-insights-blog-workers\\worker-5",
      "ok": false,
      "action": "rebase_conflict",
      "detail": "Auto-merging src/components/PostVisualization.tsx\nCONFLICT (content): Merge conflict in src/components/PostVisualization.tsx\nAuto-merging src/data/theme-registry.ts\nAuto-merging src/types/post.ts\nRebasing (1/3)\rRebasing (2/3)\rerror: could not apply 916d818... wip(consumer-finance-markets-update-2026q3): dashboard + viz wireup\nhint: Resolve all conflicts manually, mark them as resolved with\nhint: \"git add/rm <conflicted_files>\", then run \"git rebase --continue\".\nhint: You can instead skip this commit: run \"git rebase --skip\".\nhint: To abort and get back to the state before \"git rebase\", run \"git rebase --abort\".\nhint: Disable this message with \"git config set advice.mergeConflict false\"\nCould not apply 916d818... # wip(consumer-finance-markets-update-2026q3): dashboard + viz wireup"
    }
  ]
}
[2026-08-20 19:39:01] Shipped: ai-power-grid-update-2026 | duration_sec=1344
[2026-08-20 19:39:01] Closed branch(es) after merge: post/ai-power-grid-update-2026-w1
[2026-08-20 19:41:01] Merging ready job job-mt25eouf-vofgo (industrial-robotics-update-2026q3) from post/industrial-robotics-update-2026q3-w4
[2026-08-20 19:41:02] Defer merge of industrial-robotics-update-2026q3 - worker 4 still finishing this job
[2026-08-20 19:41:25] Assigning job job-mt25zhtd-jit9s -> worker 4
[2026-08-20 19:41:26] Spawned worker 4 shell pid=18400 for job-mt25zhtd-jit9s (attempt 1)
[2026-08-20 19:41:31] Merging ready job job-mt25m9u2-on1xw (ai-financing-update-2026q3) from post/ai-financing-update-2026q3-w3
[2026-08-20 19:41:31] Defer merge of ai-financing-update-2026q3 - worker 3 still finishing this job
[2026-08-20 19:41:40] Merging ready job job-mt25m9u2-on1xw (ai-financing-update-2026q3) from post/ai-financing-update-2026q3-w3
[2026-08-20 19:41:40] Defer merge of ai-financing-update-2026q3 - worker 3 still finishing this job
[2026-08-20 19:42:03] Assigning job job-mt260bps-nrj8g -> worker 3
[2026-08-20 19:42:04] Spawned worker 3 shell pid=20448 for job-mt260bps-nrj8g (attempt 1)
[2026-08-20 19:42:09] Merging ready job job-mt25m9u2-on1xw (ai-financing-update-2026q3) from post/ai-financing-update-2026q3-w3
[2026-08-20 19:42:09] Blessing ai-financing-update-2026q3 (post/ai-financing-update-2026q3-w3) - pausing other workers
[2026-08-20 19:42:29] merge-ready-job exit=0
[2026-08-20 19:42:29] merge-ready-job out: {
  "ok": true,
  "shipped": true,
  "branchDeleted": true,
  "deletedBranches": [
    "post/ai-financing-update-2026q3-w3"
  ],
  "log": [
    "merge start slug=ai-financing-update-2026q3 branch=post/ai-financing-update-2026q3-w3",
    "worktree: using existing branch tip",
    "fetched post/ai-financing-update-2026q3-w3 from worker clone C:\\Users\\ether\\AppData\\Local\\data-insights-blog-workers\\worker-3",
    "branch commits ahead of HEAD: 5",
    "post allowlist on branch: 22 files",
    "post files differing from HEAD: 0",
    "no stash (dirty-nonblocking)",
    "selective commit ok (9 files): public/images/capital-markets-ai-financing-update-2026q3-hero.png, scripts/qa-ai-financing-update-2026q3.mjs, scripts/smoke-test-viz-posts.mjs, src/components/PostVisualization.tsx, src/components/visualizations/AiFinancingUpdate2026q3Dashboard.tsx, src/data/ai-financing-update-2026q3-data.ts, src/data/posts.ts, src/data/theme-registry.ts",
    "closed shipped branch(es): post/ai-financing-update-2026q3-w3"
  ]
}
[2026-08-20 19:42:29] Blessed merge ok - syncing worker clones from main
[2026-08-20 19:42:42] sync-worker-clones exit=2 \ether\\AppData\\Local\\data-insights-blog-workers\\worker-4",
      "ok": true,
      "action": "rebased post/adaptation-economics-update-2026q3-w4",
      "detail": null
    },
    {
      "id": 5,
      "path": "C:\\Users\\ether\\AppData\\Local\\data-insights-blog-workers\\worker-5",
      "ok": false,
      "action": "rebase_conflict",
      "detail": "Auto-merging src/components/PostVisualization.tsx\nCONFLICT (content): Merge conflict in src/components/PostVisualization.tsx\nAuto-merging src/data/theme-registry.ts\nAuto-merging src/types/post.ts\nRebasing (1/3)\rRebasing (2/3)\rerror: could not apply 916d818... wip(consumer-finance-markets-update-2026q3): dashboard + viz wireup\nhint: Resolve all conflicts manually, mark them as resolved with\nhint: \"git add/rm <conflicted_files>\", then run \"git rebase --continue\".\nhint: You can instead skip this commit: run \"git rebase --skip\".\nhint: To abort and get back to the state before \"git rebase\", run \"git rebase --abort\".\nhint: Disable this message with \"git config set advice.mergeConflict false\"\nCould not apply 916d818... # wip(consumer-finance-markets-update-2026q3): dashboard + viz wireup"
    }
  ]
}
[2026-08-20 19:42:43] Shipped: ai-financing-update-2026q3 | duration_sec=692
[2026-08-20 19:42:43] Closed branch(es) after merge: post/ai-financing-update-2026q3-w3
[2026-08-20 19:42:51] Merging ready job job-mt25eouf-vofgo (industrial-robotics-update-2026q3) from post/industrial-robotics-update-2026q3-w4
[2026-08-20 19:42:52] Blessing industrial-robotics-update-2026q3 (post/industrial-robotics-update-2026q3-w4) - pausing other workers
[2026-08-20 19:43:04] merge-ready-job exit=0
[2026-08-20 19:43:04] merge-ready-job out: {
  "ok": true,
  "shipped": true,
  "branchDeleted": true,
  "deletedBranches": [
    "post/industrial-robotics-update-2026q3-w4"
  ],
  "log": [
    "merge start slug=industrial-robotics-update-2026q3 branch=post/industrial-robotics-update-2026q3-w4",
    "worktree: using existing branch tip",
    "fetched post/industrial-robotics-update-2026q3-w4 from worker clone C:\\Users\\ether\\AppData\\Local\\data-insights-blog-workers\\worker-4",
    "branch commits ahead of HEAD: 4",
    "post allowlist on branch: 22 files",
    "post files differing from HEAD: 0",
    "no stash (dirty-nonblocking)",
    "selective commit ok (9 files): public/images/industry-industrial-robotics-update-2026q3-hero.png, scripts/qa-industrial-robotics-update-2026q3.mjs, scripts/smoke-test-viz-posts.mjs, src/components/PostVisualization.tsx, src/components/visualizations/IndustrialRoboticsUpdate2026q3Dashboard.tsx, src/data/industrial-robotics-update-2026q3-data.ts, src/data/posts.ts, src/data/theme-registry.ts",
    "closed shipped branch(es): post/industrial-robotics-update-2026q3-w4"
  ]
}
[2026-08-20 19:43:04] Blessed merge ok - syncing worker clones from main
[2026-08-20 19:43:12] sync-worker-clones exit=2 \ether\\AppData\\Local\\data-insights-blog-workers\\worker-4",
      "ok": true,
      "action": "rebased post/adaptation-economics-update-2026q3-w4",
      "detail": null
    },
    {
      "id": 5,
      "path": "C:\\Users\\ether\\AppData\\Local\\data-insights-blog-workers\\worker-5",
      "ok": false,
      "action": "rebase_conflict",
      "detail": "Auto-merging src/components/PostVisualization.tsx\nCONFLICT (content): Merge conflict in src/components/PostVisualization.tsx\nAuto-merging src/data/theme-registry.ts\nAuto-merging src/types/post.ts\nRebasing (1/3)\rRebasing (2/3)\rerror: could not apply 916d818... wip(consumer-finance-markets-update-2026q3): dashboard + viz wireup\nhint: Resolve all conflicts manually, mark them as resolved with\nhint: \"git add/rm <conflicted_files>\", then run \"git rebase --continue\".\nhint: You can instead skip this commit: run \"git rebase --skip\".\nhint: To abort and get back to the state before \"git rebase\", run \"git rebase --abort\".\nhint: Disable this message with \"git config set advice.mergeConflict false\"\nCould not apply 916d818... # wip(consumer-finance-markets-update-2026q3): dashboard + viz wireup"
    }
  ]
}
[2026-08-20 19:43:12] Shipped: industrial-robotics-update-2026q3 | duration_sec=1076
[2026-08-20 19:43:12] Closed branch(es) after merge: post/industrial-robotics-update-2026q3-w4
[2026-08-20 19:43:36] W5 idle (no recovery candidate) - assigning producer job-mt262adn-n2wwi (measurement-science-update-2026q3)
[2026-08-20 19:43:36] Assigning job job-mt262adn-n2wwi -> worker 5
[2026-08-20 19:43:36] Spawned worker 5 shell pid=31028 for job-mt262adn-n2wwi (attempt 1)
[2026-08-20 19:43:40] Merging ready job job-mt25otom-e7zmm (consumer-finance-markets-update-2026q3) from post/consumer-finance-markets-update-2026q3-w5
[2026-08-20 19:43:41] Blessing consumer-finance-markets-update-2026q3 (post/consumer-finance-markets-update-2026q3-w5) - pausing other workers
[2026-08-20 19:43:58] merge-ready-job exit=0
[2026-08-20 19:43:58] merge-ready-job out: {
  "ok": true,
  "shipped": true,
  "branchDeleted": true,
  "deletedBranches": [
    "post/consumer-finance-markets-update-2026q3-w5"
  ],
  "log": [
    "merge start slug=consumer-finance-markets-update-2026q3 branch=post/consumer-finance-markets-update-2026q3-w5",
    "worktree: using existing branch tip",
    "fetched post/consumer-finance-markets-update-2026q3-w5 from worker clone C:\\Users\\ether\\AppData\\Local\\data-insights-blog-workers\\worker-5",
    "branch commits ahead of HEAD: 3",
    "post allowlist on branch: 23 files",
    "post files differing from HEAD: 0",
    "no stash (dirty-nonblocking)",
    "selective commit ok (9 files): public/images/consumer-finance-consumer-finance-markets-update-2026q3-hero.png, scripts/qa-consumer-finance-markets-update-2026q3.mjs, scripts/smoke-test-viz-posts.mjs, src/components/PostVisualization.tsx, src/components/visualizations/ConsumerFinanceMarketsUpdate2026q3Dashboard.tsx, src/data/consumer-finance-markets-update-2026q3-data.ts, src/data/posts.ts, src/data/theme-registry.ts",
    "closed shipped branch(es): post/consumer-finance-markets-update-2026q3-w5"
  ]
}
[2026-08-20 19:43:58] Blessed merge ok - syncing worker clones from main
[2026-08-20 19:44:07] sync-worker-clones exit=2  + viz wireup\nhint: Resolve all conflicts manually, mark them as resolved with\nhint: \"git add/rm <conflicted_files>\", then run \"git rebase --continue\".\nhint: You can instead skip this commit: run \"git rebase --skip\".\nhint: To abort and get back to the state before \"git rebase\", run \"git rebase --abort\".\nhint: Disable this message with \"git config set advice.mergeConflict false\"\nCould not apply 9b9e716... # wip(heavy-industrial-capacity-research-2026): dashboard + v"
    },
    {
      "id": 3,
      "path": "C:\\Users\\ether\\AppData\\Local\\data-insights-blog-workers\\worker-3",
      "ok": true,
      "action": "rebased post/demographic-cash-flows-update-2026q3-w3",
      "detail": null
    },
    {
      "id": 4,
      "path": "C:\\Users\\ether\\AppData\\Local\\data-insights-blog-workers\\worker-4",
      "ok": true,
      "action": "rebased post/adaptation-economics-update-2026q3-w4",
      "detail": null
    },
    {
      "id": 5,
      "path": "C:\\Users\\ether\\AppData\\Local\\data-insights-blog-workers\\worker-5",
      "ok": true,
      "action": "rebased post/measurement-science-update-2026q3-w5",
      "detail": null
    }
  ]
}
[2026-08-20 19:44:07] Shipped: consumer-finance-markets-update-2026q3 | duration_sec=658
[2026-08-20 19:44:07] Closed branch(es) after merge: post/consumer-finance-markets-update-2026q3-w5
[2026-08-20 19:49:19] Merging ready job job-mt25vgx8-kswvs (chokepoint-commodities-update-2026q3) from post/chokepoint-commodities-update-2026q3-w1
[2026-08-20 19:49:20] Defer merge of chokepoint-commodities-update-2026q3 - worker 1 still finishing this job
[2026-08-20 19:49:41] Assigning job job-mt26a5h9-63px7 -> worker 1
[2026-08-20 19:49:42] Spawned worker 1 shell pid=32456 for job-mt26a5h9-63px7 (attempt 1)
[2026-08-20 19:49:46] Merging ready job job-mt25vgx8-kswvs (chokepoint-commodities-update-2026q3) from post/chokepoint-commodities-update-2026q3-w1
[2026-08-20 19:49:46] Blessing chokepoint-commodities-update-2026q3 (post/chokepoint-commodities-update-2026q3-w1) - pausing other workers
[2026-08-20 19:50:04] merge-ready-job exit=0
[2026-08-20 19:50:04] merge-ready-job out: {
  "ok": true,
  "shipped": true,
  "branchDeleted": true,
  "deletedBranches": [
    "post/chokepoint-commodities-update-2026q3-w1"
  ],
  "log": [
    "merge start slug=chokepoint-commodities-update-2026q3 branch=post/chokepoint-commodities-update-2026q3-w1",
    "worktree: using existing branch tip",
    "fetched post/chokepoint-commodities-update-2026q3-w1 from worker clone C:\\Users\\ether\\AppData\\Local\\data-insights-blog-workers\\worker-1",
    "branch commits ahead of HEAD: 4",
    "post allowlist on branch: 22 files",
    "post files differing from HEAD: 0",
    "no stash (dirty-nonblocking)",
    "selective commit ok (9 files): public/images/global-systems-chokepoint-commodities-update-2026q3-hero.png, scripts/qa-chokepoint-commodities-update-2026q3.mjs, scripts/smoke-test-viz-posts.mjs, src/components/PostVisualization.tsx, src/components/visualizations/ChokepointCommoditiesUpdate2026q3Dashboard.tsx, src/data/chokepoint-commodities-update-2026q3-data.ts, src/data/posts.ts, src/data/theme-registry.ts",
    "closed shipped branch(es): post/chokepoint-commodities-update-2026q3-w1"
  ]
}
[2026-08-20 19:50:04] Blessed merge ok - syncing worker clones from main
[2026-08-20 19:50:11] sync-worker-clones exit=2 ta-insights-blog-workers\\worker-4",
      "ok": true,
      "action": "fetch-only-dirty",
      "detail": "in-progress clone has local changes; rebase deferred"
    },
    {
      "id": 5,
      "path": "C:\\Users\\ether\\AppData\\Local\\data-insights-blog-workers\\worker-5",
      "ok": false,
      "action": "rebase_conflict",
      "detail": "Auto-merging src/components/PostVisualization.tsx\nCONFLICT (content): Merge conflict in src/components/PostVisualization.tsx\nAuto-merging src/data/theme-registry.ts\nAuto-merging src/types/post.ts\nCONFLICT (content): Merge conflict in src/types/post.ts\nRebasing (1/3)\rRebasing (2/3)\rerror: could not apply 5e42869... wip(measurement-science-update-2026q3): dashboard + viz wireup\nhint: Resolve all conflicts manually, mark them as resolved with\nhint: \"git add/rm <conflicted_files>\", then run \"git rebase --continue\".\nhint: You can instead skip this commit: run \"git rebase --skip\".\nhint: To abort and get back to the state before \"git rebase\", run \"git rebase --abort\".\nhint: Disable this message with \"git config set advice.mergeConflict false\"\nCould not apply 5e42869... # wip(measurement-science-u"
    }
  ]
}
[2026-08-20 19:50:11] Shipped: chokepoint-commodities-update-2026q3 | duration_sec=710
[2026-08-20 19:50:11] Closed branch(es) after merge: post/chokepoint-commodities-update-2026q3-w1
[2026-08-20 19:50:40] Merging ready job job-mt25su8e-z96ge (heavy-industrial-capacity-research-2026) from post/heavy-industrial-capacity-research-2026-w2
[2026-08-20 19:50:41] Defer merge of heavy-industrial-capacity-research-2026 - worker 2 still finishing this job
[2026-08-20 19:51:02] Assigning job job-mt26bvvp-36ck2 -> worker 2
[2026-08-20 19:51:03] Spawned worker 2 shell pid=2332 for job-mt26bvvp-36ck2 (attempt 1)
[2026-08-20 19:51:07] Merging ready job job-mt260bps-nrj8g (demographic-cash-flows-update-2026q3) from post/demographic-cash-flows-update-2026q3-w3
[2026-08-20 19:51:08] Defer merge of demographic-cash-flows-update-2026q3 - worker 3 still finishing this job
[2026-08-20 19:51:15] Merging ready job job-mt260bps-nrj8g (demographic-cash-flows-update-2026q3) from post/demographic-cash-flows-update-2026q3-w3
[2026-08-20 19:51:15] Defer merge of demographic-cash-flows-update-2026q3 - worker 3 still finishing this job
[2026-08-20 19:51:37] Assigning job job-mt26cmid-c3vmd -> worker 3
[2026-08-20 19:51:38] Spawned worker 3 shell pid=20896 for job-mt26cmid-c3vmd (attempt 1)
[2026-08-20 19:51:42] Merging ready job job-mt260bps-nrj8g (demographic-cash-flows-update-2026q3) from post/demographic-cash-flows-update-2026q3-w3
[2026-08-20 19:51:42] Blessing demographic-cash-flows-update-2026q3 (post/demographic-cash-flows-update-2026q3-w3) - pausing other workers
[2026-08-20 19:51:54] merge-ready-job exit=0
[2026-08-20 19:51:54] merge-ready-job out: {
  "ok": true,
  "shipped": true,
  "branchDeleted": true,
  "deletedBranches": [
    "post/demographic-cash-flows-update-2026q3-w3"
  ],
  "log": [
    "merge start slug=demographic-cash-flows-update-2026q3 branch=post/demographic-cash-flows-update-2026q3-w3",
    "worktree: using existing branch tip",
    "fetched post/demographic-cash-flows-update-2026q3-w3 from worker clone C:\\Users\\ether\\AppData\\Local\\data-insights-blog-workers\\worker-3",
    "branch commits ahead of HEAD: 4",
    "post allowlist on branch: 22 files",
    "post files differing from HEAD: 0",
    "no stash (dirty-nonblocking)",
    "selective commit ok (9 files): public/images/global-systems-demographic-cash-flows-update-2026q3-hero.png, scripts/qa-demographic-cash-flows-update-2026q3.mjs, scripts/smoke-test-viz-posts.mjs, src/components/PostVisualization.tsx, src/components/visualizations/DemographicCashFlowsUpdate2026q3Dashboard.tsx, src/data/demographic-cash-flows-update-2026q3-data.ts, src/data/posts.ts, src/data/theme-registry.ts",
    "closed shipped branch(es): post/demographic-cash-flows-update-2026q3-w3"
  ]
}
[2026-08-20 19:51:54] Blessed merge ok - syncing worker clones from main
[2026-08-20 19:52:01] sync-worker-clones exit=2 t: Disable this message with \"git config set advice.mergeConflict false\"\nCould not apply 906397d... # wip(adaptation-economics-update-2026q3): post prose + hero"
    },
    {
      "id": 5,
      "path": "C:\\Users\\ether\\AppData\\Local\\data-insights-blog-workers\\worker-5",
      "ok": false,
      "action": "rebase_conflict",
      "detail": "Auto-merging src/components/PostVisualization.tsx\nCONFLICT (content): Merge conflict in src/components/PostVisualization.tsx\nAuto-merging src/data/theme-registry.ts\nAuto-merging src/types/post.ts\nCONFLICT (content): Merge conflict in src/types/post.ts\nRebasing (1/3)\rRebasing (2/3)\rerror: could not apply 5e42869... wip(measurement-science-update-2026q3): dashboard + viz wireup\nhint: Resolve all conflicts manually, mark them as resolved with\nhint: \"git add/rm <conflicted_files>\", then run \"git rebase --continue\".\nhint: You can instead skip this commit: run \"git rebase --skip\".\nhint: To abort and get back to the state before \"git rebase\", run \"git rebase --abort\".\nhint: Disable this message with \"git config set advice.mergeConflict false\"\nCould not apply 5e42869... # wip(measurement-science-u"
    }
  ]
}
[2026-08-20 19:52:02] Shipped: demographic-cash-flows-update-2026q3 | duration_sec=594
[2026-08-20 19:52:02] Closed branch(es) after merge: post/demographic-cash-flows-update-2026q3-w3
[2026-08-20 19:52:09] Merging ready job job-mt25su8e-z96ge (heavy-industrial-capacity-research-2026) from post/heavy-industrial-capacity-research-2026-w2
[2026-08-20 19:52:09] Blessing heavy-industrial-capacity-research-2026 (post/heavy-industrial-capacity-research-2026-w2) - pausing other workers
[2026-08-20 19:52:21] merge-ready-job exit=0
[2026-08-20 19:52:21] merge-ready-job out: {
  "ok": true,
  "shipped": true,
  "branchDeleted": true,
  "deletedBranches": [
    "post/heavy-industrial-capacity-research-2026-w2"
  ],
  "log": [
    "merge start slug=heavy-industrial-capacity-research-2026 branch=post/heavy-industrial-capacity-research-2026-w2",
    "worktree: using existing branch tip",
    "fetched post/heavy-industrial-capacity-research-2026-w2 from worker clone C:\\Users\\ether\\AppData\\Local\\data-insights-blog-workers\\worker-2",
    "branch commits ahead of HEAD: 5",
    "post allowlist on branch: 14 files",
    "post files differing from HEAD: 0",
    "no stash (dirty-nonblocking)",
    "selective commit ok (9 files): public/images/industry-heavy-industrial-capacity-research-2026-hero.png, scripts/qa-heavy-industrial-capacity-research-2026.mjs, scripts/smoke-test-viz-posts.mjs, src/components/PostVisualization.tsx, src/components/visualizations/HeavyIndustrialCapacityResearch2026Dashboard.tsx, src/data/heavy-industrial-capacity-research-2026-data.ts, src/data/posts.ts, src/data/theme-registry.ts",
    "closed shipped branch(es): post/heavy-industrial-capacity-research-2026-w2"
  ]
}
[2026-08-20 19:52:21] Blessed merge ok - syncing worker clones from main
[2026-08-20 19:52:27] sync-worker-clones exit=2 t: Disable this message with \"git config set advice.mergeConflict false\"\nCould not apply 906397d... # wip(adaptation-economics-update-2026q3): post prose + hero"
    },
    {
      "id": 5,
      "path": "C:\\Users\\ether\\AppData\\Local\\data-insights-blog-workers\\worker-5",
      "ok": false,
      "action": "rebase_conflict",
      "detail": "Auto-merging src/components/PostVisualization.tsx\nCONFLICT (content): Merge conflict in src/components/PostVisualization.tsx\nAuto-merging src/data/theme-registry.ts\nAuto-merging src/types/post.ts\nCONFLICT (content): Merge conflict in src/types/post.ts\nRebasing (1/3)\rRebasing (2/3)\rerror: could not apply 5e42869... wip(measurement-science-update-2026q3): dashboard + viz wireup\nhint: Resolve all conflicts manually, mark them as resolved with\nhint: \"git add/rm <conflicted_files>\", then run \"git rebase --continue\".\nhint: You can instead skip this commit: run \"git rebase --skip\".\nhint: To abort and get back to the state before \"git rebase\", run \"git rebase --abort\".\nhint: Disable this message with \"git config set advice.mergeConflict false\"\nCould not apply 5e42869... # wip(measurement-science-u"
    }
  ]
}
[2026-08-20 19:52:27] Shipped: heavy-industrial-capacity-research-2026 | duration_sec=971
[2026-08-20 19:52:27] Closed branch(es) after merge: post/heavy-industrial-capacity-research-2026-w2
[2026-08-20 19:52:49] Merging ready job job-mt262adn-n2wwi (measurement-science-update-2026q3) from post/measurement-science-update-2026q3-w5
[2026-08-20 19:52:50] Defer merge of measurement-science-update-2026q3 - worker 5 still finishing this job
[2026-08-20 19:53:12] W5 idle (no recovery candidate) - assigning producer job-mt26enhx-ep9cb (energy-systems-update-2026q3)
[2026-08-20 19:53:12] Assigning job job-mt26enhx-ep9cb -> worker 5
[2026-08-20 19:53:12] Spawned worker 5 shell pid=22260 for job-mt26enhx-ep9cb (attempt 1)
[2026-08-20 19:53:17] Merging ready job job-mt262adn-n2wwi (measurement-science-update-2026q3) from post/measurement-science-update-2026q3-w5
[2026-08-20 19:53:17] Blessing measurement-science-update-2026q3 (post/measurement-science-update-2026q3-w5) - pausing other workers
[2026-08-20 19:53:30] merge-ready-job exit=0
[2026-08-20 19:53:30] merge-ready-job out: {
  "ok": true,
  "shipped": true,
  "branchDeleted": true,
  "deletedBranches": [
    "post/measurement-science-update-2026q3-w5"
  ],
  "log": [
    "merge start slug=measurement-science-update-2026q3 branch=post/measurement-science-update-2026q3-w5",
    "worktree: using existing branch tip",
    "fetched post/measurement-science-update-2026q3-w5 from worker clone C:\\Users\\ether\\AppData\\Local\\data-insights-blog-workers\\worker-5",
    "branch commits ahead of HEAD: 3",
    "post allowlist on branch: 21 files",
    "post files differing from HEAD: 0",
    "no stash (dirty-nonblocking)",
    "selective commit ok (9 files): public/images/global-systems-measurement-science-update-2026q3-hero.png, scripts/qa-measurement-science-update-2026q3.mjs, scripts/smoke-test-viz-posts.mjs, src/components/PostVisualization.tsx, src/components/visualizations/MeasurementScienceUpdate2026q3Dashboard.tsx, src/data/measurement-science-update-2026q3-data.ts, src/data/posts.ts, src/data/theme-registry.ts",
    "closed shipped branch(es): post/measurement-science-update-2026q3-w5"
  ]
}
[2026-08-20 19:53:30] Blessed merge ok - syncing worker clones from main
[2026-08-20 19:53:36] sync-worker-clones exit=2 "detail": null
    },
    {
      "id": 4,
      "path": "C:\\Users\\ether\\AppData\\Local\\data-insights-blog-workers\\worker-4",
      "ok": false,
      "action": "rebase_conflict",
      "detail": "Auto-merging scripts/smoke-test-viz-posts.mjs\nAuto-merging src/data/posts.ts\nCONFLICT (content): Merge conflict in src/data/posts.ts\nRebasing (1/5)\rRebasing (2/5)\rRebasing (3/5)\rerror: could not apply 906397d... wip(adaptation-economics-update-2026q3): post prose + hero\nhint: Resolve all conflicts manually, mark them as resolved with\nhint: \"git add/rm <conflicted_files>\", then run \"git rebase --continue\".\nhint: You can instead skip this commit: run \"git rebase --skip\".\nhint: To abort and get back to the state before \"git rebase\", run \"git rebase --abort\".\nhint: Disable this message with \"git config set advice.mergeConflict false\"\nCould not apply 906397d... # wip(adaptation-economics-update-2026q3): post prose + hero"
    },
    {
      "id": 5,
      "path": "C:\\Users\\ether\\AppData\\Local\\data-insights-blog-workers\\worker-5",
      "ok": true,
      "action": "rebased post/energy-systems-update-2026q3-w5",
      "detail": null
    }
  ]
}
[2026-08-20 19:53:37] Shipped: measurement-science-update-2026q3 | duration_sec=597
[2026-08-20 19:53:37] Closed branch(es) after merge: post/measurement-science-update-2026q3-w5
[2026-08-20 19:55:09] Merging ready job job-mt25zhtd-jit9s (adaptation-economics-update-2026q3) from post/adaptation-economics-update-2026q3-w4
[2026-08-20 19:55:09] Defer merge of adaptation-economics-update-2026q3 - worker 4 still finishing this job
[2026-08-20 19:55:31] Assigning job job-mt26hn4k-djgbr -> worker 4
[2026-08-20 19:55:31] Spawned worker 4 shell pid=1292 for job-mt26hn4k-djgbr (attempt 1)
[2026-08-20 19:55:36] Merging ready job job-mt25zhtd-jit9s (adaptation-economics-update-2026q3) from post/adaptation-economics-update-2026q3-w4
[2026-08-20 19:55:36] Blessing adaptation-economics-update-2026q3 (post/adaptation-economics-update-2026q3-w4) - pausing other workers
[2026-08-20 19:55:46] merge-ready-job exit=0
[2026-08-20 19:55:46] merge-ready-job out: {
  "ok": true,
  "shipped": true,
  "branchDeleted": true,
  "deletedBranches": [
    "post/adaptation-economics-update-2026q3-w4"
  ],
  "log": [
    "merge start slug=adaptation-economics-update-2026q3 branch=post/adaptation-economics-update-2026q3-w4",
    "worktree: using existing branch tip",
    "fetched post/adaptation-economics-update-2026q3-w4 from worker clone C:\\Users\\ether\\AppData\\Local\\data-insights-blog-workers\\worker-4",
    "branch commits ahead of HEAD: 1",
    "post allowlist on branch: 22 files",
    "post files differing from HEAD: 0",
    "no stash (dirty-nonblocking)",
    "selective commit ok (9 files): public/images/energy-adaptation-economics-update-2026q3-hero.png, scripts/qa-adaptation-economics-update-2026q3.mjs, scripts/smoke-test-viz-posts.mjs, src/components/PostVisualization.tsx, src/components/visualizations/AdaptationEconomicsUpdate2026q3Dashboard.tsx, src/data/adaptation-economics-update-2026q3-data.ts, src/data/posts.ts, src/data/theme-registry.ts",
    "closed shipped branch(es): post/adaptation-economics-update-2026q3-w4"
  ]
}
[2026-08-20 19:55:46] Blessed merge ok - syncing worker clones from main
[2026-08-20 19:55:51] sync-worker-clones exit=2 back to the state before \"git rebase\", run \"git rebase --abort\".\nhint: Disable this message with \"git config set advice.mergeConflict false\"\nCould not apply c43c040... # wip(geopolitics-institutions-update-202608): post prose + hero"
    },
    {
      "id": 2,
      "path": "C:\\Users\\ether\\AppData\\Local\\data-insights-blog-workers\\worker-2",
      "ok": true,
      "action": "rebased post/fiscal-industrial-policy-update-202608-w2",
      "detail": null
    },
    {
      "id": 3,
      "path": "C:\\Users\\ether\\AppData\\Local\\data-insights-blog-workers\\worker-3",
      "ok": true,
      "action": "fetch-only-dirty",
      "detail": "in-progress clone has local changes; rebase deferred"
    },
    {
      "id": 4,
      "path": "C:\\Users\\ether\\AppData\\Local\\data-insights-blog-workers\\worker-4",
      "ok": true,
      "action": "rebased post/chokepoint-commodities-update-202608-w4",
      "detail": null
    },
    {
      "id": 5,
      "path": "C:\\Users\\ether\\AppData\\Local\\data-insights-blog-workers\\worker-5",
      "ok": true,
      "action": "rebased post/energy-systems-update-2026q3-w5",
      "detail": null
    }
  ]
}
[2026-08-20 19:55:52] Shipped: adaptation-economics-update-2026q3 | duration_sec=861
[2026-08-20 19:55:52] Closed branch(es) after merge: post/adaptation-economics-update-2026q3-w4
[2026-08-20 20:02:42] Merging ready job job-mt26cmid-c3vmd (industrial-robotics-update-202608) from post/industrial-robotics-update-202608-w3
[2026-08-20 20:02:42] Defer merge of industrial-robotics-update-202608 - worker 3 still finishing this job
[2026-08-20 20:03:07] Merging ready job job-mt26cmid-c3vmd (industrial-robotics-update-202608) from post/industrial-robotics-update-202608-w3
[2026-08-20 20:03:07] Blessing industrial-robotics-update-202608 (post/industrial-robotics-update-202608-w3) - pausing other workers
[2026-08-20 20:03:28] merge-ready-job exit=0
[2026-08-20 20:03:28] merge-ready-job out: {
  "ok": true,
  "shipped": true,
  "branchDeleted": true,
  "deletedBranches": [
    "post/industrial-robotics-update-202608-w3"
  ],
  "log": [
    "merge start slug=industrial-robotics-update-202608 branch=post/industrial-robotics-update-202608-w3",
    "worktree: using existing branch tip",
    "fetched post/industrial-robotics-update-202608-w3 from worker clone C:\\Users\\ether\\AppData\\Local\\data-insights-blog-workers\\worker-3",
    "branch commits ahead of HEAD: 3",
    "post allowlist on branch: 26 files",
    "post files differing from HEAD: 0",
    "no stash (dirty-nonblocking)",
    "selective commit ok (9 files): public/images/industry-industrial-robotics-update-202608-hero.png, scripts/qa-industrial-robotics-update-202608.mjs, scripts/smoke-test-viz-posts.mjs, src/components/PostVisualization.tsx, src/components/visualizations/IndustrialRoboticsUpdate202608Dashboard.tsx, src/data/industrial-robotics-update-202608-data.ts, src/data/posts.ts, src/data/theme-registry.ts",
    "closed shipped branch(es): post/industrial-robotics-update-202608-w3"
  ]
}
[2026-08-20 20:03:28] Blessed merge ok - syncing worker clones from main
[2026-08-20 20:03:46] sync-worker-clones exit=2 git rebase --abort\".\nhint: Disable this message with \"git config set advice.mergeConflict false\"\nCould not apply 7911f18... # wip(chokepoint-commodities-updat"
    },
    {
      "id": 5,
      "path": "C:\\Users\\ether\\AppData\\Local\\data-insights-blog-workers\\worker-5",
      "ok": false,
      "action": "rebase_conflict",
      "detail": "Auto-merging src/components/PostVisualization.tsx\nCONFLICT (content): Merge conflict in src/components/PostVisualization.tsx\nAuto-merging src/data/theme-registry.ts\nAuto-merging src/types/post.ts\nCONFLICT (content): Merge conflict in src/types/post.ts\nRebasing (1/4)\rRebasing (2/4)\rerror: could not apply 4f8f5b0... wip(energy-systems-update-2026q3): dashboard + viz wireup\nhint: Resolve all conflicts manually, mark them as resolved with\nhint: \"git add/rm <conflicted_files>\", then run \"git rebase --continue\".\nhint: You can instead skip this commit: run \"git rebase --skip\".\nhint: To abort and get back to the state before \"git rebase\", run \"git rebase --abort\".\nhint: Disable this message with \"git config set advice.mergeConflict false\"\nCould not apply 4f8f5b0... # wip(energy-systems-update-2026"
    }
  ]
}
[2026-08-20 20:03:48] Shipped: industrial-robotics-update-202608 | duration_sec=728
[2026-08-20 20:03:48] Closed branch(es) after merge: post/industrial-robotics-update-202608-w3
[2026-08-20 20:03:59] Assigning job job-mt26sinu-tcc2t -> worker 3
[2026-08-20 20:04:01] Spawned worker 3 shell pid=29964 for job-mt26sinu-tcc2t (attempt 1)
[2026-08-20 20:04:06] Merging ready job job-mt26enhx-ep9cb (energy-systems-update-2026q3) from post/energy-systems-update-2026q3-w5
[2026-08-20 20:04:06] Defer merge of energy-systems-update-2026q3 - worker 5 still finishing this job
[2026-08-20 20:04:17] Merging ready job job-mt26enhx-ep9cb (energy-systems-update-2026q3) from post/energy-systems-update-2026q3-w5
[2026-08-20 20:04:18] Defer merge of energy-systems-update-2026q3 - worker 5 still finishing this job
[2026-08-20 20:04:43] Merging ready job job-mt26enhx-ep9cb (energy-systems-update-2026q3) from post/energy-systems-update-2026q3-w5
[2026-08-20 20:04:43] Defer merge of energy-systems-update-2026q3 - worker 5 still finishing this job
[2026-08-20 20:05:10] W5 idle (no recovery candidate) - assigning producer job-mt26u06v-n1rqr (adaptation-economics-update-202608)
[2026-08-20 20:05:10] Assigning job job-mt26u06v-n1rqr -> worker 5
[2026-08-20 20:05:11] Spawned worker 5 shell pid=30184 for job-mt26u06v-n1rqr (attempt 1)
[2026-08-20 20:05:16] Merging ready job job-mt26enhx-ep9cb (energy-systems-update-2026q3) from post/energy-systems-update-2026q3-w5
[2026-08-20 20:05:16] Blessing energy-systems-update-2026q3 (post/energy-systems-update-2026q3-w5) - pausing other workers
[2026-08-20 20:05:39] merge-ready-job exit=0
[2026-08-20 20:05:39] merge-ready-job out: {
  "ok": true,
  "shipped": true,
  "branchDeleted": true,
  "deletedBranches": [
    "post/energy-systems-update-2026q3-w5"
  ],
  "log": [
    "merge start slug=energy-systems-update-2026q3 branch=post/energy-systems-update-2026q3-w5",
    "worktree: using existing branch tip",
    "fetched post/energy-systems-update-2026q3-w5 from worker clone C:\\Users\\ether\\AppData\\Local\\data-insights-blog-workers\\worker-5",
    "branch commits ahead of HEAD: 4",
    "post allowlist on branch: 22 files",
    "post files differing from HEAD: 0",
    "no stash (dirty-nonblocking)",
    "selective commit ok (9 files): public/images/energy-energy-systems-update-2026q3-hero.png, scripts/qa-energy-systems-update-2026q3.mjs, scripts/smoke-test-viz-posts.mjs, src/components/PostVisualization.tsx, src/components/visualizations/EnergySystemsUpdate2026q3Dashboard.tsx, src/data/energy-systems-update-2026q3-data.ts, src/data/posts.ts, src/data/theme-registry.ts",
    "closed shipped branch(es): post/energy-systems-update-2026q3-w5"
  ]
}
[2026-08-20 20:05:39] Blessed merge ok - syncing worker clones from main
[2026-08-20 20:05:55] sync-worker-clones exit=2 pData\\Local\\data-insights-blog-workers\\worker-4",
      "ok": false,
      "action": "rebase_conflict",
      "detail": "Auto-merging src/components/PostVisualization.tsx\nAuto-merging src/data/theme-registry.ts\nCONFLICT (content): Merge conflict in src/data/theme-registry.ts\nAuto-merging src/types/post.ts\nCONFLICT (content): Merge conflict in src/types/post.ts\nRebasing (1/4)\rRebasing (2/4)\rerror: could not apply 7911f18... wip(chokepoint-commodities-update-202608): dashboard + viz wireup\nhint: Resolve all conflicts manually, mark them as resolved with\nhint: \"git add/rm <conflicted_files>\", then run \"git rebase --continue\".\nhint: You can instead skip this commit: run \"git rebase --skip\".\nhint: To abort and get back to the state before \"git rebase\", run \"git rebase --abort\".\nhint: Disable this message with \"git config set advice.mergeConflict false\"\nCould not apply 7911f18... # wip(chokepoint-commodities-updat"
    },
    {
      "id": 5,
      "path": "C:\\Users\\ether\\AppData\\Local\\data-insights-blog-workers\\worker-5",
      "ok": true,
      "action": "rebased post/adaptation-economics-update-202608-w5",
      "detail": null
    }
  ]
}
[2026-08-20 20:05:58] Shipped: energy-systems-update-2026q3 | duration_sec=763
[2026-08-20 20:05:58] Closed branch(es) after merge: post/energy-systems-update-2026q3-w5
[2026-08-20 20:06:32] Merging ready job job-mt26bvvp-36ck2 (fiscal-industrial-policy-update-202608) from post/fiscal-industrial-policy-update-202608-w2
[2026-08-20 20:06:32] Defer merge of fiscal-industrial-policy-update-202608 - worker 2 still finishing this job
[2026-08-20 20:06:57] Merging ready job job-mt26bvvp-36ck2 (fiscal-industrial-policy-update-202608) from post/fiscal-industrial-policy-update-202608-w2
[2026-08-20 20:06:58] Defer merge of fiscal-industrial-policy-update-202608 - worker 2 still finishing this job
[2026-08-20 20:07:23] Assigning job job-mt26wvvw-ifcz2 -> worker 2
[2026-08-20 20:07:24] Spawned worker 2 shell pid=3748 for job-mt26wvvw-ifcz2 (attempt 1)
[2026-08-20 20:07:29] Merging ready job job-mt26bvvp-36ck2 (fiscal-industrial-policy-update-202608) from post/fiscal-industrial-policy-update-202608-w2
[2026-08-20 20:07:30] Blessing fiscal-industrial-policy-update-202608 (post/fiscal-industrial-policy-update-202608-w2) - pausing other workers
[2026-08-20 20:07:47] merge-ready-job exit=0
[2026-08-20 20:07:47] merge-ready-job out: {
  "ok": true,
  "shipped": true,
  "branchDeleted": true,
  "deletedBranches": [
    "post/fiscal-industrial-policy-update-202608-w2"
  ],
  "log": [
    "merge start slug=fiscal-industrial-policy-update-202608 branch=post/fiscal-industrial-policy-update-202608-w2",
    "worktree: using existing branch tip",
    "fetched post/fiscal-industrial-policy-update-202608-w2 from worker clone C:\\Users\\ether\\AppData\\Local\\data-insights-blog-workers\\worker-2",
    "branch commits ahead of HEAD: 3",
    "post allowlist on branch: 26 files",
    "post files differing from HEAD: 0",
    "no stash (dirty-nonblocking)",
    "selective commit ok (9 files): public/images/politics-fiscal-industrial-policy-update-202608-hero.png, scripts/qa-fiscal-industrial-policy-update-202608.mjs, scripts/smoke-test-viz-posts.mjs, src/components/PostVisualization.tsx, src/components/visualizations/FiscalIndustrialPolicyUpdate202608Dashboard.tsx, src/data/fiscal-industrial-policy-update-202608-data.ts, src/data/posts.ts, src/data/theme-registry.ts",
    "closed shipped branch(es): post/fiscal-industrial-policy-update-202608-w2"
  ]
}
[2026-08-20 20:07:47] Blessed merge ok - syncing worker clones from main
[2026-08-20 20:07:56] sync-worker-clones exit=2 pData\\Local\\data-insights-blog-workers\\worker-4",
      "ok": false,
      "action": "rebase_conflict",
      "detail": "Auto-merging src/components/PostVisualization.tsx\nAuto-merging src/data/theme-registry.ts\nCONFLICT (content): Merge conflict in src/data/theme-registry.ts\nAuto-merging src/types/post.ts\nCONFLICT (content): Merge conflict in src/types/post.ts\nRebasing (1/4)\rRebasing (2/4)\rerror: could not apply 7911f18... wip(chokepoint-commodities-update-202608): dashboard + viz wireup\nhint: Resolve all conflicts manually, mark them as resolved with\nhint: \"git add/rm <conflicted_files>\", then run \"git rebase --continue\".\nhint: You can instead skip this commit: run \"git rebase --skip\".\nhint: To abort and get back to the state before \"git rebase\", run \"git rebase --abort\".\nhint: Disable this message with \"git config set advice.mergeConflict false\"\nCould not apply 7911f18... # wip(chokepoint-commodities-updat"
    },
    {
      "id": 5,
      "path": "C:\\Users\\ether\\AppData\\Local\\data-insights-blog-workers\\worker-5",
      "ok": true,
      "action": "rebased post/adaptation-economics-update-202608-w5",
      "detail": null
    }
  ]
}
[2026-08-20 20:07:57] Shipped: fiscal-industrial-policy-update-202608 | duration_sec=1011
[2026-08-20 20:07:57] Closed branch(es) after merge: post/fiscal-industrial-policy-update-202608-w2
[2026-08-20 20:08:04] Assigning job job-mt26xsgx-6idoc -> worker 1
[2026-08-20 20:08:04] Spawned worker 1 shell pid=10392 for job-mt26xsgx-6idoc (attempt 1)
[2026-08-20 20:08:09] Merging ready job job-mt26a5h9-63px7 (geopolitics-institutions-update-202608) from post/geopolitics-institutions-update-202608-w1
[2026-08-20 20:08:09] Blessing geopolitics-institutions-update-202608 (post/geopolitics-institutions-update-202608-w1) - pausing other workers
[2026-08-20 20:08:22] merge-ready-job exit=0
[2026-08-20 20:08:22] merge-ready-job out: {
  "ok": true,
  "shipped": true,
  "branchDeleted": true,
  "deletedBranches": [
    "post/geopolitics-institutions-update-202608-w1"
  ],
  "log": [
    "merge start slug=geopolitics-institutions-update-202608 branch=post/geopolitics-institutions-update-202608-w1",
    "worktree: using existing branch tip",
    "fetched post/geopolitics-institutions-update-202608-w1 from worker clone C:\\Users\\ether\\AppData\\Local\\data-insights-blog-workers\\worker-1",
    "branch commits ahead of HEAD: 5",
    "post allowlist on branch: 26 files",
    "post files differing from HEAD: 0",
    "no stash (dirty-nonblocking)",
    "selective commit ok (9 files): public/images/politics-geopolitics-institutions-update-202608-hero.png, scripts/qa-geopolitics-institutions-update-202608.mjs, scripts/smoke-test-viz-posts.mjs, src/components/PostVisualization.tsx, src/components/visualizations/GeopoliticsInstitutionsUpdate202608Dashboard.tsx, src/data/geopolitics-institutions-update-202608-data.ts, src/data/posts.ts, src/data/theme-registry.ts",
    "closed shipped branch(es): post/geopolitics-institutions-update-202608-w1"
  ]
}
[2026-08-20 20:08:22] Blessed merge ok - syncing worker clones from main
[2026-08-20 20:08:29] sync-worker-clones exit=2 pData\\Local\\data-insights-blog-workers\\worker-4",
      "ok": false,
      "action": "rebase_conflict",
      "detail": "Auto-merging src/components/PostVisualization.tsx\nAuto-merging src/data/theme-registry.ts\nCONFLICT (content): Merge conflict in src/data/theme-registry.ts\nAuto-merging src/types/post.ts\nCONFLICT (content): Merge conflict in src/types/post.ts\nRebasing (1/4)\rRebasing (2/4)\rerror: could not apply 7911f18... wip(chokepoint-commodities-update-202608): dashboard + viz wireup\nhint: Resolve all conflicts manually, mark them as resolved with\nhint: \"git add/rm <conflicted_files>\", then run \"git rebase --continue\".\nhint: You can instead skip this commit: run \"git rebase --skip\".\nhint: To abort and get back to the state before \"git rebase\", run \"git rebase --abort\".\nhint: Disable this message with \"git config set advice.mergeConflict false\"\nCould not apply 7911f18... # wip(chokepoint-commodities-updat"
    },
    {
      "id": 5,
      "path": "C:\\Users\\ether\\AppData\\Local\\data-insights-blog-workers\\worker-5",
      "ok": true,
      "action": "rebased post/adaptation-economics-update-202608-w5",
      "detail": null
    }
  ]
}
[2026-08-20 20:08:30] Shipped: geopolitics-institutions-update-202608 | duration_sec=1125
[2026-08-20 20:08:30] Closed branch(es) after merge: post/geopolitics-institutions-update-202608-w1
[2026-08-20 20:09:19] Merging ready job job-mt26hn4k-djgbr (chokepoint-commodities-update-202608) from post/chokepoint-commodities-update-202608-w4
[2026-08-20 20:09:19] Defer merge of chokepoint-commodities-update-202608 - worker 4 still finishing this job
[2026-08-20 20:09:41] Assigning job job-mt26zuw2-x2wfp -> worker 4
[2026-08-20 20:09:41] Spawned worker 4 shell pid=30192 for job-mt26zuw2-x2wfp (attempt 1)
[2026-08-20 20:09:46] Merging ready job job-mt26hn4k-djgbr (chokepoint-commodities-update-202608) from post/chokepoint-commodities-update-202608-w4
[2026-08-20 20:09:46] Blessing chokepoint-commodities-update-202608 (post/chokepoint-commodities-update-202608-w4) - pausing other workers
[2026-08-20 20:09:57] merge-ready-job exit=0
[2026-08-20 20:09:57] merge-ready-job out: {
  "ok": true,
  "shipped": true,
  "branchDeleted": true,
  "deletedBranches": [
    "post/chokepoint-commodities-update-202608-w4"
  ],
  "log": [
    "merge start slug=chokepoint-commodities-update-202608 branch=post/chokepoint-commodities-update-202608-w4",
    "worktree: using existing branch tip",
    "fetched post/chokepoint-commodities-update-202608-w4 from worker clone C:\\Users\\ether\\AppData\\Local\\data-insights-blog-workers\\worker-4",
    "branch commits ahead of HEAD: 4",
    "post allowlist on branch: 26 files",
    "post files differing from HEAD: 0",
    "no stash (dirty-nonblocking)",
    "selective commit ok (9 files): public/images/global-systems-chokepoint-commodities-update-202608-hero.png, scripts/qa-chokepoint-commodities-update-202608.mjs, scripts/smoke-test-viz-posts.mjs, src/components/PostVisualization.tsx, src/components/visualizations/ChokepointCommoditiesUpdate202608Dashboard.tsx, src/data/chokepoint-commodities-update-202608-data.ts, src/data/posts.ts, src/data/theme-registry.ts",
    "closed shipped branch(es): post/chokepoint-commodities-update-202608-w4"
  ]
}
[2026-08-20 20:09:57] Blessed merge ok - syncing worker clones from main
[2026-08-20 20:10:03] sync-worker-clones exit=0 -commodities-update-202608-w4",
  "workers": [
    {
      "id": 1,
      "path": "C:\\Users\\ether\\AppData\\Local\\data-insights-blog-workers\\worker-1",
      "ok": true,
      "action": "rebased post/ai-capex-spend-update-202608-w1",
      "detail": null
    },
    {
      "id": 2,
      "path": "C:\\Users\\ether\\AppData\\Local\\data-insights-blog-workers\\worker-2",
      "ok": true,
      "action": "rebased post/demographic-cash-flows-update-202608-w2",
      "detail": null
    },
    {
      "id": 3,
      "path": "C:\\Users\\ether\\AppData\\Local\\data-insights-blog-workers\\worker-3",
      "ok": true,
      "action": "rebased post/ai-compute-demand-update-202608-w3",
      "detail": null
    },
    {
      "id": 4,
      "path": "C:\\Users\\ether\\AppData\\Local\\data-insights-blog-workers\\worker-4",
      "ok": true,
      "action": "rebased post/ai-power-grid-update-2026q3-w4",
      "detail": null
    },
    {
      "id": 5,
      "path": "C:\\Users\\ether\\AppData\\Local\\data-insights-blog-workers\\worker-5",
      "ok": true,
      "action": "rebased post/adaptation-economics-update-202608-w5",
      "detail": null
    }
  ]
}
[2026-08-20 20:10:04] Shipped: chokepoint-commodities-update-202608 | duration_sec=870
[2026-08-20 20:10:04] Closed branch(es) after merge: post/chokepoint-commodities-update-202608-w4
[2026-08-20 20:16:49] Merging ready job job-mt26sinu-tcc2t (ai-compute-demand-update-202608) from post/ai-compute-demand-update-202608-w3
[2026-08-20 20:16:49] Defer merge of ai-compute-demand-update-202608 - worker 3 still finishing this job
[2026-08-20 20:17:13] Merging ready job job-mt26sinu-tcc2t (ai-compute-demand-update-202608) from post/ai-compute-demand-update-202608-w3
[2026-08-20 20:17:13] WARN: orchestrator loop error (continuing): Invalid JSON primitive: .
[2026-08-20 20:17:36] Assigning job job-mt27a0zp-picoq -> worker 3
[2026-08-20 20:17:36] Spawned worker 3 shell pid=5384 for job-mt27a0zp-picoq (attempt 1)
[2026-08-20 20:17:40] WARN: worker 3 pid=5384 exited immediately after spawn (attempt 1)
[2026-08-20 20:17:43] Spawned worker 3 shell pid=24648 for job-mt27a0zp-picoq (attempt 2)
[2026-08-20 20:17:47] WARN: worker 3 pid=24648 exited immediately after spawn (attempt 2)
[2026-08-20 20:17:49] ERROR: worker 3 failed to stay up after spawn retries for job-mt27a0zp-picoq
[2026-08-20 20:17:54] Worker 3 marked busy but process gone - clearing slot (job=job-mt27a0zp-picoq)
[2026-08-20 20:17:55] Assigning job job-mt27agel-vtn96 -> worker 2
[2026-08-20 20:17:56] Spawned worker 2 shell pid=7288 for job-mt27agel-vtn96 (attempt 1)
[2026-08-20 20:18:00] Staggering next agent spawn by 20s (avoid concurrent Cursor connects)
[2026-08-20 20:18:20] Assigning job job-mt27agel-tjdh5 -> worker 3
[2026-08-20 20:18:20] Spawned worker 3 shell pid=16600 for job-mt27agel-tjdh5 (attempt 1)
[2026-08-20 20:19:37] Merging ready job job-mt27agel-ts2ey (ai-capex-spend-update-202608) from post/ai-capex-spend-update-202608-w1
[2026-08-20 20:19:37] Blessing ai-capex-spend-update-202608 (post/ai-capex-spend-update-202608-w1) - pausing other workers
[2026-08-20 20:19:51] merge-ready-job exit=0
[2026-08-20 20:19:51] merge-ready-job out: {
  "ok": true,
  "shipped": true,
  "branchDeleted": true,
  "deletedBranches": [
    "post/ai-capex-spend-update-202608-w1"
  ],
  "log": [
    "merge start slug=ai-capex-spend-update-202608 branch=post/ai-capex-spend-update-202608-w1",
    "worktree: using existing branch tip",
    "fetched post/ai-capex-spend-update-202608-w1 from worker clone C:\\Users\\ether\\AppData\\Local\\data-insights-blog-workers\\worker-1",
    "branch commits ahead of HEAD: 4",
    "post allowlist on branch: 38 files",
    "post files differing from HEAD: 0",
    "no stash (dirty-nonblocking)",
    "selective commit ok (9 files): public/images/capital-markets-ai-capex-spend-update-202608-hero.png, scripts/qa-ai-capex-spend-update-202608.mjs, scripts/smoke-test-viz-posts.mjs, src/components/PostVisualization.tsx, src/components/visualizations/AiCapexSpendUpdate202608Dashboard.tsx, src/data/ai-capex-spend-update-202608-data.ts, src/data/posts.ts, src/data/theme-registry.ts",
    "closed shipped branch(es): post/ai-capex-spend-update-202608-w1"
  ]
}
[2026-08-20 20:19:51] Blessed merge ok - syncing worker clones from main
[2026-08-20 20:20:35] sync-worker-clones exit=2       "action": "rebased post/ai-financing-update-202608-w3",
      "detail": null
    },
    {
      "id": 4,
      "path": "C:\\Users\\ether\\AppData\\Local\\data-insights-blog-workers\\worker-4",
      "ok": false,
      "action": "rebase_conflict",
      "detail": "Auto-merging scripts/smoke-test-viz-posts.mjs\nAuto-merging src/data/posts.ts\nCONFLICT (content): Merge conflict in src/data/posts.ts\nRebasing (1/3)\rRebasing (2/3)\rRebasing (3/3)\rerror: could not apply e7165f9... feat(post): ai-power-grid-update-2026q3\nhint: Resolve all conflicts manually, mark them as resolved with\nhint: \"git add/rm <conflicted_files>\", then run \"git rebase --continue\".\nhint: You can instead skip this commit: run \"git rebase --skip\".\nhint: To abort and get back to the state before \"git rebase\", run \"git rebase --abort\".\nhint: Disable this message with \"git config set advice.mergeConflict false\"\nCould not apply e7165f9... # feat(post): ai-power-grid-update-2026q3"
    },
    {
      "id": 5,
      "path": "C:\\Users\\ether\\AppData\\Local\\data-insights-blog-workers\\worker-5",
      "ok": true,
      "action": "reset-parking",
      "detail": null
    }
  ]
}
[2026-08-20 20:20:35] Shipped: ai-capex-spend-update-202608 | duration_sec=0
[2026-08-20 20:20:35] Closed branch(es) after merge: post/ai-capex-spend-update-202608-w1
[2026-08-20 20:20:41] Assigning job job-mt27e0ni-m95fr -> worker 1
[2026-08-20 20:20:42] Spawned worker 1 shell pid=21220 for job-mt27e0ni-m95fr (attempt 1)
[2026-08-20 20:20:46] Staggering next agent spawn by 20s (avoid concurrent Cursor connects)
[2026-08-20 20:21:06] Assigning job job-mt27e0ni-pul9m -> worker 4
[2026-08-20 20:21:06] Spawned worker 4 shell pid=30840 for job-mt27e0ni-pul9m (attempt 1)
[2026-08-20 20:21:11] W5 idle (no recovery candidate) - assigning producer job-mt27agel-yc2ye (ai-capex-intensity-update-2026q3)
[2026-08-20 20:21:11] Staggering next agent spawn by 20s (avoid concurrent Cursor connects)
[2026-08-20 20:21:31] Assigning job job-mt27agel-yc2ye -> worker 5
[2026-08-20 20:21:31] Spawned worker 5 shell pid=18836 for job-mt27agel-yc2ye (attempt 1)
[2026-08-20 20:21:35] Merging ready job job-mt27cmiu-9g472 (ai-power-grid-update-2026q3) from post/ai-power-grid-update-2026q3-w4
[2026-08-20 20:21:35] Blessing ai-power-grid-update-2026q3 (post/ai-power-grid-update-2026q3-w4) - pausing other workers
[2026-08-20 20:21:45] merge-ready-job exit=0
[2026-08-20 20:21:46] merge-ready-job out: {
  "ok": true,
  "shipped": true,
  "branchDeleted": true,
  "deletedBranches": [
    "post/ai-power-grid-update-2026q3-w4"
  ],
  "log": [
    "merge start slug=ai-power-grid-update-2026q3 branch=post/ai-power-grid-update-2026q3-w4",
    "worktree: using existing branch tip",
    "fetched post/ai-power-grid-update-2026q3-w4 from worker clone C:\\Users\\ether\\AppData\\Local\\data-insights-blog-workers\\worker-4",
    "branch commits ahead of HEAD: 3",
    "post allowlist on branch: 26 files",
    "post files differing from HEAD: 0",
    "no stash (dirty-nonblocking)",
    "selective commit ok (9 files): public/images/energy-ai-power-grid-update-2026q3-hero.png, scripts/qa-ai-power-grid-update-2026q3.mjs, scripts/smoke-test-viz-posts.mjs, src/components/PostVisualization.tsx, src/components/visualizations/AiPowerGridUpdate2026q3Dashboard.tsx, src/data/ai-power-grid-update-2026q3-data.ts, src/data/posts.ts, src/data/theme-registry.ts",
    "closed shipped branch(es): post/ai-power-grid-update-2026q3-w4"
  ]
}
[2026-08-20 20:21:46] Blessed merge ok - syncing worker clones from main
[2026-08-20 20:21:50] sync-worker-clones exit=0 e-2026q3-w4",
  "workers": [
    {
      "id": 1,
      "path": "C:\\Users\\ether\\AppData\\Local\\data-insights-blog-workers\\worker-1",
      "ok": true,
      "action": "rebased post/macro-growth-trade-update-2026q3-w1",
      "detail": null
    },
    {
      "id": 2,
      "path": "C:\\Users\\ether\\AppData\\Local\\data-insights-blog-workers\\worker-2",
      "ok": true,
      "action": "rebased post/ai-supply-chain-update-2026q3-w2",
      "detail": null
    },
    {
      "id": 3,
      "path": "C:\\Users\\ether\\AppData\\Local\\data-insights-blog-workers\\worker-3",
      "ok": true,
      "action": "fetch-only-dirty",
      "detail": "in-progress clone has local changes; rebase deferred"
    },
    {
      "id": 4,
      "path": "C:\\Users\\ether\\AppData\\Local\\data-insights-blog-workers\\worker-4",
      "ok": true,
      "action": "rebased post/ai-compute-demand-update-202608-w4",
      "detail": null
    },
    {
      "id": 5,
      "path": "C:\\Users\\ether\\AppData\\Local\\data-insights-blog-workers\\worker-5",
      "ok": true,
      "action": "rebased post/ai-capex-intensity-update-2026q3-w5",
      "detail": null
    }
  ]
}
[2026-08-20 20:21:50] Shipped: ai-power-grid-update-2026q3 | duration_sec=0
[2026-08-20 20:21:51] Closed branch(es) after merge: post/ai-power-grid-update-2026q3-w4
[2026-08-20 20:21:57] Merging ready job job-mt26u06v-n1rqr (adaptation-economics-update-202608) from post/adaptation-economics-update-202608-w5
[2026-08-20 20:21:57] Blessing adaptation-economics-update-202608 (post/adaptation-economics-update-202608-w5) - pausing other workers
[2026-08-20 20:22:08] merge-ready-job exit=0
[2026-08-20 20:22:08] merge-ready-job out: {
  "ok": true,
  "shipped": true,
  "branchDeleted": true,
  "deletedBranches": [
    "post/adaptation-economics-update-202608-w5"
  ],
  "log": [
    "merge start slug=adaptation-economics-update-202608 branch=post/adaptation-economics-update-202608-w5",
    "worktree: using existing branch tip",
    "fetched post/adaptation-economics-update-202608-w5 from worker clone C:\\Users\\ether\\AppData\\Local\\data-insights-blog-workers\\worker-5",
    "branch commits ahead of HEAD: 4",
    "post allowlist on branch: 26 files",
    "post files differing from HEAD: 0",
    "no stash (dirty-nonblocking)",
    "selective commit ok (9 files): public/images/energy-adaptation-economics-update-202608-hero.png, scripts/qa-adaptation-economics-update-202608.mjs, scripts/smoke-test-viz-posts.mjs, src/components/PostVisualization.tsx, src/components/visualizations/AdaptationEconomicsUpdate202608Dashboard.tsx, src/data/adaptation-economics-update-202608-data.ts, src/data/posts.ts, src/data/theme-registry.ts",
    "closed shipped branch(es): post/adaptation-economics-update-202608-w5"
  ]
}
[2026-08-20 20:22:08] Blessed merge ok - syncing worker clones from main
[2026-08-20 20:22:13] sync-worker-clones exit=0 e-202608-w5",
  "workers": [
    {
      "id": 1,
      "path": "C:\\Users\\ether\\AppData\\Local\\data-insights-blog-workers\\worker-1",
      "ok": true,
      "action": "rebased post/macro-growth-trade-update-2026q3-w1",
      "detail": null
    },
    {
      "id": 2,
      "path": "C:\\Users\\ether\\AppData\\Local\\data-insights-blog-workers\\worker-2",
      "ok": true,
      "action": "rebased post/ai-supply-chain-update-2026q3-w2",
      "detail": null
    },
    {
      "id": 3,
      "path": "C:\\Users\\ether\\AppData\\Local\\data-insights-blog-workers\\worker-3",
      "ok": true,
      "action": "fetch-only-dirty",
      "detail": "in-progress clone has local changes; rebase deferred"
    },
    {
      "id": 4,
      "path": "C:\\Users\\ether\\AppData\\Local\\data-insights-blog-workers\\worker-4",
      "ok": true,
      "action": "rebased post/ai-compute-demand-update-202608-w4",
      "detail": null
    },
    {
      "id": 5,
      "path": "C:\\Users\\ether\\AppData\\Local\\data-insights-blog-workers\\worker-5",
      "ok": true,
      "action": "rebased post/ai-capex-intensity-update-2026q3-w5",
      "detail": null
    }
  ]
}
[2026-08-20 20:22:13] Shipped: adaptation-economics-update-202608 | duration_sec=974
[2026-08-20 20:22:13] Closed branch(es) after merge: post/adaptation-economics-update-202608-w5
[2026-08-20 20:26:57] Merging ready job job-mt27agel-tjdh5 (ai-financing-update-202608) from post/ai-financing-update-202608-w3
[2026-08-20 20:26:57] Defer merge of ai-financing-update-202608 - worker 3 still finishing this job
[2026-08-20 20:27:20] Assigning job job-mt27mjv6-ybx35 -> worker 3
[2026-08-20 20:27:20] Spawned worker 3 shell pid=14788 for job-mt27mjv6-ybx35 (attempt 1)
[2026-08-20 20:27:25] Merging ready job job-mt27agel-tjdh5 (ai-financing-update-202608) from post/ai-financing-update-202608-w3
[2026-08-20 20:27:25] Blessing ai-financing-update-202608 (post/ai-financing-update-202608-w3) - pausing other workers
[2026-08-20 20:27:38] merge-ready-job exit=0
[2026-08-20 20:27:38] merge-ready-job out: {
  "ok": true,
  "shipped": true,
  "branchDeleted": true,
  "deletedBranches": [
    "post/ai-financing-update-202608-w3"
  ],
  "log": [
    "merge start slug=ai-financing-update-202608 branch=post/ai-financing-update-202608-w3",
    "worktree: using existing branch tip",
    "fetched post/ai-financing-update-202608-w3 from worker clone C:\\Users\\ether\\AppData\\Local\\data-insights-blog-workers\\worker-3",
    "branch commits ahead of HEAD: 4",
    "post allowlist on branch: 26 files",
    "post files differing from HEAD: 0",
    "no stash (dirty-nonblocking)",
    "selective commit ok (9 files): public/images/capital-markets-ai-financing-update-202608-hero.png, scripts/qa-ai-financing-update-202608.mjs, scripts/smoke-test-viz-posts.mjs, src/components/PostVisualization.tsx, src/components/visualizations/AiFinancingUpdate202608Dashboard.tsx, src/data/ai-financing-update-202608-data.ts, src/data/posts.ts, src/data/theme-registry.ts",
    "closed shipped branch(es): post/ai-financing-update-202608-w3"
  ]
}
[2026-08-20 20:27:38] Blessed merge ok - syncing worker clones from main
[2026-08-20 20:27:44] sync-worker-clones exit=2 h": "C:\\Users\\ether\\AppData\\Local\\data-insights-blog-workers\\worker-4",
      "ok": true,
      "action": "fetch-only-dirty",
      "detail": "in-progress clone has local changes; rebase deferred"
    },
    {
      "id": 5,
      "path": "C:\\Users\\ether\\AppData\\Local\\data-insights-blog-workers\\worker-5",
      "ok": false,
      "action": "rebase_conflict",
      "detail": "Auto-merging src/components/PostVisualization.tsx\nAuto-merging src/data/theme-registry.ts\nAuto-merging src/types/post.ts\nCONFLICT (content): Merge conflict in src/types/post.ts\nRebasing (1/3)\rRebasing (2/3)\rerror: could not apply abdb31b... wip(ai-capex-intensity-update-2026q3): dashboard + viz wireup\nhint: Resolve all conflicts manually, mark them as resolved with\nhint: \"git add/rm <conflicted_files>\", then run \"git rebase --continue\".\nhint: You can instead skip this commit: run \"git rebase --skip\".\nhint: To abort and get back to the state before \"git rebase\", run \"git rebase --abort\".\nhint: Disable this message with \"git config set advice.mergeConflict false\"\nCould not apply abdb31b... # wip(ai-capex-intensity-update-2026q3): dashboard + viz wireup"
    }
  ]
}
[2026-08-20 20:27:45] Shipped: ai-financing-update-202608 | duration_sec=562
[2026-08-20 20:27:45] Closed branch(es) after merge: post/ai-financing-update-202608-w3
[2026-08-20 20:28:57] Merging ready job job-mt27agel-vtn96 (ai-supply-chain-update-2026q3) from post/ai-supply-chain-update-2026q3-w2
[2026-08-20 20:28:57] Defer merge of ai-supply-chain-update-2026q3 - worker 2 still finishing this job
[2026-08-20 20:29:19] Assigning job job-mt27p446-55iph -> worker 2
[2026-08-20 20:29:20] Spawned worker 2 shell pid=12788 for job-mt27p446-55iph (attempt 1)
[2026-08-20 20:29:24] Merging ready job job-mt27agel-vtn96 (ai-supply-chain-update-2026q3) from post/ai-supply-chain-update-2026q3-w2
[2026-08-20 20:29:24] Blessing ai-supply-chain-update-2026q3 (post/ai-supply-chain-update-2026q3-w2) - pausing other workers
[2026-08-20 20:29:39] merge-ready-job exit=0
[2026-08-20 20:29:39] merge-ready-job out: {
  "ok": true,
  "shipped": true,
  "branchDeleted": true,
  "deletedBranches": [
    "post/ai-supply-chain-update-2026q3-w2"
  ],
  "log": [
    "merge start slug=ai-supply-chain-update-2026q3 branch=post/ai-supply-chain-update-2026q3-w2",
    "worktree: using existing branch tip",
    "fetched post/ai-supply-chain-update-2026q3-w2 from worker clone C:\\Users\\ether\\AppData\\Local\\data-insights-blog-workers\\worker-2",
    "branch commits ahead of HEAD: 5",
    "post allowlist on branch: 22 files",
    "post files differing from HEAD: 0",
    "no stash (dirty-nonblocking)",
    "selective commit ok (9 files): public/images/industry-ai-supply-chain-update-2026q3-hero.png, scripts/qa-ai-supply-chain-update-2026q3.mjs, scripts/smoke-test-viz-posts.mjs, src/components/PostVisualization.tsx, src/components/visualizations/AiSupplyChainUpdate2026q3Dashboard.tsx, src/data/ai-supply-chain-update-2026q3-data.ts, src/data/posts.ts, src/data/theme-registry.ts",
    "closed shipped branch(es): post/ai-supply-chain-update-2026q3-w2"
  ]
}
[2026-08-20 20:29:39] Blessed merge ok - syncing worker clones from main
[2026-08-20 20:29:49] sync-worker-clones exit=2 ase\", run \"git rebase --abort\".\nhint: Disable this message with \"git config set advice.mergeConflict false\"\nCould not apply ed05712... # wip(ai-compute-demand-update-202608): dashboard + viz wireup"
    },
    {
      "id": 5,
      "path": "C:\\Users\\ether\\AppData\\Local\\data-insights-blog-workers\\worker-5",
      "ok": false,
      "action": "rebase_conflict",
      "detail": "Auto-merging src/components/PostVisualization.tsx\nAuto-merging src/data/theme-registry.ts\nAuto-merging src/types/post.ts\nCONFLICT (content): Merge conflict in src/types/post.ts\nRebasing (1/3)\rRebasing (2/3)\rerror: could not apply abdb31b... wip(ai-capex-intensity-update-2026q3): dashboard + viz wireup\nhint: Resolve all conflicts manually, mark them as resolved with\nhint: \"git add/rm <conflicted_files>\", then run \"git rebase --continue\".\nhint: You can instead skip this commit: run \"git rebase --skip\".\nhint: To abort and get back to the state before \"git rebase\", run \"git rebase --abort\".\nhint: Disable this message with \"git config set advice.mergeConflict false\"\nCould not apply abdb31b... # wip(ai-capex-intensity-update-2026q3): dashboard + viz wireup"
    }
  ]
}
[2026-08-20 20:29:50] Shipped: ai-supply-chain-update-2026q3 | duration_sec=710
[2026-08-20 20:29:50] Closed branch(es) after merge: post/ai-supply-chain-update-2026q3-w2
[2026-08-20 20:31:02] Merging ready job job-mt27e0ni-m95fr (macro-growth-trade-update-2026q3) from post/macro-growth-trade-update-2026q3-w1
[2026-08-20 20:31:03] Defer merge of macro-growth-trade-update-2026q3 - worker 1 still finishing this job
[2026-08-20 20:31:24] Assigning job job-mt27rswb-s2j4q -> worker 1
[2026-08-20 20:31:25] Spawned worker 1 shell pid=23236 for job-mt27rswb-s2j4q (attempt 1)
[2026-08-20 20:31:29] Merging ready job job-mt27e0ni-m95fr (macro-growth-trade-update-2026q3) from post/macro-growth-trade-update-2026q3-w1
[2026-08-20 20:31:29] Blessing macro-growth-trade-update-2026q3 (post/macro-growth-trade-update-2026q3-w1) - pausing other workers
[2026-08-20 20:31:44] merge-ready-job exit=0
[2026-08-20 20:31:44] merge-ready-job out: {
  "ok": true,
  "shipped": true,
  "branchDeleted": true,
  "deletedBranches": [
    "post/macro-growth-trade-update-2026q3-w1"
  ],
  "log": [
    "merge start slug=macro-growth-trade-update-2026q3 branch=post/macro-growth-trade-update-2026q3-w1",
    "worktree: using existing branch tip",
    "fetched post/macro-growth-trade-update-2026q3-w1 from worker clone C:\\Users\\ether\\AppData\\Local\\data-insights-blog-workers\\worker-1",
    "branch commits ahead of HEAD: 3",
    "post allowlist on branch: 22 files",
    "post files differing from HEAD: 0",
    "no stash (dirty-nonblocking)",
    "selective commit ok (9 files): public/images/economics-macro-growth-trade-update-2026q3-hero.png, scripts/qa-macro-growth-trade-update-2026q3.mjs, scripts/smoke-test-viz-posts.mjs, src/components/PostVisualization.tsx, src/components/visualizations/MacroGrowthTradeUpdate2026q3Dashboard.tsx, src/data/macro-growth-trade-update-2026q3-data.ts, src/data/posts.ts, src/data/theme-registry.ts",
    "closed shipped branch(es): post/macro-growth-trade-update-2026q3-w1"
  ]
}
[2026-08-20 20:31:44] Blessed merge ok - syncing worker clones from main
[2026-08-20 20:31:52] sync-worker-clones exit=2 "id": 4,
      "path": "C:\\Users\\ether\\AppData\\Local\\data-insights-blog-workers\\worker-4",
      "ok": false,
      "action": "rebase_conflict",
      "detail": "Auto-merging src/components/PostVisualization.tsx\nAuto-merging src/data/theme-registry.ts\nAuto-merging src/types/post.ts\nCONFLICT (content): Merge conflict in src/types/post.ts\nRebasing (1/4)\rRebasing (2/4)\rerror: could not apply ed05712... wip(ai-compute-demand-update-202608): dashboard + viz wireup\nhint: Resolve all conflicts manually, mark them as resolved with\nhint: \"git add/rm <conflicted_files>\", then run \"git rebase --continue\".\nhint: You can instead skip this commit: run \"git rebase --skip\".\nhint: To abort and get back to the state before \"git rebase\", run \"git rebase --abort\".\nhint: Disable this message with \"git config set advice.mergeConflict false\"\nCould not apply ed05712... # wip(ai-compute-demand-update-202608): dashboard + viz wireup"
    },
    {
      "id": 5,
      "path": "C:\\Users\\ether\\AppData\\Local\\data-insights-blog-workers\\worker-5",
      "ok": true,
      "action": "rebased post/ai-capex-intensity-update-2026q3-w5",
      "detail": null
    }
  ]
}
[2026-08-20 20:31:52] Shipped: macro-growth-trade-update-2026q3 | duration_sec=669
[2026-08-20 20:31:52] Closed branch(es) after merge: post/macro-growth-trade-update-2026q3-w1
[2026-08-20 20:32:00] W5 idle (no recovery candidate) - assigning producer job-mt27sjiv-matso (demographic-cash-flows-update-202608)
[2026-08-20 20:32:00] Assigning job job-mt27sjiv-matso -> worker 5
[2026-08-20 20:32:00] Spawned worker 5 shell pid=29884 for job-mt27sjiv-matso (attempt 1)
[2026-08-20 20:32:04] Merging ready job job-mt27agel-yc2ye (ai-capex-intensity-update-2026q3) from post/ai-capex-intensity-update-2026q3-w5
[2026-08-20 20:32:04] Blessing ai-capex-intensity-update-2026q3 (post/ai-capex-intensity-update-2026q3-w5) - pausing other workers
[2026-08-20 20:32:15] merge-ready-job exit=0
[2026-08-20 20:32:15] merge-ready-job out: {
  "ok": true,
  "shipped": true,
  "branchDeleted": true,
  "deletedBranches": [
    "post/ai-capex-intensity-update-2026q3-w5"
  ],
  "log": [
    "merge start slug=ai-capex-intensity-update-2026q3 branch=post/ai-capex-intensity-update-2026q3-w5",
    "worktree: using existing branch tip",
    "fetched post/ai-capex-intensity-update-2026q3-w5 from worker clone C:\\Users\\ether\\AppData\\Local\\data-insights-blog-workers\\worker-5",
    "branch commits ahead of HEAD: 3",
    "post allowlist on branch: 42 files",
    "post files differing from HEAD: 0",
    "no stash (dirty-nonblocking)",
    "selective commit ok (9 files): public/images/capital-markets-ai-capex-intensity-update-2026q3-hero.png, scripts/qa-ai-capex-intensity-update-2026q3.mjs, scripts/smoke-test-viz-posts.mjs, src/components/PostVisualization.tsx, src/components/visualizations/AiCapexIntensityUpdate2026q3Dashboard.tsx, src/data/ai-capex-intensity-update-2026q3-data.ts, src/data/posts.ts, src/data/theme-registry.ts",
    "closed shipped branch(es): post/ai-capex-intensity-update-2026q3-w5"
  ]
}
[2026-08-20 20:32:15] Blessed merge ok - syncing worker clones from main
[2026-08-20 20:32:20] sync-worker-clones exit=2 : 4,
      "path": "C:\\Users\\ether\\AppData\\Local\\data-insights-blog-workers\\worker-4",
      "ok": false,
      "action": "rebase_conflict",
      "detail": "Auto-merging src/components/PostVisualization.tsx\nAuto-merging src/data/theme-registry.ts\nAuto-merging src/types/post.ts\nCONFLICT (content): Merge conflict in src/types/post.ts\nRebasing (1/4)\rRebasing (2/4)\rerror: could not apply ed05712... wip(ai-compute-demand-update-202608): dashboard + viz wireup\nhint: Resolve all conflicts manually, mark them as resolved with\nhint: \"git add/rm <conflicted_files>\", then run \"git rebase --continue\".\nhint: You can instead skip this commit: run \"git rebase --skip\".\nhint: To abort and get back to the state before \"git rebase\", run \"git rebase --abort\".\nhint: Disable this message with \"git config set advice.mergeConflict false\"\nCould not apply ed05712... # wip(ai-compute-demand-update-202608): dashboard + viz wireup"
    },
    {
      "id": 5,
      "path": "C:\\Users\\ether\\AppData\\Local\\data-insights-blog-workers\\worker-5",
      "ok": true,
      "action": "rebased post/demographic-cash-flows-update-202608-w5",
      "detail": null
    }
  ]
}
[2026-08-20 20:32:21] Shipped: ai-capex-intensity-update-2026q3 | duration_sec=648
[2026-08-20 20:32:21] Closed branch(es) after merge: post/ai-capex-intensity-update-2026q3-w5
[2026-08-20 20:33:10] Merging ready job job-mt27e0ni-pul9m (ai-compute-demand-update-202608) from post/ai-compute-demand-update-202608-w4
[2026-08-20 20:33:10] Defer merge of ai-compute-demand-update-202608 - worker 4 still finishing this job
[2026-08-20 20:33:33] Merging ready job job-mt27e0ni-pul9m (ai-compute-demand-update-202608) from post/ai-compute-demand-update-202608-w4
[2026-08-20 20:33:33] Blessing ai-compute-demand-update-202608 (post/ai-compute-demand-update-202608-w4) - pausing other workers
[2026-08-20 20:33:45] merge-ready-job exit=0
[2026-08-20 20:33:45] merge-ready-job out: {
  "ok": true,
  "shipped": true,
  "branchDeleted": true,
  "deletedBranches": [
    "post/ai-compute-demand-update-202608-w4"
  ],
  "log": [
    "merge start slug=ai-compute-demand-update-202608 branch=post/ai-compute-demand-update-202608-w4",
    "worktree: using existing branch tip",
    "fetched post/ai-compute-demand-update-202608-w4 from worker clone C:\\Users\\ether\\AppData\\Local\\data-insights-blog-workers\\worker-4",
    "branch commits ahead of HEAD: 5",
    "post allowlist on branch: 26 files",
    "post files differing from HEAD: 0",
    "no stash (dirty-nonblocking)",
    "selective commit ok (9 files): public/images/technology-ai-compute-demand-update-202608-hero.png, scripts/qa-ai-compute-demand-update-202608.mjs, scripts/smoke-test-viz-posts.mjs, src/components/PostVisualization.tsx, src/components/visualizations/AiComputeDemandUpdate202608Dashboard.tsx, src/data/ai-compute-demand-update-202608-data.ts, src/data/posts.ts, src/data/theme-registry.ts",
    "closed shipped branch(es): post/ai-compute-demand-update-202608-w4"
  ]
}
[2026-08-20 20:33:45] Blessed merge ok - syncing worker clones from main
[2026-08-20 20:33:50] sync-worker-clones exit=2 Merge conflict in src/components/PostVisualization.tsx\nAuto-merging src/data/theme-registry.ts\nAuto-merging src/types/post.ts\nCONFLICT (content): Merge conflict in src/types/post.ts\nRebasing (1/3)\rRebasing (2/3)\rerror: could not apply b10ab20... wip(consumer-finance-markets-update-202608): dashboard + viz wireup\nhint: Resolve all conflicts manually, mark them as resolved with\nhint: \"git add/rm <conflicted_files>\", then run \"git rebase --continue\".\nhint: You can instead skip this commit: run \"git rebase --skip\".\nhint: To abort and get back to the state before \"git rebase\", run \"git rebase --abort\".\nhint: Disable this message with \"git config set advice.mergeConflict false\"\nCould not apply b10ab20... # wip(consumer-finance"
    },
    {
      "id": 4,
      "path": "C:\\Users\\ether\\AppData\\Local\\data-insights-blog-workers\\worker-4",
      "ok": true,
      "action": "reset-excluded",
      "detail": null
    },
    {
      "id": 5,
      "path": "C:\\Users\\ether\\AppData\\Local\\data-insights-blog-workers\\worker-5",
      "ok": true,
      "action": "rebased post/demographic-cash-flows-update-202608-w5",
      "detail": null
    }
  ]
}
[2026-08-20 20:33:50] Shipped: ai-compute-demand-update-202608 | duration_sec=762
[2026-08-20 20:33:50] Closed branch(es) after merge: post/ai-compute-demand-update-202608-w4
[2026-08-20 20:33:57] Assigning job job-mt27v2lp-1orwe -> worker 4
[2026-08-20 20:33:58] Spawned worker 4 shell pid=11104 for job-mt27v2lp-1orwe (attempt 1)
[2026-08-20 20:38:13] Merging ready job job-mt27mjv6-ybx35 (consumer-finance-markets-update-202608) from post/consumer-finance-markets-update-202608-w3
[2026-08-20 20:38:13] Defer merge of consumer-finance-markets-update-202608 - worker 3 still finishing this job
[2026-08-20 20:38:35] Assigning job job-mt2810ov-ol2lw -> worker 3
[2026-08-20 20:38:35] Spawned worker 3 shell pid=18788 for job-mt2810ov-ol2lw (attempt 1)
[2026-08-20 20:38:40] Merging ready job job-mt27mjv6-ybx35 (consumer-finance-markets-update-202608) from post/consumer-finance-markets-update-202608-w3
[2026-08-20 20:38:40] Blessing consumer-finance-markets-update-202608 (post/consumer-finance-markets-update-202608-w3) - pausing other workers
[2026-08-20 20:38:54] merge-ready-job exit=0
[2026-08-20 20:38:54] merge-ready-job out: {
  "ok": true,
  "shipped": true,
  "branchDeleted": true,
  "deletedBranches": [
    "post/consumer-finance-markets-update-202608-w3"
  ],
  "log": [
    "merge start slug=consumer-finance-markets-update-202608 branch=post/consumer-finance-markets-update-202608-w3",
    "worktree: using existing branch tip",
    "fetched post/consumer-finance-markets-update-202608-w3 from worker clone C:\\Users\\ether\\AppData\\Local\\data-insights-blog-workers\\worker-3",
    "branch commits ahead of HEAD: 3",
    "post allowlist on branch: 27 files",
    "post files differing from HEAD: 0",
    "no stash (dirty-nonblocking)",
    "selective commit ok (9 files): public/images/consumer-finance-consumer-finance-markets-update-202608-hero.png, scripts/qa-consumer-finance-markets-update-202608.mjs, scripts/smoke-test-viz-posts.mjs, src/components/PostVisualization.tsx, src/components/visualizations/ConsumerFinanceMarketsUpdate202608Dashboard.tsx, src/data/consumer-finance-markets-update-202608-data.ts, src/data/posts.ts, src/data/theme-registry.ts",
    "closed shipped branch(es): post/consumer-finance-markets-update-202608-w3"
  ]
}
[2026-08-20 20:38:54] Blessed merge ok - syncing worker clones from main
[2026-08-20 20:39:03] sync-worker-clones exit=2 skip\".\nhint: To abort and get back to the state before \"git rebase\", run \"git rebase --abort\".\nhint: Disable this message with \"git config set advice.merge"
    },
    {
      "id": 5,
      "path": "C:\\Users\\ether\\AppData\\Local\\data-insights-blog-workers\\worker-5",
      "ok": false,
      "action": "rebase_conflict",
      "detail": "Auto-merging scripts/smoke-test-viz-posts.mjs\nAuto-merging src/components/PostVisualization.tsx\nAuto-merging src/data/theme-registry.ts\nAuto-merging src/types/post.ts\nCONFLICT (content): Merge conflict in src/types/post.ts\nRebasing (1/2)\rRebasing (2/2)\rerror: could not apply a908f64... wip(demographic-cash-flows-update-202608): dashboard + viz wireup\nhint: Resolve all conflicts manually, mark them as resolved with\nhint: \"git add/rm <conflicted_files>\", then run \"git rebase --continue\".\nhint: You can instead skip this commit: run \"git rebase --skip\".\nhint: To abort and get back to the state before \"git rebase\", run \"git rebase --abort\".\nhint: Disable this message with \"git config set advice.mergeConflict false\"\nCould not apply a908f64... # wip(demographic-cash-flows-update-202608): dashboar"
    }
  ]
}
[2026-08-20 20:39:04] Shipped: consumer-finance-markets-update-202608 | duration_sec=701
[2026-08-20 20:39:04] Closed branch(es) after merge: post/consumer-finance-markets-update-202608-w3
[2026-08-20 20:42:04] Merging ready job job-mt27rswb-s2j4q (fiscal-plumbing-update-2026) from post/fiscal-plumbing-update-2026-w1
[2026-08-20 20:42:04] Defer merge of fiscal-plumbing-update-2026 - worker 1 still finishing this job
[2026-08-20 20:42:26] Assigning job job-mt285z70-bqp4d -> worker 1
[2026-08-20 20:42:26] Spawned worker 1 shell pid=5616 for job-mt285z70-bqp4d (attempt 1)
[2026-08-20 20:42:30] Merging ready job job-mt27rswb-s2j4q (fiscal-plumbing-update-2026) from post/fiscal-plumbing-update-2026-w1
[2026-08-20 20:42:31] Blessing fiscal-plumbing-update-2026 (post/fiscal-plumbing-update-2026-w1) - pausing other workers
[2026-08-20 20:42:46] merge-ready-job exit=0
[2026-08-20 20:42:46] merge-ready-job out: {
  "ok": true,
  "shipped": true,
  "branchDeleted": true,
  "deletedBranches": [
    "post/fiscal-plumbing-update-2026-w1"
  ],
  "log": [
    "merge start slug=fiscal-plumbing-update-2026 branch=post/fiscal-plumbing-update-2026-w1",
    "worktree: using existing branch tip",
    "fetched post/fiscal-plumbing-update-2026-w1 from worker clone C:\\Users\\ether\\AppData\\Local\\data-insights-blog-workers\\worker-1",
    "branch commits ahead of HEAD: 5",
    "post allowlist on branch: 18 files",
    "post files differing from HEAD: 0",
    "no stash (dirty-nonblocking)",
    "selective commit ok (9 files): public/images/global-systems-fiscal-plumbing-update-2026-hero.png, scripts/qa-fiscal-plumbing-update-2026.mjs, scripts/smoke-test-viz-posts.mjs, src/components/PostVisualization.tsx, src/components/visualizations/FiscalPlumbingUpdate2026Dashboard.tsx, src/data/fiscal-plumbing-update-2026-data.ts, src/data/posts.ts, src/data/theme-registry.ts",
    "closed shipped branch(es): post/fiscal-plumbing-update-2026-w1"
  ]
}
[2026-08-20 20:42:46] Blessed merge ok - syncing worker clones from main
[2026-08-20 20:42:53] sync-worker-clones exit=2 skip\".\nhint: To abort and get back to the state before \"git rebase\", run \"git rebase --abort\".\nhint: Disable this message with \"git config set advice.merge"
    },
    {
      "id": 5,
      "path": "C:\\Users\\ether\\AppData\\Local\\data-insights-blog-workers\\worker-5",
      "ok": false,
      "action": "rebase_conflict",
      "detail": "Auto-merging scripts/smoke-test-viz-posts.mjs\nAuto-merging src/components/PostVisualization.tsx\nAuto-merging src/data/theme-registry.ts\nAuto-merging src/types/post.ts\nCONFLICT (content): Merge conflict in src/types/post.ts\nRebasing (1/3)\rRebasing (2/3)\rerror: could not apply a908f64... wip(demographic-cash-flows-update-202608): dashboard + viz wireup\nhint: Resolve all conflicts manually, mark them as resolved with\nhint: \"git add/rm <conflicted_files>\", then run \"git rebase --continue\".\nhint: You can instead skip this commit: run \"git rebase --skip\".\nhint: To abort and get back to the state before \"git rebase\", run \"git rebase --abort\".\nhint: Disable this message with \"git config set advice.mergeConflict false\"\nCould not apply a908f64... # wip(demographic-cash-flows-update-202608): dashboar"
    }
  ]
}
[2026-08-20 20:42:54] Shipped: fiscal-plumbing-update-2026 | duration_sec=687
[2026-08-20 20:42:54] Closed branch(es) after merge: post/fiscal-plumbing-update-2026-w1
[2026-08-20 20:43:00] Assigning job job-mt286px5-c6c1j -> worker 2
[2026-08-20 20:43:01] Spawned worker 2 shell pid=27884 for job-mt286px5-c6c1j (attempt 1)
[2026-08-20 20:43:05] Merging ready job job-mt27p446-55iph (bank-commercial-credit-update-2026) from post/bank-commercial-credit-update-2026-w2
[2026-08-20 20:43:06] Blessing bank-commercial-credit-update-2026 (post/bank-commercial-credit-update-2026-w2) - pausing other workers
[2026-08-20 20:43:18] merge-ready-job exit=0
[2026-08-20 20:43:18] merge-ready-job out: {
  "ok": true,
  "shipped": true,
  "branchDeleted": true,
  "deletedBranches": [
    "post/bank-commercial-credit-update-2026-w2"
  ],
  "log": [
    "merge start slug=bank-commercial-credit-update-2026 branch=post/bank-commercial-credit-update-2026-w2",
    "worktree: using existing branch tip",
    "fetched post/bank-commercial-credit-update-2026-w2 from worker clone C:\\Users\\ether\\AppData\\Local\\data-insights-blog-workers\\worker-2",
    "branch commits ahead of HEAD: 3",
    "post allowlist on branch: 18 files",
    "post files differing from HEAD: 0",
    "no stash (dirty-nonblocking)",
    "selective commit ok (9 files): public/images/finance-bank-commercial-credit-update-2026-hero.png, scripts/qa-bank-commercial-credit-update-2026.mjs, scripts/smoke-test-viz-posts.mjs, src/components/PostVisualization.tsx, src/components/visualizations/BankCommercialCreditUpdateDashboard.tsx, src/data/bank-commercial-credit-update-2026-data.ts, src/data/posts.ts, src/data/theme-registry.ts",
    "closed shipped branch(es): post/bank-commercial-credit-update-2026-w2"
  ]
}
[2026-08-20 20:43:18] Blessed merge ok - syncing worker clones from main
[2026-08-20 20:43:25] sync-worker-clones exit=2 skip\".\nhint: To abort and get back to the state before \"git rebase\", run \"git rebase --abort\".\nhint: Disable this message with \"git config set advice.merge"
    },
    {
      "id": 5,
      "path": "C:\\Users\\ether\\AppData\\Local\\data-insights-blog-workers\\worker-5",
      "ok": false,
      "action": "rebase_conflict",
      "detail": "Auto-merging scripts/smoke-test-viz-posts.mjs\nAuto-merging src/components/PostVisualization.tsx\nAuto-merging src/data/theme-registry.ts\nAuto-merging src/types/post.ts\nCONFLICT (content): Merge conflict in src/types/post.ts\nRebasing (1/3)\rRebasing (2/3)\rerror: could not apply a908f64... wip(demographic-cash-flows-update-202608): dashboard + viz wireup\nhint: Resolve all conflicts manually, mark them as resolved with\nhint: \"git add/rm <conflicted_files>\", then run \"git rebase --continue\".\nhint: You can instead skip this commit: run \"git rebase --skip\".\nhint: To abort and get back to the state before \"git rebase\", run \"git rebase --abort\".\nhint: Disable this message with \"git config set advice.mergeConflict false\"\nCould not apply a908f64... # wip(demographic-cash-flows-update-202608): dashboar"
    }
  ]
}
[2026-08-20 20:43:25] Shipped: bank-commercial-credit-update-2026 | duration_sec=842
[2026-08-20 20:43:25] Closed branch(es) after merge: post/bank-commercial-credit-update-2026-w2
[2026-08-20 20:44:44] Merging ready job job-mt27v2lp-1orwe (industrial-robotics-concentration-2026) from post/industrial-robotics-concentration-2026-w4
[2026-08-20 20:44:44] Defer merge of industrial-robotics-concentration-2026 - worker 4 still finishing this job
[2026-08-20 20:45:06] Assigning job job-mt289efi-mwxoh -> worker 4
[2026-08-20 20:45:06] Spawned worker 4 shell pid=30032 for job-mt289efi-mwxoh (attempt 1)
[2026-08-20 20:45:10] Merging ready job job-mt27v2lp-1orwe (industrial-robotics-concentration-2026) from post/industrial-robotics-concentration-2026-w4
[2026-08-20 20:45:10] Blessing industrial-robotics-concentration-2026 (post/industrial-robotics-concentration-2026-w4) - pausing other workers
[2026-08-20 20:45:21] merge-ready-job exit=0
[2026-08-20 20:45:21] merge-ready-job out: {
  "ok": true,
  "shipped": true,
  "branchDeleted": true,
  "deletedBranches": [
    "post/industrial-robotics-concentration-2026-w4"
  ],
  "log": [
    "merge start slug=industrial-robotics-concentration-2026 branch=post/industrial-robotics-concentration-2026-w4",
    "worktree: using existing branch tip",
    "fetched post/industrial-robotics-concentration-2026-w4 from worker clone C:\\Users\\ether\\AppData\\Local\\data-insights-blog-workers\\worker-4",
    "branch commits ahead of HEAD: 4",
    "post allowlist on branch: 30 files",
    "post files differing from HEAD: 0",
    "no stash (dirty-nonblocking)",
    "selective commit ok (9 files): public/images/industry-industrial-robotics-concentration-2026-hero.png, scripts/qa-industrial-robotics-concentration-2026.mjs, scripts/smoke-test-viz-posts.mjs, src/components/PostVisualization.tsx, src/components/visualizations/IndustrialRoboticsConcentrationDashboard.tsx, src/data/industrial-robotics-concentration-2026-data.ts, src/data/posts.ts, src/data/theme-registry.ts",
    "closed shipped branch(es): post/industrial-robotics-concentration-2026-w4"
  ]
}
[2026-08-20 20:45:21] Blessed merge ok - syncing worker clones from main
[2026-08-20 20:45:26] sync-worker-clones exit=2 cal\\data-insights-blog-workers\\worker-4",
      "ok": true,
      "action": "rebased post/geopolitics-institutions-concentration-2026-w4",
      "detail": null
    },
    {
      "id": 5,
      "path": "C:\\Users\\ether\\AppData\\Local\\data-insights-blog-workers\\worker-5",
      "ok": false,
      "action": "rebase_conflict",
      "detail": "Auto-merging scripts/smoke-test-viz-posts.mjs\nAuto-merging src/components/PostVisualization.tsx\nAuto-merging src/data/theme-registry.ts\nAuto-merging src/types/post.ts\nCONFLICT (content): Merge conflict in src/types/post.ts\nRebasing (1/4)\rRebasing (2/4)\rerror: could not apply a908f64... wip(demographic-cash-flows-update-202608): dashboard + viz wireup\nhint: Resolve all conflicts manually, mark them as resolved with\nhint: \"git add/rm <conflicted_files>\", then run \"git rebase --continue\".\nhint: You can instead skip this commit: run \"git rebase --skip\".\nhint: To abort and get back to the state before \"git rebase\", run \"git rebase --abort\".\nhint: Disable this message with \"git config set advice.mergeConflict false\"\nCould not apply a908f64... # wip(demographic-cash-flows-update-202608): dashboar"
    }
  ]
}
[2026-08-20 20:45:26] Shipped: industrial-robotics-concentration-2026 | duration_sec=687
[2026-08-20 20:45:26] Closed branch(es) after merge: post/industrial-robotics-concentration-2026-w4
[2026-08-20 20:45:54] Merging ready job job-mt27sjiv-matso (demographic-cash-flows-update-202608) from post/demographic-cash-flows-update-202608-w5
[2026-08-20 20:45:54] Defer merge of demographic-cash-flows-update-202608 - worker 5 still finishing this job
[2026-08-20 20:46:15] Worker 5 marked busy but process gone - clearing slot (job=job-mt27sjiv-matso)
[2026-08-20 20:46:16] W5 idle (no recovery candidate) - assigning producer job-mt28awi4-n5bjk (migration-humanitarian-update-2026)
[2026-08-20 20:46:16] Assigning job job-mt28awi4-n5bjk -> worker 5
[2026-08-20 20:46:16] Spawned worker 5 shell pid=26008 for job-mt28awi4-n5bjk (attempt 1)
[2026-08-20 20:46:20] Merging ready job job-mt27sjiv-matso (demographic-cash-flows-update-202608) from post/demographic-cash-flows-update-202608-w5
[2026-08-20 20:46:21] Blessing demographic-cash-flows-update-202608 (post/demographic-cash-flows-update-202608-w5) - pausing other workers
[2026-08-20 20:46:31] merge-ready-job exit=0
[2026-08-20 20:46:31] merge-ready-job out: {
  "ok": true,
  "shipped": true,
  "branchDeleted": true,
  "deletedBranches": [
    "post/demographic-cash-flows-update-202608-w5"
  ],
  "log": [
    "merge start slug=demographic-cash-flows-update-202608 branch=post/demographic-cash-flows-update-202608-w5",
    "worktree: using existing branch tip",
    "fetched post/demographic-cash-flows-update-202608-w5 from worker clone C:\\Users\\ether\\AppData\\Local\\data-insights-blog-workers\\worker-5",
    "branch commits ahead of HEAD: 4",
    "post allowlist on branch: 26 files",
    "post files differing from HEAD: 0",
    "no stash (dirty-nonblocking)",
    "selective commit ok (9 files): public/images/global-systems-demographic-cash-flows-update-202608-hero.png, scripts/qa-demographic-cash-flows-update-202608.mjs, scripts/smoke-test-viz-posts.mjs, src/components/PostVisualization.tsx, src/components/visualizations/DemographicCashFlowsUpdate202608Dashboard.tsx, src/data/demographic-cash-flows-update-202608-data.ts, src/data/posts.ts, src/data/theme-registry.ts",
    "closed shipped branch(es): post/demographic-cash-flows-update-202608-w5"
  ]
}
[2026-08-20 20:46:31] Blessed merge ok - syncing worker clones from main
[2026-08-20 20:46:35] sync-worker-clones exit=0   {
      "id": 1,
      "path": "C:\\Users\\ether\\AppData\\Local\\data-insights-blog-workers\\worker-1",
      "ok": true,
      "action": "fetch-only-dirty",
      "detail": "in-progress clone has local changes; rebase deferred"
    },
    {
      "id": 2,
      "path": "C:\\Users\\ether\\AppData\\Local\\data-insights-blog-workers\\worker-2",
      "ok": true,
      "action": "rebased post/fiscal-industrial-policy-concentration-2026-w2",
      "detail": null
    },
    {
      "id": 3,
      "path": "C:\\Users\\ether\\AppData\\Local\\data-insights-blog-workers\\worker-3",
      "ok": true,
      "action": "rebased post/heavy-industrial-capacity-update-2026-w3",
      "detail": null
    },
    {
      "id": 4,
      "path": "C:\\Users\\ether\\AppData\\Local\\data-insights-blog-workers\\worker-4",
      "ok": true,
      "action": "rebased post/geopolitics-institutions-concentration-2026-w4",
      "detail": null
    },
    {
      "id": 5,
      "path": "C:\\Users\\ether\\AppData\\Local\\data-insights-blog-workers\\worker-5",
      "ok": true,
      "action": "rebased post/migration-humanitarian-update-2026-w5",
      "detail": null
    }
  ]
}
[2026-08-20 20:46:36] Shipped: demographic-cash-flows-update-202608 | duration_sec=873
[2026-08-20 20:46:36] Closed branch(es) after merge: post/demographic-cash-flows-update-202608-w5
[2026-08-20 20:52:27] Merging ready job job-mt2810ov-ol2lw (heavy-industrial-capacity-update-2026) from post/heavy-industrial-capacity-update-2026-w3
[2026-08-20 20:52:27] Defer merge of heavy-industrial-capacity-update-2026 - worker 3 still finishing this job
[2026-08-20 20:52:50] Merging ready job job-mt2810ov-ol2lw (heavy-industrial-capacity-update-2026) from post/heavy-industrial-capacity-update-2026-w3
[2026-08-20 20:52:50] Defer merge of heavy-industrial-capacity-update-2026 - worker 3 still finishing this job
[2026-08-20 20:53:13] Merging ready job job-mt2810ov-ol2lw (heavy-industrial-capacity-update-2026) from post/heavy-industrial-capacity-update-2026-w3
[2026-08-20 20:53:13] Blessing heavy-industrial-capacity-update-2026 (post/heavy-industrial-capacity-update-2026-w3) - pausing other workers
[2026-08-20 20:53:25] merge-ready-job exit=0
[2026-08-20 20:53:25] merge-ready-job out: {
  "ok": true,
  "shipped": true,
  "branchDeleted": true,
  "deletedBranches": [
    "post/heavy-industrial-capacity-update-2026-w3"
  ],
  "log": [
    "merge start slug=heavy-industrial-capacity-update-2026 branch=post/heavy-industrial-capacity-update-2026-w3",
    "worktree: using existing branch tip",
    "fetched post/heavy-industrial-capacity-update-2026-w3 from worker clone C:\\Users\\ether\\AppData\\Local\\data-insights-blog-workers\\worker-3",
    "branch commits ahead of HEAD: 3",
    "post allowlist on branch: 18 files",
    "post files differing from HEAD: 0",
    "no stash (dirty-nonblocking)",
    "selective commit ok (9 files): public/images/industry-heavy-industrial-capacity-update-2026-hero.png, scripts/qa-heavy-industrial-capacity-update-2026.mjs, scripts/smoke-test-viz-posts.mjs, src/components/PostVisualization.tsx, src/components/visualizations/HeavyIndustrialCapacityUpdate2026Dashboard.tsx, src/data/heavy-industrial-capacity-update-2026-data.ts, src/data/posts.ts, src/data/theme-registry.ts",
    "closed shipped branch(es): post/heavy-industrial-capacity-update-2026-w3"
  ]
}
[2026-08-20 20:53:25] Blessed merge ok - syncing worker clones from main
[2026-08-20 20:53:37] sync-worker-clones exit=2 "C:\\Users\\ether\\AppData\\Local\\data-insights-blog-workers\\worker-4",
      "ok": true,
      "action": "fetch-only-dirty",
      "detail": "in-progress clone has local changes; rebase deferred"
    },
    {
      "id": 5,
      "path": "C:\\Users\\ether\\AppData\\Local\\data-insights-blog-workers\\worker-5",
      "ok": false,
      "action": "rebase_conflict",
      "detail": "Auto-merging src/components/PostVisualization.tsx\nAuto-merging src/data/theme-registry.ts\nAuto-merging src/types/post.ts\nCONFLICT (content): Merge conflict in src/types/post.ts\nRebasing (1/3)\rRebasing (2/3)\rerror: could not apply 3c414e7... wip(migration-humanitarian-update-2026): dashboard + viz wireup\nhint: Resolve all conflicts manually, mark them as resolved with\nhint: \"git add/rm <conflicted_files>\", then run \"git rebase --continue\".\nhint: You can instead skip this commit: run \"git rebase --skip\".\nhint: To abort and get back to the state before \"git rebase\", run \"git rebase --abort\".\nhint: Disable this message with \"git config set advice.mergeConflict false\"\nCould not apply 3c414e7... # wip(migration-humanitarian-update-2026): dashboard + viz wireup"
    }
  ]
}
[2026-08-20 20:53:39] Shipped: heavy-industrial-capacity-update-2026 | duration_sec=901
[2026-08-20 20:53:39] Closed branch(es) after merge: post/heavy-industrial-capacity-update-2026-w3
[2026-08-20 20:53:47] Assigning job job-mt28kkk8-o9njv -> worker 3
[2026-08-20 20:53:48] Spawned worker 3 shell pid=32452 for job-mt28kkk8-o9njv (attempt 1)
[2026-08-20 20:56:15] Merging ready job job-mt285z70-bqp4d (measurement-science-update-202608) from post/measurement-science-update-202608-w1
[2026-08-20 20:56:15] Defer merge of measurement-science-update-202608 - worker 1 still finishing this job
[2026-08-20 20:56:37] Merging ready job job-mt285z70-bqp4d (measurement-science-update-202608) from post/measurement-science-update-202608-w1
[2026-08-20 20:56:37] Defer merge of measurement-science-update-202608 - worker 1 still finishing this job
[2026-08-20 20:56:59] Merging ready job job-mt289efi-mwxoh (geopolitics-institutions-concentration-2026) from post/geopolitics-institutions-concentration-2026-w4
[2026-08-20 20:57:00] Defer merge of geopolitics-institutions-concentration-2026 - worker 4 still finishing this job
[2026-08-20 20:57:07] Assigning job job-mt28outq-ijl20 -> worker 1
[2026-08-20 20:57:08] Spawned worker 1 shell pid=20664 for job-mt28outq-ijl20 (attempt 1)
[2026-08-20 20:57:13] Staggering next agent spawn by 20s (avoid concurrent Cursor connects)
[2026-08-20 20:57:33] Assigning job job-mt28outq-tpaoz -> worker 4
[2026-08-20 20:57:34] Spawned worker 4 shell pid=8364 for job-mt28outq-tpaoz (attempt 1)
[2026-08-20 20:57:38] Merging ready job job-mt289efi-mwxoh (geopolitics-institutions-concentration-2026) from post/geopolitics-institutions-concentration-2026-w4
[2026-08-20 20:57:38] Blessing geopolitics-institutions-concentration-2026 (post/geopolitics-institutions-concentration-2026-w4) - pausing other workers
[2026-08-20 20:57:49] merge-ready-job exit=0
[2026-08-20 20:57:49] merge-ready-job out: {
  "ok": true,
  "shipped": true,
  "branchDeleted": true,
  "deletedBranches": [
    "post/geopolitics-institutions-concentration-2026-w4"
  ],
  "log": [
    "merge start slug=geopolitics-institutions-concentration-2026 branch=post/geopolitics-institutions-concentration-2026-w4",
    "worktree: using existing branch tip",
    "fetched post/geopolitics-institutions-concentration-2026-w4 from worker clone C:\\Users\\ether\\AppData\\Local\\data-insights-blog-workers\\worker-4",
    "branch commits ahead of HEAD: 5",
    "post allowlist on branch: 30 files",
    "post files differing from HEAD: 0",
    "no stash (dirty-nonblocking)",
    "selective commit ok (9 files): public/images/politics-geopolitics-institutions-concentration-2026-hero.png, scripts/qa-geopolitics-institutions-concentration-2026.mjs, scripts/smoke-test-viz-posts.mjs, src/components/PostVisualization.tsx, src/components/visualizations/GeopoliticsInstitutionsConcentrationDashboard.tsx, src/data/geopolitics-institutions-concentration-2026-data.ts, src/data/posts.ts, src/data/theme-registry.ts",
    "closed shipped branch(es): post/geopolitics-institutions-concentration-2026-w4"
  ]
}
[2026-08-20 20:57:49] Blessed merge ok - syncing worker clones from main
[2026-08-20 20:57:54] sync-worker-clones exit=2  could not apply 319454e... wip(fiscal-industrial-policy-concentration-2026): dashboard + viz wireup\nhint: Resolve all conflicts manually, mark them as resolved with\nhint: \"git add/rm <conflicted_files>\", then run \"git rebase --continue\".\nhint: You can instead skip this commit: run \"git rebase --skip\".\nhint: To abort and get back to the state before \"git rebase\", run \"git rebase --abort\".\nhint: Disable this message with \"git config set advice."
    },
    {
      "id": 3,
      "path": "C:\\Users\\ether\\AppData\\Local\\data-insights-blog-workers\\worker-3",
      "ok": true,
      "action": "fetch-only-dirty",
      "detail": "in-progress clone has local changes; rebase deferred"
    },
    {
      "id": 4,
      "path": "C:\\Users\\ether\\AppData\\Local\\data-insights-blog-workers\\worker-4",
      "ok": true,
      "action": "rebased post/ai-power-grid-update-202608-w4",
      "detail": null
    },
    {
      "id": 5,
      "path": "C:\\Users\\ether\\AppData\\Local\\data-insights-blog-workers\\worker-5",
      "ok": true,
      "action": "fetch-only-dirty",
      "detail": "in-progress clone has local changes; rebase deferred"
    }
  ]
}
[2026-08-20 20:57:55] Shipped: geopolitics-institutions-concentration-2026 | duration_sec=767
[2026-08-20 20:57:55] Closed branch(es) after merge: post/geopolitics-institutions-concentration-2026-w4
[2026-08-20 20:58:01] Merging ready job job-mt28awi4-n5bjk (migration-humanitarian-update-2026) from post/migration-humanitarian-update-2026-w5
[2026-08-20 20:58:02] Defer merge of migration-humanitarian-update-2026 - worker 5 still finishing this job
[2026-08-20 20:58:23] Assigning job job-mt28qhwg-0cxq2 -> worker 2
[2026-08-20 20:58:24] Spawned worker 2 shell pid=26076 for job-mt28qhwg-0cxq2 (attempt 1)
[2026-08-20 20:58:28] Staggering next agent spawn by 20s (avoid concurrent Cursor connects)
[2026-08-20 20:58:48] Assigning job job-mt28qhwg-x494y -> worker 4
[2026-08-20 20:58:48] Spawned worker 4 shell pid=6228 for job-mt28qhwg-x494y (attempt 1)
[2026-08-20 20:58:53] W5 idle (no recovery candidate) - assigning producer job-mt28qhwg-c9yb4 (adaptation-economics-concentration-2026)
[2026-08-20 20:58:53] Staggering next agent spawn by 20s (avoid concurrent Cursor connects)
[2026-08-20 20:59:13] Assigning job job-mt28qhwg-c9yb4 -> worker 5
[2026-08-20 20:59:14] Spawned worker 5 shell pid=14136 for job-mt28qhwg-c9yb4 (attempt 1)
[2026-08-20 20:59:18] Merging ready job job-mt28awi4-n5bjk (migration-humanitarian-update-2026) from post/migration-humanitarian-update-2026-w5
[2026-08-20 20:59:19] Blessing migration-humanitarian-update-2026 (post/migration-humanitarian-update-2026-w5) - pausing other workers
[2026-08-20 20:59:41] merge-ready-job exit=0
[2026-08-20 20:59:41] merge-ready-job out: {
  "ok": true,
  "shipped": true,
  "branchDeleted": true,
  "deletedBranches": [
    "post/migration-humanitarian-update-2026-w5"
  ],
  "log": [
    "merge start slug=migration-humanitarian-update-2026 branch=post/migration-humanitarian-update-2026-w5",
    "worktree: using existing branch tip",
    "fetched post/migration-humanitarian-update-2026-w5 from worker clone C:\\Users\\ether\\AppData\\Local\\data-insights-blog-workers\\worker-5",
    "branch commits ahead of HEAD: 4",
    "post allowlist on branch: 18 files",
    "post files differing from HEAD: 0",
    "no stash (dirty-nonblocking)",
    "selective commit ok (9 files): public/images/politics-migration-humanitarian-update-2026-hero.png, scripts/qa-migration-humanitarian-update-2026.mjs, scripts/smoke-test-viz-posts.mjs, src/components/PostVisualization.tsx, src/components/visualizations/MigrationHumanitarianUpdateDashboard.tsx, src/data/migration-humanitarian-update-2026-data.ts, src/data/posts.ts, src/data/theme-registry.ts",
    "closed shipped branch(es): post/migration-humanitarian-update-2026-w5"
  ]
}
[2026-08-20 20:59:41] Blessed merge ok - syncing worker clones from main
[2026-08-20 20:59:50] sync-worker-clones exit=0 
  "workers": [
    {
      "id": 1,
      "path": "C:\\Users\\ether\\AppData\\Local\\data-insights-blog-workers\\worker-1",
      "ok": true,
      "action": "rebased post/chokepoint-commodities-concentration-2026-w1",
      "detail": null
    },
    {
      "id": 2,
      "path": "C:\\Users\\ether\\AppData\\Local\\data-insights-blog-workers\\worker-2",
      "ok": true,
      "action": "rebased post/fiscal-plumbing-update-2026q3-w2",
      "detail": null
    },
    {
      "id": 3,
      "path": "C:\\Users\\ether\\AppData\\Local\\data-insights-blog-workers\\worker-3",
      "ok": true,
      "action": "fetch-only-dirty",
      "detail": "in-progress clone has local changes; rebase deferred"
    },
    {
      "id": 4,
      "path": "C:\\Users\\ether\\AppData\\Local\\data-insights-blog-workers\\worker-4",
      "ok": true,
      "action": "rebased post/energy-systems-update-202608-w4",
      "detail": null
    },
    {
      "id": 5,
      "path": "C:\\Users\\ether\\AppData\\Local\\data-insights-blog-workers\\worker-5",
      "ok": true,
      "action": "rebased post/adaptation-economics-concentration-2026-w5",
      "detail": null
    }
  ]
}
[2026-08-20 20:59:51] Shipped: migration-humanitarian-update-2026 | duration_sec=813
[2026-08-20 20:59:51] Closed branch(es) after merge: post/migration-humanitarian-update-2026-w5
[2026-08-20 21:00:02] W5 idle (no recovery candidate) - assigning producer job-mt28skwh-gdiqo (ai-financing-concentration-2026)
[2026-08-20 21:00:02] Assigning job job-mt28skwh-gdiqo -> worker 5
[2026-08-20 21:00:03] Spawned worker 5 shell pid=22728 for job-mt28skwh-gdiqo (attempt 1)
[2026-08-20 21:00:07] Merging ready job job-mt286px5-c6c1j (fiscal-industrial-policy-concentration-2026) from post/fiscal-industrial-policy-concentration-2026-w2
[2026-08-20 21:00:08] Blessing fiscal-industrial-policy-concentration-2026 (post/fiscal-industrial-policy-concentration-2026-w2) - pausing other workers
[2026-08-20 21:00:29] merge-ready-job exit=0
[2026-08-20 21:00:29] merge-ready-job out: {
  "ok": true,
  "shipped": true,
  "branchDeleted": true,
  "deletedBranches": [
    "post/fiscal-industrial-policy-concentration-2026-w2"
  ],
  "log": [
    "merge start slug=fiscal-industrial-policy-concentration-2026 branch=post/fiscal-industrial-policy-concentration-2026-w2",
    "worktree: using existing branch tip",
    "fetched post/fiscal-industrial-policy-concentration-2026-w2 from worker clone C:\\Users\\ether\\AppData\\Local\\data-insights-blog-workers\\worker-2",
    "branch commits ahead of HEAD: 4",
    "post allowlist on branch: 30 files",
    "post files differing from HEAD: 0",
    "no stash (dirty-nonblocking)",
    "selective commit ok (9 files): public/images/politics-fiscal-industrial-policy-concentration-2026-hero.png, scripts/qa-fiscal-industrial-policy-concentration-2026.mjs, scripts/smoke-test-viz-posts.mjs, src/components/PostVisualization.tsx, src/components/visualizations/FiscalIndustrialPolicyConcentrationDashboard.tsx, src/data/fiscal-industrial-policy-concentration-2026-data.ts, src/data/posts.ts, src/data/theme-registry.ts",
    "closed shipped branch(es): post/fiscal-industrial-policy-concentration-2026-w2"
  ]
}
[2026-08-20 21:00:29] Blessed merge ok - syncing worker clones from main
[2026-08-20 21:00:44] sync-worker-clones exit=0 026-w2",
  "workers": [
    {
      "id": 1,
      "path": "C:\\Users\\ether\\AppData\\Local\\data-insights-blog-workers\\worker-1",
      "ok": true,
      "action": "rebased post/chokepoint-commodities-concentration-2026-w1",
      "detail": null
    },
    {
      "id": 2,
      "path": "C:\\Users\\ether\\AppData\\Local\\data-insights-blog-workers\\worker-2",
      "ok": true,
      "action": "rebased post/fiscal-plumbing-update-2026q3-w2",
      "detail": null
    },
    {
      "id": 3,
      "path": "C:\\Users\\ether\\AppData\\Local\\data-insights-blog-workers\\worker-3",
      "ok": true,
      "action": "fetch-only-dirty",
      "detail": "in-progress clone has local changes; rebase deferred"
    },
    {
      "id": 4,
      "path": "C:\\Users\\ether\\AppData\\Local\\data-insights-blog-workers\\worker-4",
      "ok": true,
      "action": "rebased post/energy-systems-update-202608-w4",
      "detail": null
    },
    {
      "id": 5,
      "path": "C:\\Users\\ether\\AppData\\Local\\data-insights-blog-workers\\worker-5",
      "ok": true,
      "action": "rebased post/ai-financing-concentration-2026-w5",
      "detail": null
    }
  ]
}
[2026-08-20 21:00:45] Shipped: fiscal-industrial-policy-concentration-2026 | duration_sec=1062
[2026-08-20 21:00:45] Closed branch(es) after merge: post/fiscal-industrial-policy-concentration-2026-w2
[2026-08-20 21:00:55] Merging ready job job-mt285z70-bqp4d (measurement-science-update-202608) from post/measurement-science-update-202608-w1
[2026-08-20 21:00:55] Blessing measurement-science-update-202608 (post/measurement-science-update-202608-w1) - pausing other workers
[2026-08-20 21:01:16] merge-ready-job exit=0
[2026-08-20 21:01:16] merge-ready-job out: {
  "ok": true,
  "shipped": true,
  "branchDeleted": true,
  "deletedBranches": [
    "post/measurement-science-update-202608-w1"
  ],
  "log": [
    "merge start slug=measurement-science-update-202608 branch=post/measurement-science-update-202608-w1",
    "worktree: using existing branch tip",
    "fetched post/measurement-science-update-202608-w1 from worker clone C:\\Users\\ether\\AppData\\Local\\data-insights-blog-workers\\worker-1",
    "branch commits ahead of HEAD: 5",
    "post allowlist on branch: 25 files",
    "post files differing from HEAD: 0",
    "no stash (dirty-nonblocking)",
    "selective commit ok (9 files): public/images/global-systems-measurement-science-update-202608-hero.png, scripts/qa-measurement-science-update-202608.mjs, scripts/smoke-test-viz-posts.mjs, src/components/PostVisualization.tsx, src/components/visualizations/MeasurementScienceUpdate202608Dashboard.tsx, src/data/measurement-science-update-202608-data.ts, src/data/posts.ts, src/data/theme-registry.ts",
    "closed shipped branch(es): post/measurement-science-update-202608-w1"
  ]
}
[2026-08-20 21:01:16] Blessed merge ok - syncing worker clones from main
[2026-08-20 21:01:26] sync-worker-clones exit=0 
      "id": 1,
      "path": "C:\\Users\\ether\\AppData\\Local\\data-insights-blog-workers\\worker-1",
      "ok": true,
      "action": "fetch-only-dirty",
      "detail": "in-progress clone has local changes; rebase deferred"
    },
    {
      "id": 2,
      "path": "C:\\Users\\ether\\AppData\\Local\\data-insights-blog-workers\\worker-2",
      "ok": true,
      "action": "rebased post/fiscal-plumbing-update-2026q3-w2",
      "detail": null
    },
    {
      "id": 3,
      "path": "C:\\Users\\ether\\AppData\\Local\\data-insights-blog-workers\\worker-3",
      "ok": true,
      "action": "fetch-only-dirty",
      "detail": "in-progress clone has local changes; rebase deferred"
    },
    {
      "id": 4,
      "path": "C:\\Users\\ether\\AppData\\Local\\data-insights-blog-workers\\worker-4",
      "ok": true,
      "action": "fetch-only-dirty",
      "detail": "in-progress clone has local changes; rebase deferred"
    },
    {
      "id": 5,
      "path": "C:\\Users\\ether\\AppData\\Local\\data-insights-blog-workers\\worker-5",
      "ok": true,
      "action": "rebased post/ai-financing-concentration-2026-w5",
      "detail": null
    }
  ]
}
[2026-08-20 21:01:31] Shipped: measurement-science-update-202608 | duration_sec=1142
[2026-08-20 21:01:31] Closed branch(es) after merge: post/measurement-science-update-202608-w1
[2026-08-20 21:08:52] Merging ready job job-mt28kkk8-o9njv (ai-capex-spend-concentration-2026) from post/ai-capex-spend-concentration-2026-w3
[2026-08-20 21:08:53] Defer merge of ai-capex-spend-concentration-2026 - worker 3 still finishing this job
[2026-08-20 21:09:18] Merging ready job job-mt28kkk8-o9njv (ai-capex-spend-concentration-2026) from post/ai-capex-spend-concentration-2026-w3
[2026-08-20 21:09:19] Defer merge of ai-capex-spend-concentration-2026 - worker 3 still finishing this job
[2026-08-20 21:09:45] Merging ready job job-mt28kkk8-o9njv (ai-capex-spend-concentration-2026) from post/ai-capex-spend-concentration-2026-w3
[2026-08-20 21:09:46] Defer merge of ai-capex-spend-concentration-2026 - worker 3 still finishing this job
[2026-08-20 21:10:11] Assigning job job-mt295ne2-292xa -> worker 3
[2026-08-20 21:10:13] Spawned worker 3 shell pid=32380 for job-mt295ne2-292xa (attempt 1)
[2026-08-20 21:10:18] Merging ready job job-mt28kkk8-o9njv (ai-capex-spend-concentration-2026) from post/ai-capex-spend-concentration-2026-w3
[2026-08-20 21:10:18] Blessing ai-capex-spend-concentration-2026 (post/ai-capex-spend-concentration-2026-w3) - pausing other workers
[2026-08-20 21:10:51] merge-ready-job exit=0
[2026-08-20 21:10:51] merge-ready-job out: {
  "ok": true,
  "shipped": true,
  "branchDeleted": true,
  "deletedBranches": [
    "post/ai-capex-spend-concentration-2026-w3"
  ],
  "log": [
    "merge start slug=ai-capex-spend-concentration-2026 branch=post/ai-capex-spend-concentration-2026-w3",
    "worktree: using existing branch tip",
    "fetched post/ai-capex-spend-concentration-2026-w3 from worker clone C:\\Users\\ether\\AppData\\Local\\data-insights-blog-workers\\worker-3",
    "branch commits ahead of HEAD: 5",
    "post allowlist on branch: 46 files",
    "post files differing from HEAD: 0",
    "no stash (dirty-nonblocking)",
    "selective commit ok (9 files): public/images/capital-markets-ai-capex-spend-concentration-2026-hero.png, scripts/qa-ai-capex-spend-concentration-2026.mjs, scripts/smoke-test-viz-posts.mjs, src/components/PostVisualization.tsx, src/components/visualizations/AiCapexSpendConcentrationDashboard.tsx, src/data/ai-capex-spend-concentration-2026-data.ts, src/data/posts.ts, src/data/theme-registry.ts",
    "closed shipped branch(es): post/ai-capex-spend-concentration-2026-w3"
  ]
}
[2026-08-20 21:10:51] Blessed merge ok - syncing worker clones from main
[2026-08-20 21:11:20] sync-worker-clones exit=2 ore \"git rebase\", run \"git rebase --abort\".\nhint: Disable this message with \"git config set advice.mergeConflict false\"\nCould not apply cf831e9... # wip(energy-systems-update-202608): post prose + h"
    },
    {
      "id": 5,
      "path": "C:\\Users\\ether\\AppData\\Local\\data-insights-blog-workers\\worker-5",
      "ok": false,
      "action": "rebase_conflict",
      "detail": "Auto-merging src/components/PostVisualization.tsx\nAuto-merging src/data/theme-registry.ts\nAuto-merging src/types/post.ts\nCONFLICT (content): Merge conflict in src/types/post.ts\nRebasing (1/4)\rRebasing (2/4)\rerror: could not apply 975a77b... wip(ai-financing-concentration-2026): dashboard + viz wireup\nhint: Resolve all conflicts manually, mark them as resolved with\nhint: \"git add/rm <conflicted_files>\", then run \"git rebase --continue\".\nhint: You can instead skip this commit: run \"git rebase --skip\".\nhint: To abort and get back to the state before \"git rebase\", run \"git rebase --abort\".\nhint: Disable this message with \"git config set advice.mergeConflict false\"\nCould not apply 975a77b... # wip(ai-financing-concentration-2026): dashboard + viz wireup"
    }
  ]
}
[2026-08-20 21:11:26] Shipped: ai-capex-spend-concentration-2026 | duration_sec=1055
[2026-08-20 21:11:26] Closed branch(es) after merge: post/ai-capex-spend-concentration-2026-w3
[2026-08-20 21:14:55] Merging ready job job-mt28outq-ijl20 (chokepoint-commodities-concentration-2026) from post/chokepoint-commodities-concentration-2026-w1
[2026-08-20 21:14:55] Defer merge of chokepoint-commodities-concentration-2026 - worker 1 still finishing this job
[2026-08-20 21:15:20] Merging ready job job-mt28outq-ijl20 (chokepoint-commodities-concentration-2026) from post/chokepoint-commodities-concentration-2026-w1
[2026-08-20 21:15:21] Defer merge of chokepoint-commodities-concentration-2026 - worker 1 still finishing this job
[2026-08-20 21:15:45] Assigning job job-mt29ctam-zk7e6 -> worker 1
[2026-08-20 21:15:46] Spawned worker 1 shell pid=31028 for job-mt29ctam-zk7e6 (attempt 1)
[2026-08-20 21:15:57] Merging ready job job-mt28qhwg-0cxq2 (fiscal-plumbing-update-2026q3) from post/fiscal-plumbing-update-2026q3-w2
[2026-08-20 21:15:57] Defer merge of fiscal-plumbing-update-2026q3 - worker 2 still finishing this job
[2026-08-20 21:16:06] Merging ready job job-mt28qhwg-0cxq2 (fiscal-plumbing-update-2026q3) from post/fiscal-plumbing-update-2026q3-w2
[2026-08-20 21:16:07] Defer merge of fiscal-plumbing-update-2026q3 - worker 2 still finishing this job
[2026-08-20 21:16:16] Assigning job job-mt29dhg3-oj1oy -> worker 2
[2026-08-20 21:16:17] Spawned worker 2 shell pid=22168 for job-mt29dhg3-oj1oy (attempt 1)
[2026-08-20 21:16:22] Merging ready job job-mt28qhwg-0cxq2 (fiscal-plumbing-update-2026q3) from post/fiscal-plumbing-update-2026q3-w2
[2026-08-20 21:16:22] Blessing fiscal-plumbing-update-2026q3 (post/fiscal-plumbing-update-2026q3-w2) - pausing other workers
[2026-08-20 21:16:54] merge-ready-job exit=0
[2026-08-20 21:16:54] merge-ready-job out: {
  "ok": true,
  "shipped": true,
  "branchDeleted": true,
  "deletedBranches": [
    "post/fiscal-plumbing-update-2026q3-w2"
  ],
  "log": [
    "merge start slug=fiscal-plumbing-update-2026q3 branch=post/fiscal-plumbing-update-2026q3-w2",
    "worktree: using existing branch tip",
    "fetched post/fiscal-plumbing-update-2026q3-w2 from worker clone C:\\Users\\ether\\AppData\\Local\\data-insights-blog-workers\\worker-2",
    "branch commits ahead of HEAD: 3",
    "post allowlist on branch: 22 files",
    "post files differing from HEAD: 0",
    "no stash (dirty-nonblocking)",
    "selective commit ok (9 files): public/images/global-systems-fiscal-plumbing-update-2026q3-hero.png, scripts/qa-fiscal-plumbing-update-2026q3.mjs, scripts/smoke-test-viz-posts.mjs, src/components/PostVisualization.tsx, src/components/visualizations/FiscalPlumbingUpdate2026q3Dashboard.tsx, src/data/fiscal-plumbing-update-2026q3-data.ts, src/data/posts.ts, src/data/theme-registry.ts",
    "closed shipped branch(es): post/fiscal-plumbing-update-2026q3-w2"
  ]
}
[2026-08-20 21:16:54] Blessed merge ok - syncing worker clones from main
[2026-08-20 21:17:26] sync-worker-clones exit=2 ore \"git rebase\", run \"git rebase --abort\".\nhint: Disable this message with \"git config set advice.mergeConflict false\"\nCould not apply cf831e9... # wip(energy-systems-update-202608): post prose + h"
    },
    {
      "id": 5,
      "path": "C:\\Users\\ether\\AppData\\Local\\data-insights-blog-workers\\worker-5",
      "ok": false,
      "action": "rebase_conflict",
      "detail": "Auto-merging src/components/PostVisualization.tsx\nAuto-merging src/data/theme-registry.ts\nAuto-merging src/types/post.ts\nCONFLICT (content): Merge conflict in src/types/post.ts\nRebasing (1/5)\rRebasing (2/5)\rerror: could not apply 975a77b... wip(ai-financing-concentration-2026): dashboard + viz wireup\nhint: Resolve all conflicts manually, mark them as resolved with\nhint: \"git add/rm <conflicted_files>\", then run \"git rebase --continue\".\nhint: You can instead skip this commit: run \"git rebase --skip\".\nhint: To abort and get back to the state before \"git rebase\", run \"git rebase --abort\".\nhint: Disable this message with \"git config set advice.mergeConflict false\"\nCould not apply 975a77b... # wip(ai-financing-concentration-2026): dashboard + viz wireup"
    }
  ]
}
[2026-08-20 21:17:29] Shipped: fiscal-plumbing-update-2026q3 | duration_sec=1143
[2026-08-20 21:17:29] Closed branch(es) after merge: post/fiscal-plumbing-update-2026q3-w2
[2026-08-20 21:17:39] Merging ready job job-mt28outq-ijl20 (chokepoint-commodities-concentration-2026) from post/chokepoint-commodities-concentration-2026-w1
[2026-08-20 21:17:39] Blessing chokepoint-commodities-concentration-2026 (post/chokepoint-commodities-concentration-2026-w1) - pausing other workers
[2026-08-20 21:18:03] merge-ready-job exit=0
